{
  "type": "FeatureCollection",
  "name": "Critical_Dams_TOP50(GDW)",
  "crs": {
    "type": "name",
    "properties": { "name": "urn:ogc:def:crs:OGC:1.3:CRS84" }
  },
  "features": [
    {
      "type": "Feature",
      "properties": {
        "fid": 1,
        "GDW_ID": 25,
        "RES_NAME": "Balbina Reservoir",
        "DAM_NAME": "Balbina",
        "ALT_NAME": null,
        "DAM_TYPE": "Dam",
        "LAKE_CTRL": null,
        "RIVER": "Uatuma",
        "ALT_RIVER": null,
        "MAIN_BASIN": "Amazonas",
        "SUB_BASIN": null,
        "COUNTRY": "Brazil",
        "SEC_CNTRY": null,
        "ADMIN_UNIT": "Amazonas",
        "SEC_ADMIN": null,
        "NEAR_CITY": "Manaus",
        "ALT_CITY": null,
        "YEAR_DAM": 1987,
        "PRE_YEAR": -99,
        "YEAR_SRC": "GRanD",
        "ALT_YEAR": -99,
        "REM_YEAR": -99,
        "TIMELINE": null,
        "YEAR_TXT": "Built 1987",
        "DAM_HGT_M": 33,
        "ALT_HGT_M": -99,
        "DAM_LEN_M": 2920,
        "ALT_LEN_M": -99,
        "AREA_SKM": 2294.945,
        "AREA_POLY": 2294.945,
        "AREA_REP": 2360.0,
        "AREA_MAX": -99.0,
        "AREA_MIN": -99.0,
        "CAP_MCM": 17533.0,
        "CAP_MAX": -99.0,
        "CAP_REP": 17533.0,
        "CAP_MIN": 7778.0,
        "DEPTH_M": 7.6,
        "DIS_AVG_LS": 704488,
        "DOR_PC": 78.9,
        "ELEV_MASL": 36,
        "CATCH_SKM": 18895,
        "CATCH_REP": -99,
        "POWER_MW": -99,
        "DATA_INFO": null,
        "USE_IRRI": null,
        "USE_ELEC": "Main",
        "USE_SUPP": null,
        "USE_FCON": null,
        "USE_RECR": null,
        "USE_NAVI": null,
        "USE_FISH": null,
        "USE_PCON": null,
        "USE_LIVE": null,
        "USE_OTHR": null,
        "MAIN_USE": "Hydroelectricity",
        "MULTI_DAMS": null,
        "COMMENTS": null,
        "URL": null,
        "QUALITY": "2: Good",
        "EDITOR": "McGill-BL",
        "LONG_RIV": -59.477151,
        "LAT_RIV": -1.914499,
        "LONG_DAM": 0.0,
        "LAT_DAM": 0.0,
        "ORIG_SRC": "GRanD",
        "POLY_SRC": "SWBD",
        "GRAND_ID": 2363,
        "HYRIV_ID": 60525610,
        "INSTREAM": "Instream",
        "HYLAK_ID": 75,
        "HYBAS_L12": 6120251170,
        "Score_Tota": 8
      },
      "geometry": { "type": "Point", "coordinates": [-59.477151, -1.914499] }
    },
    {
      "type": "Feature",
      "properties": {
        "fid": 2,
        "GDW_ID": 27,
        "RES_NAME": "Itaparica",
        "DAM_NAME": "Sobradinho Main Dam",
        "ALT_NAME": "Sobradinho Reservoir; Bsobrandinho",
        "DAM_TYPE": "Dam",
        "LAKE_CTRL": null,
        "RIVER": "Sao Francisco",
        "ALT_RIVER": null,
        "MAIN_BASIN": "Sao Francisco",
        "SUB_BASIN": null,
        "COUNTRY": "Brazil",
        "SEC_CNTRY": null,
        "ADMIN_UNIT": "Bahia",
        "SEC_ADMIN": null,
        "NEAR_CITY": "Petrolina",
        "ALT_CITY": "Juazeiro",
        "YEAR_DAM": 1979,
        "PRE_YEAR": -99,
        "YEAR_SRC": "GRanD",
        "ALT_YEAR": -99,
        "REM_YEAR": -99,
        "TIMELINE": null,
        "YEAR_TXT": "Built 1979",
        "DAM_HGT_M": 43,
        "ALT_HGT_M": 41,
        "DAM_LEN_M": 8532,
        "ALT_LEN_M": -99,
        "AREA_SKM": 2604.265,
        "AREA_POLY": 2604.265,
        "AREA_REP": 4124.0,
        "AREA_MAX": 5000.0,
        "AREA_MIN": -99.0,
        "CAP_MCM": 34100.0,
        "CAP_MAX": -99.0,
        "CAP_REP": 34100.0,
        "CAP_MIN": -99.0,
        "DEPTH_M": 13.1,
        "DIS_AVG_LS": 2671621,
        "DOR_PC": 40.5,
        "ELEV_MASL": 384,
        "CATCH_SKM": 500632,
        "CATCH_REP": -99,
        "POWER_MW": -99,
        "DATA_INFO": null,
        "USE_IRRI": "Sec",
        "USE_ELEC": "Main",
        "USE_SUPP": null,
        "USE_FCON": null,
        "USE_RECR": null,
        "USE_NAVI": "Sec",
        "USE_FISH": null,
        "USE_PCON": null,
        "USE_LIVE": null,
        "USE_OTHR": null,
        "MAIN_USE": "Hydroelectricity",
        "MULTI_DAMS": null,
        "COMMENTS": "Polygon too small?",
        "URL": "http://en.wikipedia.org/wiki/Sobradinho",
        "QUALITY": "3: Fair",
        "EDITOR": "McGill-BL",
        "LONG_RIV": -40.824117,
        "LAT_RIV": -9.42266,
        "LONG_DAM": 0.0,
        "LAT_DAM": 0.0,
        "ORIG_SRC": "GRanD",
        "POLY_SRC": "McGill",
        "GRAND_ID": 2516,
        "HYRIV_ID": 60975854,
        "INSTREAM": "Instream",
        "HYLAK_ID": 77,
        "HYBAS_L12": 6120464720,
        "Score_Tota": 3
      },
      "geometry": { "type": "Point", "coordinates": [-40.824117, -9.42266] }
    },
    {
      "type": "Feature",
      "properties": {
        "fid": 3,
        "GDW_ID": 1129,
        "RES_NAME": null,
        "DAM_NAME": "Paredao",
        "ALT_NAME": "Coaracy Nunes",
        "DAM_TYPE": "Dam",
        "LAKE_CTRL": null,
        "RIVER": "Araguari",
        "ALT_RIVER": null,
        "MAIN_BASIN": "Amapari",
        "SUB_BASIN": null,
        "COUNTRY": "Brazil",
        "SEC_CNTRY": null,
        "ADMIN_UNIT": "Amapá",
        "SEC_ADMIN": null,
        "NEAR_CITY": "Macapa",
        "ALT_CITY": null,
        "YEAR_DAM": 1975,
        "PRE_YEAR": -99,
        "YEAR_SRC": "GRanD",
        "ALT_YEAR": -99,
        "REM_YEAR": -99,
        "TIMELINE": null,
        "YEAR_TXT": "Built 1975",
        "DAM_HGT_M": 43,
        "ALT_HGT_M": 36,
        "DAM_LEN_M": 547,
        "ALT_LEN_M": -99,
        "AREA_SKM": 22.182,
        "AREA_POLY": 22.182,
        "AREA_REP": 23.0,
        "AREA_MAX": -99.0,
        "AREA_MIN": -99.0,
        "CAP_MCM": 138.0,
        "CAP_MAX": -99.0,
        "CAP_REP": 138.0,
        "CAP_MIN": 113.0,
        "DEPTH_M": 6.2,
        "DIS_AVG_LS": 1028023,
        "DOR_PC": 0.4,
        "ELEV_MASL": 42,
        "CATCH_SKM": 31278,
        "CATCH_REP": -99,
        "POWER_MW": -99,
        "DATA_INFO": null,
        "USE_IRRI": null,
        "USE_ELEC": "Main",
        "USE_SUPP": null,
        "USE_FCON": null,
        "USE_RECR": null,
        "USE_NAVI": null,
        "USE_FISH": null,
        "USE_PCON": null,
        "USE_LIVE": null,
        "USE_OTHR": null,
        "MAIN_USE": "Hydroelectricity",
        "MULTI_DAMS": null,
        "COMMENTS": null,
        "URL": null,
        "QUALITY": "3: Fair",
        "EDITOR": "McGill-BL",
        "LONG_RIV": -51.261334,
        "LAT_RIV": 0.902189,
        "LONG_DAM": 0.0,
        "LAT_DAM": 0.0,
        "ORIG_SRC": "GRanD",
        "POLY_SRC": "SWBD",
        "GRAND_ID": 2362,
        "HYRIV_ID": 60355025,
        "INSTREAM": "Instream",
        "HYLAK_ID": 9962,
        "HYBAS_L12": 6121035440,
        "Score_Tota": 4
      },
      "geometry": { "type": "Point", "coordinates": [-51.261334, 0.902189] }
    },
    {
      "type": "Feature",
      "properties": {
        "fid": 4,
        "GDW_ID": 1131,
        "RES_NAME": null,
        "DAM_NAME": "Curua Una",
        "ALT_NAME": null,
        "DAM_TYPE": "Dam",
        "LAKE_CTRL": null,
        "RIVER": "Curua Una",
        "ALT_RIVER": null,
        "MAIN_BASIN": null,
        "SUB_BASIN": null,
        "COUNTRY": "Brazil",
        "SEC_CNTRY": null,
        "ADMIN_UNIT": "Pará",
        "SEC_ADMIN": null,
        "NEAR_CITY": "Santarem",
        "ALT_CITY": null,
        "YEAR_DAM": 1977,
        "PRE_YEAR": -99,
        "YEAR_SRC": "GRanD",
        "ALT_YEAR": -99,
        "REM_YEAR": -99,
        "TIMELINE": null,
        "YEAR_TXT": "Built 1977",
        "DAM_HGT_M": -99,
        "ALT_HGT_M": -99,
        "DAM_LEN_M": 600,
        "ALT_LEN_M": -99,
        "AREA_SKM": 64.379,
        "AREA_POLY": 64.379,
        "AREA_REP": 7.8,
        "AREA_MAX": -99.0,
        "AREA_MIN": -99.0,
        "CAP_MCM": 472.0,
        "CAP_MAX": -99.0,
        "CAP_REP": 472.0,
        "CAP_MIN": -99.0,
        "DEPTH_M": 7.3,
        "DIS_AVG_LS": 393324,
        "DOR_PC": 3.8,
        "ELEV_MASL": 28,
        "CATCH_SKM": 16635,
        "CATCH_REP": -99,
        "POWER_MW": -99,
        "DATA_INFO": null,
        "USE_IRRI": null,
        "USE_ELEC": null,
        "USE_SUPP": null,
        "USE_FCON": null,
        "USE_RECR": null,
        "USE_NAVI": null,
        "USE_FISH": null,
        "USE_PCON": null,
        "USE_LIVE": null,
        "USE_OTHR": null,
        "MAIN_USE": null,
        "MULTI_DAMS": null,
        "COMMENTS": null,
        "URL": null,
        "QUALITY": "3: Fair",
        "EDITOR": "McGill-BL",
        "LONG_RIV": -54.299844,
        "LAT_RIV": -2.817134,
        "LONG_DAM": 0.0,
        "LAT_DAM": 0.0,
        "ORIG_SRC": "GRanD",
        "POLY_SRC": "SWBD",
        "GRAND_ID": 2364,
        "HYRIV_ID": 60586830,
        "INSTREAM": "Instream",
        "HYLAK_ID": 10040,
        "HYBAS_L12": 6120271320,
        "Score_Tota": 5
      },
      "geometry": { "type": "Point", "coordinates": [-54.299844, -2.817134] }
    },
    {
      "type": "Feature",
      "properties": {
        "fid": 5,
        "GDW_ID": 1132,
        "RES_NAME": null,
        "DAM_NAME": "Aires de Souza",
        "ALT_NAME": "Acude Jaibaras",
        "DAM_TYPE": "Dam",
        "LAKE_CTRL": null,
        "RIVER": "Acarau",
        "ALT_RIVER": null,
        "MAIN_BASIN": null,
        "SUB_BASIN": null,
        "COUNTRY": "Brazil",
        "SEC_CNTRY": null,
        "ADMIN_UNIT": "Ceará",
        "SEC_ADMIN": null,
        "NEAR_CITY": "Sobral",
        "ALT_CITY": null,
        "YEAR_DAM": 1936,
        "PRE_YEAR": -99,
        "YEAR_SRC": "GRanD",
        "ALT_YEAR": -99,
        "REM_YEAR": -99,
        "TIMELINE": null,
        "YEAR_TXT": "Built 1936",
        "DAM_HGT_M": 29,
        "ALT_HGT_M": -99,
        "DAM_LEN_M": 358,
        "ALT_LEN_M": -99,
        "AREA_SKM": 10.956,
        "AREA_POLY": 10.956,
        "AREA_REP": 0.1,
        "AREA_MAX": -99.0,
        "AREA_MIN": -99.0,
        "CAP_MCM": 104.4,
        "CAP_MAX": -99.0,
        "CAP_REP": 104.4,
        "CAP_MIN": -99.0,
        "DEPTH_M": 9.5,
        "DIS_AVG_LS": 16579,
        "DOR_PC": 20.0,
        "ELEV_MASL": 97,
        "CATCH_SKM": 1121,
        "CATCH_REP": -99,
        "POWER_MW": -99,
        "DATA_INFO": null,
        "USE_IRRI": null,
        "USE_ELEC": null,
        "USE_SUPP": null,
        "USE_FCON": null,
        "USE_RECR": null,
        "USE_NAVI": null,
        "USE_FISH": null,
        "USE_PCON": null,
        "USE_LIVE": null,
        "USE_OTHR": null,
        "MAIN_USE": null,
        "MULTI_DAMS": null,
        "COMMENTS": "Not sure about area",
        "URL": null,
        "QUALITY": "4: Poor",
        "EDITOR": "McGill-BL",
        "LONG_RIV": -40.498475,
        "LAT_RIV": -3.78024,
        "LONG_DAM": 0.0,
        "LAT_DAM": 0.0,
        "ORIG_SRC": "GRanD",
        "POLY_SRC": "SWBD",
        "GRAND_ID": 2463,
        "HYRIV_ID": 60652091,
        "INSTREAM": "Instream",
        "HYLAK_ID": 10098,
        "HYBAS_L12": 6121078630,
        "Score_Tota": 3
      },
      "geometry": { "type": "Point", "coordinates": [-40.498475, -3.78024] }
    },
    {
      "type": "Feature",
      "properties": {
        "fid": 6,
        "GDW_ID": 1146,
        "RES_NAME": null,
        "DAM_NAME": "Paulo Afonso 4",
        "ALT_NAME": null,
        "DAM_TYPE": "Dam",
        "LAKE_CTRL": null,
        "RIVER": "Sao Francisco",
        "ALT_RIVER": "Paulo Afonso",
        "MAIN_BASIN": "Sao Francisco",
        "SUB_BASIN": null,
        "COUNTRY": "Brazil",
        "SEC_CNTRY": null,
        "ADMIN_UNIT": "Bahia",
        "SEC_ADMIN": "Alagoas",
        "NEAR_CITY": "Paulo Afonso",
        "ALT_CITY": null,
        "YEAR_DAM": 1979,
        "PRE_YEAR": -99,
        "YEAR_SRC": "GRanD",
        "ALT_YEAR": -99,
        "REM_YEAR": -99,
        "TIMELINE": null,
        "YEAR_TXT": "Built 1979",
        "DAM_HGT_M": 35,
        "ALT_HGT_M": -99,
        "DAM_LEN_M": 7350,
        "ALT_LEN_M": -99,
        "AREA_SKM": 14.637,
        "AREA_POLY": 14.637,
        "AREA_REP": 1.7,
        "AREA_MAX": -99.0,
        "AREA_MIN": -99.0,
        "CAP_MCM": 128.0,
        "CAP_MAX": -99.0,
        "CAP_REP": 128.0,
        "CAP_MIN": -99.0,
        "DEPTH_M": 8.7,
        "DIS_AVG_LS": 2524806,
        "DOR_PC": 0.2,
        "ELEV_MASL": 248,
        "CATCH_SKM": 607608,
        "CATCH_REP": -99,
        "POWER_MW": -99,
        "DATA_INFO": null,
        "USE_IRRI": null,
        "USE_ELEC": null,
        "USE_SUPP": null,
        "USE_FCON": null,
        "USE_RECR": null,
        "USE_NAVI": null,
        "USE_FISH": null,
        "USE_PCON": null,
        "USE_LIVE": null,
        "USE_OTHR": null,
        "MAIN_USE": null,
        "MULTI_DAMS": null,
        "COMMENTS": "Not sure about location",
        "URL": null,
        "QUALITY": "4: Poor",
        "EDITOR": "McGill-BL",
        "LONG_RIV": -38.208063,
        "LAT_RIV": -9.415353,
        "LONG_DAM": 0.0,
        "LAT_DAM": 0.0,
        "ORIG_SRC": "GRanD",
        "POLY_SRC": "SWBD",
        "GRAND_ID": 2515,
        "HYRIV_ID": 60976065,
        "INSTREAM": "Instream",
        "HYLAK_ID": 10159,
        "HYBAS_L12": 6120464880,
        "Score_Tota": 3
      },
      "geometry": { "type": "Point", "coordinates": [-38.208063, -9.415353] }
    },
    {
      "type": "Feature",
      "properties": {
        "fid": 7,
        "GDW_ID": 3417,
        "RES_NAME": null,
        "DAM_NAME": "Acarau Mirim",
        "ALT_NAME": "Acude Massape",
        "DAM_TYPE": "Dam",
        "LAKE_CTRL": null,
        "RIVER": "Acarau",
        "ALT_RIVER": null,
        "MAIN_BASIN": null,
        "SUB_BASIN": null,
        "COUNTRY": "Brazil",
        "SEC_CNTRY": null,
        "ADMIN_UNIT": "Ceará",
        "SEC_ADMIN": null,
        "NEAR_CITY": "Santana do Acarau",
        "ALT_CITY": null,
        "YEAR_DAM": 1907,
        "PRE_YEAR": -99,
        "YEAR_SRC": "GRanD",
        "ALT_YEAR": -99,
        "REM_YEAR": -99,
        "TIMELINE": null,
        "YEAR_TXT": "Built 1907",
        "DAM_HGT_M": 18,
        "ALT_HGT_M": -99,
        "DAM_LEN_M": 442,
        "ALT_LEN_M": -99,
        "AREA_SKM": 5.864,
        "AREA_POLY": 5.864,
        "AREA_REP": 5.0,
        "AREA_MAX": -99.0,
        "AREA_MIN": -99.0,
        "CAP_MCM": 52.0,
        "CAP_MAX": -99.0,
        "CAP_REP": 52.0,
        "CAP_MIN": -99.0,
        "DEPTH_M": 8.9,
        "DIS_AVG_LS": 5097,
        "DOR_PC": 32.4,
        "ELEV_MASL": 61,
        "CATCH_SKM": 474,
        "CATCH_REP": -99,
        "POWER_MW": -99,
        "DATA_INFO": null,
        "USE_IRRI": null,
        "USE_ELEC": null,
        "USE_SUPP": null,
        "USE_FCON": null,
        "USE_RECR": null,
        "USE_NAVI": null,
        "USE_FISH": null,
        "USE_PCON": null,
        "USE_LIVE": null,
        "USE_OTHR": null,
        "MAIN_USE": null,
        "MULTI_DAMS": null,
        "COMMENTS": null,
        "URL": null,
        "QUALITY": "3: Fair",
        "EDITOR": "McGill-BL",
        "LONG_RIV": -40.27882,
        "LAT_RIV": -3.506262,
        "LONG_DAM": 0.0,
        "LAT_DAM": 0.0,
        "ORIG_SRC": "GRanD",
        "POLY_SRC": "SWBD",
        "GRAND_ID": 2461,
        "HYRIV_ID": 60634336,
        "INSTREAM": "Instream",
        "HYLAK_ID": 118227,
        "HYBAS_L12": 6120290410,
        "Score_Tota": 3
      },
      "geometry": { "type": "Point", "coordinates": [-40.27882, -3.506262] }
    },
    {
      "type": "Feature",
      "properties": {
        "fid": 8,
        "GDW_ID": 3420,
        "RES_NAME": null,
        "DAM_NAME": "Forquilha",
        "ALT_NAME": null,
        "DAM_TYPE": "Dam",
        "LAKE_CTRL": null,
        "RIVER": "Acarau",
        "ALT_RIVER": null,
        "MAIN_BASIN": null,
        "SUB_BASIN": null,
        "COUNTRY": "Brazil",
        "SEC_CNTRY": null,
        "ADMIN_UNIT": "Ceará",
        "SEC_ADMIN": null,
        "NEAR_CITY": "Sobral",
        "ALT_CITY": null,
        "YEAR_DAM": 1921,
        "PRE_YEAR": -99,
        "YEAR_SRC": "GRanD",
        "ALT_YEAR": -99,
        "REM_YEAR": -99,
        "TIMELINE": null,
        "YEAR_TXT": "Built 1921",
        "DAM_HGT_M": 24,
        "ALT_HGT_M": -99,
        "DAM_LEN_M": 269,
        "ALT_LEN_M": -99,
        "AREA_SKM": 5.207,
        "AREA_POLY": 5.207,
        "AREA_REP": 0.1,
        "AREA_MAX": -99.0,
        "AREA_MIN": -99.0,
        "CAP_MCM": 50.1,
        "CAP_MAX": -99.0,
        "CAP_REP": 50.1,
        "CAP_MIN": -99.0,
        "DEPTH_M": 9.6,
        "DIS_AVG_LS": 976,
        "DOR_PC": 162.8,
        "ELEV_MASL": 89,
        "CATCH_SKM": 195,
        "CATCH_REP": -99,
        "POWER_MW": -99,
        "DATA_INFO": null,
        "USE_IRRI": null,
        "USE_ELEC": null,
        "USE_SUPP": null,
        "USE_FCON": null,
        "USE_RECR": null,
        "USE_NAVI": null,
        "USE_FISH": null,
        "USE_PCON": null,
        "USE_LIVE": null,
        "USE_OTHR": null,
        "MAIN_USE": null,
        "MULTI_DAMS": null,
        "COMMENTS": "Reported area < 0.1 (0.004)",
        "URL": null,
        "QUALITY": "3: Fair",
        "EDITOR": "McGill-BL",
        "LONG_RIV": -40.255136,
        "LAT_RIV": -3.799619,
        "LONG_DAM": 0.0,
        "LAT_DAM": 0.0,
        "ORIG_SRC": "GRanD",
        "POLY_SRC": "SWBD",
        "GRAND_ID": 2464,
        "HYRIV_ID": 60652919,
        "INSTREAM": "Instream",
        "HYLAK_ID": 118397,
        "HYBAS_L12": 6120297540,
        "Score_Tota": 5
      },
      "geometry": { "type": "Point", "coordinates": [-40.255136, -3.799619] }
    },
    {
      "type": "Feature",
      "properties": {
        "fid": 9,
        "GDW_ID": 3423,
        "RES_NAME": null,
        "DAM_NAME": "Caldeirao",
        "ALT_NAME": null,
        "DAM_TYPE": "Dam",
        "LAKE_CTRL": null,
        "RIVER": "Parnaiba",
        "ALT_RIVER": null,
        "MAIN_BASIN": "Paranaiba",
        "SUB_BASIN": null,
        "COUNTRY": "Brazil",
        "SEC_CNTRY": null,
        "ADMIN_UNIT": "Piauí",
        "SEC_ADMIN": null,
        "NEAR_CITY": "Piripiri",
        "ALT_CITY": null,
        "YEAR_DAM": 1945,
        "PRE_YEAR": -99,
        "YEAR_SRC": "GRanD",
        "ALT_YEAR": -99,
        "REM_YEAR": -99,
        "TIMELINE": null,
        "YEAR_TXT": "Built 1945",
        "DAM_HGT_M": 22,
        "ALT_HGT_M": -99,
        "DAM_LEN_M": 75,
        "ALT_LEN_M": -99,
        "AREA_SKM": 7.102,
        "AREA_POLY": 7.102,
        "AREA_REP": 0.1,
        "AREA_MAX": -99.0,
        "AREA_MIN": -99.0,
        "CAP_MCM": 54.6,
        "CAP_MAX": -99.0,
        "CAP_REP": 54.6,
        "CAP_MIN": -99.0,
        "DEPTH_M": 7.7,
        "DIS_AVG_LS": 1362,
        "DOR_PC": 127.1,
        "ELEV_MASL": 168,
        "CATCH_SKM": 222,
        "CATCH_REP": -99,
        "POWER_MW": -99,
        "DATA_INFO": null,
        "USE_IRRI": null,
        "USE_ELEC": null,
        "USE_SUPP": null,
        "USE_FCON": null,
        "USE_RECR": null,
        "USE_NAVI": null,
        "USE_FISH": null,
        "USE_PCON": null,
        "USE_LIVE": null,
        "USE_OTHR": null,
        "MAIN_USE": null,
        "MULTI_DAMS": null,
        "COMMENTS": null,
        "URL": null,
        "QUALITY": "3: Fair",
        "EDITOR": "McGill-BL",
        "LONG_RIV": -41.725171,
        "LAT_RIV": -4.332993,
        "LONG_DAM": 0.0,
        "LAT_DAM": 0.0,
        "ORIG_SRC": "GRanD",
        "POLY_SRC": "SWBD",
        "GRAND_ID": 2469,
        "HYRIV_ID": 60688757,
        "INSTREAM": "Instream",
        "HYLAK_ID": 118568,
        "HYBAS_L12": 6120312690,
        "Score_Tota": 5
      },
      "geometry": { "type": "Point", "coordinates": [-41.725171, -4.332993] }
    },
    {
      "type": "Feature",
      "properties": {
        "fid": 10,
        "GDW_ID": 3425,
        "RES_NAME": null,
        "DAM_NAME": "Cedro",
        "ALT_NAME": null,
        "DAM_TYPE": "Dam",
        "LAKE_CTRL": null,
        "RIVER": "Jaguaribe",
        "ALT_RIVER": null,
        "MAIN_BASIN": null,
        "SUB_BASIN": null,
        "COUNTRY": "Brazil",
        "SEC_CNTRY": null,
        "ADMIN_UNIT": "Ceará",
        "SEC_ADMIN": null,
        "NEAR_CITY": "Quixada",
        "ALT_CITY": null,
        "YEAR_DAM": 1906,
        "PRE_YEAR": -99,
        "YEAR_SRC": "GRanD",
        "ALT_YEAR": -99,
        "REM_YEAR": -99,
        "TIMELINE": null,
        "YEAR_TXT": "Built 1906",
        "DAM_HGT_M": 20,
        "ALT_HGT_M": -99,
        "DAM_LEN_M": 415,
        "ALT_LEN_M": -99,
        "AREA_SKM": 9.341,
        "AREA_POLY": 9.341,
        "AREA_REP": 0.1,
        "AREA_MAX": -99.0,
        "AREA_MIN": -99.0,
        "CAP_MCM": 125.7,
        "CAP_MAX": -99.0,
        "CAP_REP": 125.7,
        "CAP_MIN": -99.0,
        "DEPTH_M": 13.5,
        "DIS_AVG_LS": 261,
        "DOR_PC": 1527.2,
        "ELEV_MASL": 194,
        "CATCH_SKM": 134,
        "CATCH_REP": -99,
        "POWER_MW": -99,
        "DATA_INFO": null,
        "USE_IRRI": null,
        "USE_ELEC": null,
        "USE_SUPP": null,
        "USE_FCON": null,
        "USE_RECR": null,
        "USE_NAVI": null,
        "USE_FISH": null,
        "USE_PCON": null,
        "USE_LIVE": null,
        "USE_OTHR": null,
        "MAIN_USE": null,
        "MULTI_DAMS": null,
        "COMMENTS": null,
        "URL": null,
        "QUALITY": "3: Fair",
        "EDITOR": "McGill-BL",
        "LONG_RIV": -39.061709,
        "LAT_RIV": -4.973314,
        "LONG_DAM": 0.0,
        "LAT_DAM": 0.0,
        "ORIG_SRC": "GRanD",
        "POLY_SRC": "GLWD",
        "GRAND_ID": 2471,
        "HYRIV_ID": 60726546,
        "INSTREAM": "Instream",
        "HYLAK_ID": 118684,
        "HYBAS_L12": 6121092700,
        "Score_Tota": 3
      },
      "geometry": { "type": "Point", "coordinates": [-39.061709, -4.973314] }
    },
    {
      "type": "Feature",
      "properties": {
        "fid": 11,
        "GDW_ID": 3434,
        "RES_NAME": null,
        "DAM_NAME": "Pau dos Ferros",
        "ALT_NAME": null,
        "DAM_TYPE": "Dam",
        "LAKE_CTRL": null,
        "RIVER": "Apodi",
        "ALT_RIVER": null,
        "MAIN_BASIN": null,
        "SUB_BASIN": null,
        "COUNTRY": "Brazil",
        "SEC_CNTRY": null,
        "ADMIN_UNIT": "Rio Grande do Norte",
        "SEC_ADMIN": null,
        "NEAR_CITY": "Pau dos Ferros",
        "ALT_CITY": null,
        "YEAR_DAM": 1967,
        "PRE_YEAR": -99,
        "YEAR_SRC": "GRanD",
        "ALT_YEAR": -99,
        "REM_YEAR": -99,
        "TIMELINE": null,
        "YEAR_TXT": "Built 1967",
        "DAM_HGT_M": -99,
        "ALT_HGT_M": -99,
        "DAM_LEN_M": 580,
        "ALT_LEN_M": -99,
        "AREA_SKM": 5.975,
        "AREA_POLY": 5.975,
        "AREA_REP": 0.1,
        "AREA_MAX": -99.0,
        "AREA_MIN": -99.0,
        "CAP_MCM": 54.8,
        "CAP_MAX": -99.0,
        "CAP_REP": 54.8,
        "CAP_MIN": -99.0,
        "DEPTH_M": 9.2,
        "DIS_AVG_LS": 4834,
        "DOR_PC": 35.9,
        "ELEV_MASL": 203,
        "CATCH_SKM": 2205,
        "CATCH_REP": -99,
        "POWER_MW": -99,
        "DATA_INFO": null,
        "USE_IRRI": null,
        "USE_ELEC": null,
        "USE_SUPP": null,
        "USE_FCON": null,
        "USE_RECR": null,
        "USE_NAVI": null,
        "USE_FISH": null,
        "USE_PCON": null,
        "USE_LIVE": null,
        "USE_OTHR": null,
        "MAIN_USE": null,
        "MULTI_DAMS": null,
        "COMMENTS": "Reported area < 0.1 (0.012)",
        "URL": null,
        "QUALITY": "3: Fair",
        "EDITOR": "McGill-BL",
        "LONG_RIV": -38.189112,
        "LAT_RIV": -6.145734,
        "LONG_DAM": 0.0,
        "LAT_DAM": 0.0,
        "ORIG_SRC": "GRanD",
        "POLY_SRC": "SWBD",
        "GRAND_ID": 2483,
        "HYRIV_ID": 60795599,
        "INSTREAM": "Instream",
        "HYLAK_ID": 118935,
        "HYBAS_L12": 6120366260,
        "Score_Tota": 3
      },
      "geometry": { "type": "Point", "coordinates": [-38.189112, -6.145734] }
    },
    {
      "type": "Feature",
      "properties": {
        "fid": 12,
        "GDW_ID": 3435,
        "RES_NAME": null,
        "DAM_NAME": "Lima Campos",
        "ALT_NAME": null,
        "DAM_TYPE": "Dam",
        "LAKE_CTRL": null,
        "RIVER": "Sao Joao",
        "ALT_RIVER": null,
        "MAIN_BASIN": null,
        "SUB_BASIN": null,
        "COUNTRY": "Brazil",
        "SEC_CNTRY": null,
        "ADMIN_UNIT": "Ceará",
        "SEC_ADMIN": null,
        "NEAR_CITY": "Ico",
        "ALT_CITY": null,
        "YEAR_DAM": 1932,
        "PRE_YEAR": -99,
        "YEAR_SRC": "GRanD",
        "ALT_YEAR": -99,
        "REM_YEAR": -99,
        "TIMELINE": null,
        "YEAR_TXT": "Built 1932",
        "DAM_HGT_M": 19,
        "ALT_HGT_M": -99,
        "DAM_LEN_M": 185,
        "ALT_LEN_M": -99,
        "AREA_SKM": 6.943,
        "AREA_POLY": 6.943,
        "AREA_REP": 0.1,
        "AREA_MAX": -99.0,
        "AREA_MIN": -99.0,
        "CAP_MCM": 66.4,
        "CAP_MAX": -99.0,
        "CAP_REP": 66.4,
        "CAP_MIN": -99.0,
        "DEPTH_M": 9.6,
        "DIS_AVG_LS": 800,
        "DOR_PC": 263.2,
        "ELEV_MASL": 177,
        "CATCH_SKM": 375,
        "CATCH_REP": -99,
        "POWER_MW": -99,
        "DATA_INFO": null,
        "USE_IRRI": null,
        "USE_ELEC": null,
        "USE_SUPP": null,
        "USE_FCON": null,
        "USE_RECR": null,
        "USE_NAVI": null,
        "USE_FISH": null,
        "USE_PCON": null,
        "USE_LIVE": null,
        "USE_OTHR": null,
        "MAIN_USE": null,
        "MULTI_DAMS": null,
        "COMMENTS": "Reported area < 0.1 (0.007)",
        "URL": null,
        "QUALITY": "3: Fair",
        "EDITOR": "McGill-BL",
        "LONG_RIV": -38.957628,
        "LAT_RIV": -6.401447,
        "LONG_DAM": 0.0,
        "LAT_DAM": 0.0,
        "ORIG_SRC": "GRanD",
        "POLY_SRC": "SWBD",
        "GRAND_ID": 2486,
        "HYRIV_ID": 60811588,
        "INSTREAM": "Instream",
        "HYLAK_ID": 118984,
        "HYBAS_L12": 6120377470,
        "Score_Tota": 5
      },
      "geometry": { "type": "Point", "coordinates": [-38.957628, -6.401447] }
    },
    {
      "type": "Feature",
      "properties": {
        "fid": 13,
        "GDW_ID": 3449,
        "RES_NAME": null,
        "DAM_NAME": "Araci",
        "ALT_NAME": null,
        "DAM_TYPE": "Dam",
        "LAKE_CTRL": null,
        "RIVER": "Pau A Pique",
        "ALT_RIVER": null,
        "MAIN_BASIN": null,
        "SUB_BASIN": null,
        "COUNTRY": "Brazil",
        "SEC_CNTRY": null,
        "ADMIN_UNIT": "Bahia",
        "SEC_ADMIN": null,
        "NEAR_CITY": "Araci",
        "ALT_CITY": null,
        "YEAR_DAM": 1965,
        "PRE_YEAR": -99,
        "YEAR_SRC": "GRanD",
        "ALT_YEAR": -99,
        "REM_YEAR": -99,
        "TIMELINE": null,
        "YEAR_TXT": "Built 1965",
        "DAM_HGT_M": -99,
        "ALT_HGT_M": -99,
        "DAM_LEN_M": 1071,
        "ALT_LEN_M": -99,
        "AREA_SKM": 6.975,
        "AREA_POLY": 6.975,
        "AREA_REP": 11.0,
        "AREA_MAX": -99.0,
        "AREA_MIN": -99.0,
        "CAP_MCM": 65.8,
        "CAP_MAX": -99.0,
        "CAP_REP": 65.8,
        "CAP_MIN": -99.0,
        "DEPTH_M": 9.4,
        "DIS_AVG_LS": 1258,
        "DOR_PC": 165.9,
        "ELEV_MASL": 244,
        "CATCH_SKM": 1532,
        "CATCH_REP": -99,
        "POWER_MW": -99,
        "DATA_INFO": null,
        "USE_IRRI": null,
        "USE_ELEC": null,
        "USE_SUPP": null,
        "USE_FCON": null,
        "USE_RECR": null,
        "USE_NAVI": null,
        "USE_FISH": null,
        "USE_PCON": null,
        "USE_LIVE": null,
        "USE_OTHR": null,
        "MAIN_USE": null,
        "MULTI_DAMS": null,
        "COMMENTS": "Not sure about location",
        "URL": null,
        "QUALITY": "4: Poor",
        "EDITOR": "McGill-BL",
        "LONG_RIV": -39.096875,
        "LAT_RIV": -11.253571,
        "LONG_DAM": 0.0,
        "LAT_DAM": 0.0,
        "ORIG_SRC": "GRanD",
        "POLY_SRC": "SWBD",
        "GRAND_ID": 2520,
        "HYRIV_ID": 61059842,
        "INSTREAM": "Instream",
        "HYLAK_ID": 119378,
        "HYBAS_L12": 6120514590,
        "Score_Tota": 5
      },
      "geometry": { "type": "Point", "coordinates": [-39.096875, -11.253571] }
    },
    {
      "type": "Feature",
      "properties": {
        "fid": 14,
        "GDW_ID": 6878,
        "RES_NAME": null,
        "DAM_NAME": "Estreito",
        "ALT_NAME": "Maranhao",
        "DAM_TYPE": "Dam",
        "LAKE_CTRL": null,
        "RIVER": "Tocantins",
        "ALT_RIVER": null,
        "MAIN_BASIN": "Tocantins",
        "SUB_BASIN": null,
        "COUNTRY": "Brazil",
        "SEC_CNTRY": null,
        "ADMIN_UNIT": "Tocantins",
        "SEC_ADMIN": "Maranhão",
        "NEAR_CITY": "Estreito",
        "ALT_CITY": null,
        "YEAR_DAM": 2011,
        "PRE_YEAR": -99,
        "YEAR_SRC": "GRanD",
        "ALT_YEAR": -99,
        "REM_YEAR": -99,
        "TIMELINE": null,
        "YEAR_TXT": "Built 2011",
        "DAM_HGT_M": 40,
        "ALT_HGT_M": -99,
        "DAM_LEN_M": 848,
        "ALT_LEN_M": -99,
        "AREA_SKM": 407.972,
        "AREA_POLY": 407.972,
        "AREA_REP": 59.0,
        "AREA_MAX": -99.0,
        "AREA_MIN": -99.0,
        "CAP_MCM": 5400.0,
        "CAP_MAX": 5400.0,
        "CAP_REP": 5400.0,
        "CAP_MIN": -99.0,
        "DEPTH_M": 13.2,
        "DIS_AVG_LS": 4173093,
        "DOR_PC": 4.1,
        "ELEV_MASL": 138,
        "CATCH_SKM": 287237,
        "CATCH_REP": -99,
        "POWER_MW": -99,
        "DATA_INFO": null,
        "USE_IRRI": null,
        "USE_ELEC": "Main",
        "USE_SUPP": null,
        "USE_FCON": null,
        "USE_RECR": null,
        "USE_NAVI": null,
        "USE_FISH": null,
        "USE_PCON": null,
        "USE_LIVE": null,
        "USE_OTHR": null,
        "MAIN_USE": "Hydroelectricity",
        "MULTI_DAMS": null,
        "COMMENTS": null,
        "URL": "https://pt.wikipedia.org/wiki/Usina_Hidrel%C3%A9trica_Estreito_(Maranh%C3%A3o)",
        "QUALITY": "2: Good",
        "EDITOR": "McGill-PB",
        "LONG_RIV": -47.464573,
        "LAT_RIV": -6.589608,
        "LONG_DAM": 0.0,
        "LAT_DAM": 0.0,
        "ORIG_SRC": "GRanD",
        "POLY_SRC": "JRC-GSW-mod",
        "GRAND_ID": 6899,
        "HYRIV_ID": 60821028,
        "INSTREAM": "Instream",
        "HYLAK_ID": 1427738,
        "HYBAS_L12": 6120381160,
        "Score_Tota": 4
      },
      "geometry": {
        "type": "Point",
        "coordinates": [-47.464572716999953, -6.589608350999981]
      }
    },
    {
      "type": "Feature",
      "properties": {
        "fid": 15,
        "GDW_ID": 6882,
        "RES_NAME": null,
        "DAM_NAME": "Jirau",
        "ALT_NAME": null,
        "DAM_TYPE": "Dam",
        "LAKE_CTRL": null,
        "RIVER": "Madeira",
        "ALT_RIVER": null,
        "MAIN_BASIN": "Amazon",
        "SUB_BASIN": null,
        "COUNTRY": "Brazil",
        "SEC_CNTRY": null,
        "ADMIN_UNIT": "Rondônia",
        "SEC_ADMIN": null,
        "NEAR_CITY": "Porto Velho",
        "ALT_CITY": null,
        "YEAR_DAM": 2015,
        "PRE_YEAR": -99,
        "YEAR_SRC": "GRanD",
        "ALT_YEAR": -99,
        "REM_YEAR": -99,
        "TIMELINE": null,
        "YEAR_TXT": "Built 2015",
        "DAM_HGT_M": 62,
        "ALT_HGT_M": -99,
        "DAM_LEN_M": 150,
        "ALT_LEN_M": -99,
        "AREA_SKM": 228.674,
        "AREA_POLY": 228.674,
        "AREA_REP": 362.0,
        "AREA_MAX": -99.0,
        "AREA_MIN": -99.0,
        "CAP_MCM": 2746.7,
        "CAP_MAX": -99.0,
        "CAP_REP": 2746.7,
        "CAP_MIN": -99.0,
        "DEPTH_M": 12.0,
        "DIS_AVG_LS": 18696758,
        "DOR_PC": 0.5,
        "ELEV_MASL": 72,
        "CATCH_SKM": 962561,
        "CATCH_REP": 974244,
        "POWER_MW": -99,
        "DATA_INFO": null,
        "USE_IRRI": null,
        "USE_ELEC": "Main",
        "USE_SUPP": null,
        "USE_FCON": null,
        "USE_RECR": null,
        "USE_NAVI": null,
        "USE_FISH": null,
        "USE_PCON": null,
        "USE_LIVE": null,
        "USE_OTHR": null,
        "MAIN_USE": "Hydroelectricity",
        "MULTI_DAMS": null,
        "COMMENTS": null,
        "URL": "https://en.wikipedia.org/wiki/Jirau_Dam",
        "QUALITY": "2: Good",
        "EDITOR": "McGill-PB",
        "LONG_RIV": -64.648086,
        "LAT_RIV": -9.267428,
        "LONG_DAM": 0.0,
        "LAT_DAM": 0.0,
        "ORIG_SRC": "GRanD",
        "POLY_SRC": "JRC-GSW-mod",
        "GRAND_ID": 6904,
        "HYRIV_ID": 60967714,
        "INSTREAM": "Instream",
        "HYLAK_ID": 1427742,
        "HYBAS_L12": 6120458390,
        "Score_Tota": 4
      },
      "geometry": {
        "type": "Point",
        "coordinates": [-64.648085726999966, -9.267427621999957]
      }
    },
    {
      "type": "Feature",
      "properties": {
        "fid": 16,
        "GDW_ID": 6883,
        "RES_NAME": null,
        "DAM_NAME": "Luis Eduardo Magalhaes",
        "ALT_NAME": "Lajeado",
        "DAM_TYPE": "Dam",
        "LAKE_CTRL": null,
        "RIVER": "Tocantins",
        "ALT_RIVER": null,
        "MAIN_BASIN": "Tocantins",
        "SUB_BASIN": null,
        "COUNTRY": "Brazil",
        "SEC_CNTRY": null,
        "ADMIN_UNIT": "Tocantins",
        "SEC_ADMIN": null,
        "NEAR_CITY": "Palmas",
        "ALT_CITY": "Miracema do Tocantins",
        "YEAR_DAM": 2002,
        "PRE_YEAR": -99,
        "YEAR_SRC": "GRanD",
        "ALT_YEAR": -99,
        "REM_YEAR": -99,
        "TIMELINE": null,
        "YEAR_TXT": "Built 2002",
        "DAM_HGT_M": 31,
        "ALT_HGT_M": -99,
        "DAM_LEN_M": 1480,
        "ALT_LEN_M": -99,
        "AREA_SKM": 678.809,
        "AREA_POLY": 678.809,
        "AREA_REP": 630.0,
        "AREA_MAX": -99.0,
        "AREA_MIN": -99.0,
        "CAP_MCM": 5190.0,
        "CAP_MAX": -99.0,
        "CAP_REP": 5190.0,
        "CAP_MIN": -99.0,
        "DEPTH_M": 7.6,
        "DIS_AVG_LS": 2525593,
        "DOR_PC": 6.5,
        "ELEV_MASL": 186,
        "CATCH_SKM": 184554,
        "CATCH_REP": 184219,
        "POWER_MW": -99,
        "DATA_INFO": null,
        "USE_IRRI": null,
        "USE_ELEC": "Main",
        "USE_SUPP": null,
        "USE_FCON": null,
        "USE_RECR": null,
        "USE_NAVI": null,
        "USE_FISH": null,
        "USE_PCON": null,
        "USE_LIVE": null,
        "USE_OTHR": null,
        "MAIN_USE": "Hydroelectricity",
        "MULTI_DAMS": null,
        "COMMENTS": null,
        "URL": null,
        "QUALITY": "2: Good",
        "EDITOR": "McGill-PB",
        "LONG_RIV": -48.370491,
        "LAT_RIV": -9.761948,
        "LONG_DAM": 0.0,
        "LAT_DAM": 0.0,
        "ORIG_SRC": "GRanD",
        "POLY_SRC": "JRC-GSW",
        "GRAND_ID": 6905,
        "HYRIV_ID": 60993206,
        "INSTREAM": "Instream",
        "HYLAK_ID": 1427743,
        "HYBAS_L12": 6120474340,
        "Score_Tota": 6
      },
      "geometry": {
        "type": "Point",
        "coordinates": [-48.370490848999964, -9.761948324999935]
      }
    },
    {
      "type": "Feature",
      "properties": {
        "fid": 17,
        "GDW_ID": 6886,
        "RES_NAME": null,
        "DAM_NAME": "Peixe Angical",
        "ALT_NAME": null,
        "DAM_TYPE": "Dam",
        "LAKE_CTRL": null,
        "RIVER": "Tocantins",
        "ALT_RIVER": null,
        "MAIN_BASIN": "Tocantins",
        "SUB_BASIN": null,
        "COUNTRY": "Brazil",
        "SEC_CNTRY": null,
        "ADMIN_UNIT": "Tocantins",
        "SEC_ADMIN": null,
        "NEAR_CITY": "Sao Salvador do Tocantins",
        "ALT_CITY": null,
        "YEAR_DAM": 2006,
        "PRE_YEAR": -99,
        "YEAR_SRC": "GRanD",
        "ALT_YEAR": -99,
        "REM_YEAR": -99,
        "TIMELINE": null,
        "YEAR_TXT": "Built 2006",
        "DAM_HGT_M": 39,
        "ALT_HGT_M": -99,
        "DAM_LEN_M": 571,
        "ALT_LEN_M": -99,
        "AREA_SKM": 242.013,
        "AREA_POLY": 242.013,
        "AREA_REP": 295.0,
        "AREA_MAX": -99.0,
        "AREA_MIN": -99.0,
        "CAP_MCM": 2740.0,
        "CAP_MAX": -99.0,
        "CAP_REP": 2740.0,
        "CAP_MIN": -99.0,
        "DEPTH_M": 11.3,
        "DIS_AVG_LS": 1717603,
        "DOR_PC": 5.1,
        "ELEV_MASL": 237,
        "CATCH_SKM": 127716,
        "CATCH_REP": -99,
        "POWER_MW": -99,
        "DATA_INFO": null,
        "USE_IRRI": null,
        "USE_ELEC": "Main",
        "USE_SUPP": null,
        "USE_FCON": null,
        "USE_RECR": null,
        "USE_NAVI": null,
        "USE_FISH": null,
        "USE_PCON": null,
        "USE_LIVE": null,
        "USE_OTHR": null,
        "MAIN_USE": "Hydroelectricity",
        "MULTI_DAMS": null,
        "COMMENTS": null,
        "URL": "http://www1.furnas.com.br/hotsites/sistemafurnas/usina_hidr_peixe.asp",
        "QUALITY": "2: Good",
        "EDITOR": "McGill-PB",
        "LONG_RIV": -48.385247,
        "LAT_RIV": -12.239503,
        "LONG_DAM": 0.0,
        "LAT_DAM": 0.0,
        "ORIG_SRC": "GRanD",
        "POLY_SRC": "JRC-GSW",
        "GRAND_ID": 6908,
        "HYRIV_ID": 61098647,
        "INSTREAM": "Instream",
        "HYLAK_ID": 1427746,
        "HYBAS_L12": 6120539440,
        "Score_Tota": 4
      },
      "geometry": {
        "type": "Point",
        "coordinates": [-48.385246913999936, -12.23950285799998]
      }
    },
    {
      "type": "Feature",
      "properties": {
        "fid": 18,
        "GDW_ID": 6889,
        "RES_NAME": null,
        "DAM_NAME": "Sao Salvador",
        "ALT_NAME": null,
        "DAM_TYPE": "Dam",
        "LAKE_CTRL": null,
        "RIVER": "Tocantins",
        "ALT_RIVER": null,
        "MAIN_BASIN": "Tocantins",
        "SUB_BASIN": null,
        "COUNTRY": "Brazil",
        "SEC_CNTRY": null,
        "ADMIN_UNIT": "Tocantins",
        "SEC_ADMIN": null,
        "NEAR_CITY": "Sao Salvador do Tocantins",
        "ALT_CITY": null,
        "YEAR_DAM": 2010,
        "PRE_YEAR": -99,
        "YEAR_SRC": "GRanD",
        "ALT_YEAR": -99,
        "REM_YEAR": -99,
        "TIMELINE": null,
        "YEAR_TXT": "Built 2010",
        "DAM_HGT_M": 32,
        "ALT_HGT_M": -99,
        "DAM_LEN_M": 1500,
        "ALT_LEN_M": -99,
        "AREA_SKM": 83.556,
        "AREA_POLY": 83.556,
        "AREA_REP": 104.0,
        "AREA_MAX": -99.0,
        "AREA_MIN": -99.0,
        "CAP_MCM": 952.0,
        "CAP_MAX": -99.0,
        "CAP_REP": 952.0,
        "CAP_MIN": -99.0,
        "DEPTH_M": 11.4,
        "DIS_AVG_LS": 1059012,
        "DOR_PC": 2.9,
        "ELEV_MASL": 264,
        "CATCH_SKM": 63839,
        "CATCH_REP": -99,
        "POWER_MW": -99,
        "DATA_INFO": null,
        "USE_IRRI": null,
        "USE_ELEC": "Main",
        "USE_SUPP": null,
        "USE_FCON": null,
        "USE_RECR": null,
        "USE_NAVI": null,
        "USE_FISH": null,
        "USE_PCON": null,
        "USE_LIVE": null,
        "USE_OTHR": null,
        "MAIN_USE": "Hydroelectricity",
        "MULTI_DAMS": null,
        "COMMENTS": null,
        "URL": null,
        "QUALITY": "2: Good",
        "EDITOR": "McGill-PB",
        "LONG_RIV": -48.239585,
        "LAT_RIV": -12.809444,
        "LONG_DAM": 0.0,
        "LAT_DAM": 0.0,
        "ORIG_SRC": "GRanD",
        "POLY_SRC": "JRC-GSW",
        "GRAND_ID": 6911,
        "HYRIV_ID": 61121166,
        "INSTREAM": "Instream",
        "HYLAK_ID": 1427749,
        "HYBAS_L12": 6120553120,
        "Score_Tota": 4
      },
      "geometry": {
        "type": "Point",
        "coordinates": [-48.239585051999939, -12.809443774999977]
      }
    },
    {
      "type": "Feature",
      "properties": {
        "fid": 19,
        "GDW_ID": 6892,
        "RES_NAME": null,
        "DAM_NAME": "Santo Antonio",
        "ALT_NAME": null,
        "DAM_TYPE": "Dam",
        "LAKE_CTRL": null,
        "RIVER": "Madeira",
        "ALT_RIVER": null,
        "MAIN_BASIN": "Amazon",
        "SUB_BASIN": null,
        "COUNTRY": "Brazil",
        "SEC_CNTRY": null,
        "ADMIN_UNIT": "Rondônia",
        "SEC_ADMIN": null,
        "NEAR_CITY": "Porto Velho",
        "ALT_CITY": null,
        "YEAR_DAM": 2016,
        "PRE_YEAR": -99,
        "YEAR_SRC": "GRanD",
        "ALT_YEAR": -99,
        "REM_YEAR": -99,
        "TIMELINE": null,
        "YEAR_TXT": "Built 2016",
        "DAM_HGT_M": 60,
        "ALT_HGT_M": -99,
        "DAM_LEN_M": 990,
        "ALT_LEN_M": -99,
        "AREA_SKM": 79.098,
        "AREA_POLY": 79.098,
        "AREA_REP": 32.0,
        "AREA_MAX": -99.0,
        "AREA_MIN": -99.0,
        "CAP_MCM": 130.4,
        "CAP_MAX": -99.0,
        "CAP_REP": 130.4,
        "CAP_MIN": -99.0,
        "DEPTH_M": 1.6,
        "DIS_AVG_LS": 19533678,
        "DOR_PC": 0.0,
        "ELEV_MASL": 55,
        "CATCH_SKM": 978857,
        "CATCH_REP": -99,
        "POWER_MW": -99,
        "DATA_INFO": null,
        "USE_IRRI": null,
        "USE_ELEC": "Main",
        "USE_SUPP": null,
        "USE_FCON": null,
        "USE_RECR": null,
        "USE_NAVI": null,
        "USE_FISH": null,
        "USE_PCON": null,
        "USE_LIVE": null,
        "USE_OTHR": null,
        "MAIN_USE": "Hydroelectricity",
        "MULTI_DAMS": null,
        "COMMENTS": null,
        "URL": "https://en.wikipedia.org/wiki/Santo_Ant%C3%B4nio_Dam",
        "QUALITY": "2: Good",
        "EDITOR": "McGill-PB",
        "LONG_RIV": -63.951938,
        "LAT_RIV": -8.801884,
        "LONG_DAM": 0.0,
        "LAT_DAM": 0.0,
        "ORIG_SRC": "GRanD",
        "POLY_SRC": "JRC-GSW",
        "GRAND_ID": 6914,
        "HYRIV_ID": 60942418,
        "INSTREAM": "Instream",
        "HYLAK_ID": 1427752,
        "HYBAS_L12": 6121138480,
        "Score_Tota": 6
      },
      "geometry": {
        "type": "Point",
        "coordinates": [-63.951937940999983, -8.801884022999957]
      }
    },
    {
      "type": "Feature",
      "properties": {
        "fid": 20,
        "GDW_ID": 7255,
        "RES_NAME": null,
        "DAM_NAME": "Teles Pires",
        "ALT_NAME": null,
        "DAM_TYPE": "Dam",
        "LAKE_CTRL": null,
        "RIVER": "Teles Pires",
        "ALT_RIVER": null,
        "MAIN_BASIN": "Amazon",
        "SUB_BASIN": "Tapajos",
        "COUNTRY": "Brazil",
        "SEC_CNTRY": null,
        "ADMIN_UNIT": "Mato Grosso",
        "SEC_ADMIN": "Pará",
        "NEAR_CITY": "Jacareacanga",
        "ALT_CITY": null,
        "YEAR_DAM": 2016,
        "PRE_YEAR": -99,
        "YEAR_SRC": "GRanD",
        "ALT_YEAR": 2014,
        "REM_YEAR": -99,
        "TIMELINE": null,
        "YEAR_TXT": "Built 2016",
        "DAM_HGT_M": 80,
        "ALT_HGT_M": -99,
        "DAM_LEN_M": 860,
        "ALT_LEN_M": 224,
        "AREA_SKM": 79.08,
        "AREA_POLY": 79.08,
        "AREA_REP": 151.0,
        "AREA_MAX": -99.0,
        "AREA_MIN": 134.0,
        "CAP_MCM": 997.0,
        "CAP_MAX": -99.0,
        "CAP_REP": 997.0,
        "CAP_MIN": 897.0,
        "DEPTH_M": 12.6,
        "DIS_AVG_LS": 2474685,
        "DOR_PC": 1.3,
        "ELEV_MASL": 184,
        "CATCH_SKM": 90687,
        "CATCH_REP": -99,
        "POWER_MW": -99,
        "DATA_INFO": null,
        "USE_IRRI": null,
        "USE_ELEC": "Main",
        "USE_SUPP": null,
        "USE_FCON": null,
        "USE_RECR": null,
        "USE_NAVI": null,
        "USE_FISH": null,
        "USE_PCON": null,
        "USE_LIVE": null,
        "USE_OTHR": null,
        "MAIN_USE": "Hydroelectricity",
        "MULTI_DAMS": null,
        "COMMENTS": null,
        "URL": "https://en.wikipedia.org/wiki/Teles_Pires_Dam",
        "QUALITY": "2: Good",
        "EDITOR": "McGill-PB",
        "LONG_RIV": -56.777253,
        "LAT_RIV": -9.35256,
        "LONG_DAM": 0.0,
        "LAT_DAM": 0.0,
        "ORIG_SRC": "GRanD",
        "POLY_SRC": "JRC-GSW-mod",
        "GRAND_ID": 7325,
        "HYRIV_ID": 60972309,
        "INSTREAM": "Instream",
        "HYLAK_ID": 1428115,
        "HYBAS_L12": 6120461220,
        "Score_Tota": 4
      },
      "geometry": {
        "type": "Point",
        "coordinates": [-56.777253245999987, -9.352559954999947]
      }
    },
    {
      "type": "Feature",
      "properties": {
        "fid": 21,
        "GDW_ID": 7258,
        "RES_NAME": "Repressa da Rondon II",
        "DAM_NAME": "Rondon II",
        "ALT_NAME": null,
        "DAM_TYPE": "Dam",
        "LAKE_CTRL": null,
        "RIVER": "Comemoracao",
        "ALT_RIVER": null,
        "MAIN_BASIN": "Amazon",
        "SUB_BASIN": null,
        "COUNTRY": "Brazil",
        "SEC_CNTRY": null,
        "ADMIN_UNIT": "Rondônia",
        "SEC_ADMIN": null,
        "NEAR_CITY": "Pimenta Bueno",
        "ALT_CITY": null,
        "YEAR_DAM": 2010,
        "PRE_YEAR": -99,
        "YEAR_SRC": "GRanD",
        "ALT_YEAR": 2009,
        "REM_YEAR": -99,
        "TIMELINE": null,
        "YEAR_TXT": "Built 2010",
        "DAM_HGT_M": 11,
        "ALT_HGT_M": -99,
        "DAM_LEN_M": 999,
        "ALT_LEN_M": -99,
        "AREA_SKM": 52.839,
        "AREA_POLY": 52.839,
        "AREA_REP": 24.0,
        "AREA_MAX": -99.0,
        "AREA_MIN": -99.0,
        "CAP_MCM": 478.3,
        "CAP_MAX": -99.0,
        "CAP_REP": 478.3,
        "CAP_MIN": 52.0,
        "DEPTH_M": 9.1,
        "DIS_AVG_LS": 86948,
        "DOR_PC": 17.4,
        "ELEV_MASL": 261,
        "CATCH_SKM": 3245,
        "CATCH_REP": -99,
        "POWER_MW": -99,
        "DATA_INFO": null,
        "USE_IRRI": null,
        "USE_ELEC": "Main",
        "USE_SUPP": null,
        "USE_FCON": null,
        "USE_RECR": null,
        "USE_NAVI": null,
        "USE_FISH": null,
        "USE_PCON": null,
        "USE_LIVE": null,
        "USE_OTHR": null,
        "MAIN_USE": "Hydroelectricity",
        "MULTI_DAMS": null,
        "COMMENTS": "Discrepancies between reported reservoir volumes; minimum volume is smallest reported volume",
        "URL": "http://www.snisb.gov.br/portal/snisb/relatorio-anual-de-seguranca-de-barragem/2017",
        "QUALITY": "3: Fair",
        "EDITOR": "McGill-PB",
        "LONG_RIV": -60.696715,
        "LAT_RIV": -11.997705,
        "LONG_DAM": 0.0,
        "LAT_DAM": 0.0,
        "ORIG_SRC": "GRanD",
        "POLY_SRC": "JRC-GSW",
        "GRAND_ID": 7329,
        "HYRIV_ID": 61089494,
        "INSTREAM": "Instream",
        "HYLAK_ID": 1428118,
        "HYBAS_L12": 6120530500,
        "Score_Tota": 6
      },
      "geometry": {
        "type": "Point",
        "coordinates": [-60.696714794999934, -11.997704935999934]
      }
    },
    {
      "type": "Feature",
      "properties": {
        "fid": 22,
        "GDW_ID": 7269,
        "RES_NAME": null,
        "DAM_NAME": "Santo Antonio do Jari",
        "ALT_NAME": null,
        "DAM_TYPE": "Dam",
        "LAKE_CTRL": null,
        "RIVER": "Jari",
        "ALT_RIVER": null,
        "MAIN_BASIN": "Amazon",
        "SUB_BASIN": null,
        "COUNTRY": "Brazil",
        "SEC_CNTRY": null,
        "ADMIN_UNIT": "Pará",
        "SEC_ADMIN": "Amapá",
        "NEAR_CITY": "Laranjal do Jari",
        "ALT_CITY": null,
        "YEAR_DAM": 2014,
        "PRE_YEAR": -99,
        "YEAR_SRC": "GRanD",
        "ALT_YEAR": -99,
        "REM_YEAR": -99,
        "TIMELINE": null,
        "YEAR_TXT": "Built 2014",
        "DAM_HGT_M": 14,
        "ALT_HGT_M": -99,
        "DAM_LEN_M": 2500,
        "ALT_LEN_M": -99,
        "AREA_SKM": 25.015,
        "AREA_POLY": 25.015,
        "AREA_REP": 31.7,
        "AREA_MAX": -99.0,
        "AREA_MIN": -99.0,
        "CAP_MCM": 133.4,
        "CAP_MAX": -99.0,
        "CAP_REP": 133.4,
        "CAP_MIN": -99.0,
        "DEPTH_M": 5.3,
        "DIS_AVG_LS": 1025577,
        "DOR_PC": 0.4,
        "ELEV_MASL": 22,
        "CATCH_SKM": 52329,
        "CATCH_REP": -99,
        "POWER_MW": -99,
        "DATA_INFO": null,
        "USE_IRRI": null,
        "USE_ELEC": "Main",
        "USE_SUPP": null,
        "USE_FCON": null,
        "USE_RECR": null,
        "USE_NAVI": null,
        "USE_FISH": null,
        "USE_PCON": null,
        "USE_LIVE": null,
        "USE_OTHR": null,
        "MAIN_USE": "Hydroelectricity",
        "MULTI_DAMS": null,
        "COMMENTS": "Volume may be over-reported",
        "URL": "http://www.snisb.gov.br/portal/snisb/relatorio-anual-de-seguranca-de-barragem/2017",
        "QUALITY": "3: Fair",
        "EDITOR": "McGill-PB",
        "LONG_RIV": -52.521636,
        "LAT_RIV": -0.64212,
        "LONG_DAM": 0.0,
        "LAT_DAM": 0.0,
        "ORIG_SRC": "GRanD",
        "POLY_SRC": "JRC-GSW-mod",
        "GRAND_ID": 7336,
        "HYRIV_ID": 60441673,
        "INSTREAM": "Instream",
        "HYLAK_ID": 1428129,
        "HYBAS_L12": 6121048280,
        "Score_Tota": 4
      },
      "geometry": {
        "type": "Point",
        "coordinates": [-52.521635823999986, -0.642120069999976]
      }
    },
    {
      "type": "Feature",
      "properties": {
        "fid": 23,
        "GDW_ID": 7273,
        "RES_NAME": "Calha Do Xingu Reservoir",
        "DAM_NAME": "Belo Monte",
        "ALT_NAME": "Dos Canais Reservoir; Kararao; Pimental",
        "DAM_TYPE": "Dam",
        "LAKE_CTRL": null,
        "RIVER": "Xingu",
        "ALT_RIVER": null,
        "MAIN_BASIN": "Amazon",
        "SUB_BASIN": null,
        "COUNTRY": "Brazil",
        "SEC_CNTRY": null,
        "ADMIN_UNIT": "Pará",
        "SEC_ADMIN": null,
        "NEAR_CITY": "Altamira",
        "ALT_CITY": null,
        "YEAR_DAM": 2019,
        "PRE_YEAR": -99,
        "YEAR_SRC": "GRanD",
        "ALT_YEAR": 2018,
        "REM_YEAR": -99,
        "TIMELINE": null,
        "YEAR_TXT": "Built 2019",
        "DAM_HGT_M": 36,
        "ALT_HGT_M": 90,
        "DAM_LEN_M": 6248,
        "ALT_LEN_M": 3545,
        "AREA_SKM": 368.616,
        "AREA_POLY": 368.616,
        "AREA_REP": 441.0,
        "AREA_MAX": -99.0,
        "AREA_MIN": -99.0,
        "CAP_MCM": 4518.0,
        "CAP_MAX": -99.0,
        "CAP_REP": 4518.0,
        "CAP_MIN": 3958.0,
        "DEPTH_M": 12.3,
        "DIS_AVG_LS": 8369313,
        "DOR_PC": 1.7,
        "ELEV_MASL": 34,
        "CATCH_SKM": 450314,
        "CATCH_REP": -99,
        "POWER_MW": -99,
        "DATA_INFO": null,
        "USE_IRRI": null,
        "USE_ELEC": "Main",
        "USE_SUPP": null,
        "USE_FCON": null,
        "USE_RECR": null,
        "USE_NAVI": null,
        "USE_FISH": null,
        "USE_PCON": null,
        "USE_LIVE": null,
        "USE_OTHR": null,
        "MAIN_USE": "Hydroelectricity",
        "MULTI_DAMS": "Yes",
        "COMMENTS": "Belo Monte/Pimental hydroelectric complex; a canal from the larger/main Calha Do Xingu reservoir (333 km2) feeds to the Dos Canais reservoir (108 km2) north of this dam; reported area and capacity are sum for both reservoirs",
        "URL": "https://en.wikipedia.org/wiki/Belo_Monte_Dam",
        "QUALITY": "2: Good",
        "EDITOR": "McGill-PB",
        "LONG_RIV": -51.946884,
        "LAT_RIV": -3.433997,
        "LONG_DAM": 0.0,
        "LAT_DAM": 0.0,
        "ORIG_SRC": "GRanD",
        "POLY_SRC": "JRC-GSW-mod",
        "GRAND_ID": 7345,
        "HYRIV_ID": 60629450,
        "INSTREAM": "Instream",
        "HYLAK_ID": 1428133,
        "HYBAS_L12": 6120290040,
        "Score_Tota": 4
      },
      "geometry": {
        "type": "Point",
        "coordinates": [-51.946884231999945, -3.433996889999946]
      }
    },
    {
      "type": "Feature",
      "properties": {
        "fid": 24,
        "GDW_ID": 7421,
        "RES_NAME": null,
        "DAM_NAME": "Colider",
        "ALT_NAME": null,
        "DAM_TYPE": "Dam",
        "LAKE_CTRL": null,
        "RIVER": "Teles Pires",
        "ALT_RIVER": null,
        "MAIN_BASIN": "Amazon",
        "SUB_BASIN": "Tapajos",
        "COUNTRY": "Brazil",
        "SEC_CNTRY": null,
        "ADMIN_UNIT": "Mato Grosso",
        "SEC_ADMIN": null,
        "NEAR_CITY": "Itauba",
        "ALT_CITY": null,
        "YEAR_DAM": 2019,
        "PRE_YEAR": -99,
        "YEAR_SRC": "GRanD",
        "ALT_YEAR": -99,
        "REM_YEAR": -99,
        "TIMELINE": null,
        "YEAR_TXT": "Built 2019",
        "DAM_HGT_M": 40,
        "ALT_HGT_M": -99,
        "DAM_LEN_M": 1526,
        "ALT_LEN_M": -99,
        "AREA_SKM": 147.916,
        "AREA_POLY": 147.916,
        "AREA_REP": 182.8,
        "AREA_MAX": -99.0,
        "AREA_MIN": -99.0,
        "CAP_MCM": 1520.0,
        "CAP_MAX": -99.0,
        "CAP_REP": 1520.0,
        "CAP_MIN": -99.0,
        "DEPTH_M": 10.3,
        "DIS_AVG_LS": 768993,
        "DOR_PC": 6.3,
        "ELEV_MASL": 254,
        "CATCH_SKM": 41339,
        "CATCH_REP": -99,
        "POWER_MW": -99,
        "DATA_INFO": null,
        "USE_IRRI": null,
        "USE_ELEC": "Main",
        "USE_SUPP": null,
        "USE_FCON": null,
        "USE_RECR": null,
        "USE_NAVI": null,
        "USE_FISH": null,
        "USE_PCON": null,
        "USE_LIVE": null,
        "USE_OTHR": null,
        "MAIN_USE": "Hydroelectricity",
        "MULTI_DAMS": null,
        "COMMENTS": null,
        "URL": "https://en.wikipedia.org/wiki/Col%C3%ADder_Dam",
        "QUALITY": "2: Good",
        "EDITOR": "McGill-PB",
        "LONG_RIV": -55.763411,
        "LAT_RIV": -10.984245,
        "LONG_DAM": 0.0,
        "LAT_DAM": 0.0,
        "ORIG_SRC": "GRanD",
        "POLY_SRC": "McGill",
        "GRAND_ID": 7355,
        "HYRIV_ID": 61048628,
        "INSTREAM": "Instream",
        "HYLAK_ID": 1428205,
        "HYBAS_L12": 6120507270,
        "Score_Tota": 4
      },
      "geometry": {
        "type": "Point",
        "coordinates": [-55.763411324999936, -10.984244657999966]
      }
    },
    {
      "type": "Feature",
      "properties": {
        "fid": 25,
        "GDW_ID": 12575,
        "RES_NAME": null,
        "DAM_NAME": null,
        "ALT_NAME": null,
        "DAM_TYPE": "Dam",
        "LAKE_CTRL": null,
        "RIVER": null,
        "ALT_RIVER": null,
        "MAIN_BASIN": null,
        "SUB_BASIN": null,
        "COUNTRY": "Colombia",
        "SEC_CNTRY": null,
        "ADMIN_UNIT": "Tolima",
        "SEC_ADMIN": null,
        "NEAR_CITY": null,
        "ALT_CITY": null,
        "YEAR_DAM": -99,
        "PRE_YEAR": -99,
        "YEAR_SRC": null,
        "ALT_YEAR": -99,
        "REM_YEAR": -99,
        "TIMELINE": null,
        "YEAR_TXT": "Unknown year",
        "DAM_HGT_M": -99,
        "ALT_HGT_M": -99,
        "DAM_LEN_M": -99,
        "ALT_LEN_M": -99,
        "AREA_SKM": 0.37,
        "AREA_POLY": 0.37,
        "AREA_REP": -99.0,
        "AREA_MAX": -99.0,
        "AREA_MIN": -99.0,
        "CAP_MCM": 5.5,
        "CAP_MAX": -99.0,
        "CAP_REP": -99.0,
        "CAP_MIN": -99.0,
        "DEPTH_M": 14.9,
        "DIS_AVG_LS": 84,
        "DOR_PC": 207.6,
        "ELEV_MASL": 241,
        "CATCH_SKM": 3,
        "CATCH_REP": -99,
        "POWER_MW": -99,
        "DATA_INFO": "Capacity from statistics - Eq 2",
        "USE_IRRI": null,
        "USE_ELEC": null,
        "USE_SUPP": null,
        "USE_FCON": null,
        "USE_RECR": null,
        "USE_NAVI": null,
        "USE_FISH": null,
        "USE_PCON": null,
        "USE_LIVE": null,
        "USE_OTHR": null,
        "MAIN_USE": null,
        "MULTI_DAMS": null,
        "COMMENTS": null,
        "URL": null,
        "QUALITY": "3: Fair",
        "EDITOR": "McGill-MA",
        "LONG_RIV": -74.849145,
        "LAT_RIV": 4.739532,
        "LONG_DAM": 0.0,
        "LAT_DAM": 0.0,
        "ORIG_SRC": "GOODD",
        "POLY_SRC": "JRC-GSW",
        "GRAND_ID": 0,
        "HYRIV_ID": 60159136,
        "INSTREAM": "Offstream",
        "HYLAK_ID": 1078116,
        "HYBAS_L12": 6120123440,
        "Score_Tota": 3
      },
      "geometry": {
        "type": "Point",
        "coordinates": [-74.849145066999938, 4.739532051000026]
      }
    },
    {
      "type": "Feature",
      "properties": {
        "fid": 26,
        "GDW_ID": 12593,
        "RES_NAME": null,
        "DAM_NAME": null,
        "ALT_NAME": null,
        "DAM_TYPE": "Dam",
        "LAKE_CTRL": null,
        "RIVER": null,
        "ALT_RIVER": null,
        "MAIN_BASIN": null,
        "SUB_BASIN": null,
        "COUNTRY": "Brazil",
        "SEC_CNTRY": null,
        "ADMIN_UNIT": "Ceará",
        "SEC_ADMIN": null,
        "NEAR_CITY": null,
        "ALT_CITY": null,
        "YEAR_DAM": -99,
        "PRE_YEAR": -99,
        "YEAR_SRC": null,
        "ALT_YEAR": -99,
        "REM_YEAR": -99,
        "TIMELINE": null,
        "YEAR_TXT": "Unknown year",
        "DAM_HGT_M": -99,
        "ALT_HGT_M": -99,
        "DAM_LEN_M": -99,
        "ALT_LEN_M": -99,
        "AREA_SKM": 0.34,
        "AREA_POLY": 0.34,
        "AREA_REP": -99.0,
        "AREA_MAX": -99.0,
        "AREA_MIN": -99.0,
        "CAP_MCM": 5.0,
        "CAP_MAX": -99.0,
        "CAP_REP": -99.0,
        "CAP_MIN": -99.0,
        "DEPTH_M": 14.7,
        "DIS_AVG_LS": 35,
        "DOR_PC": 453.0,
        "ELEV_MASL": 15,
        "CATCH_SKM": 3,
        "CATCH_REP": -99,
        "POWER_MW": -99,
        "DATA_INFO": "Capacity from statistics - Eq 2",
        "USE_IRRI": null,
        "USE_ELEC": null,
        "USE_SUPP": null,
        "USE_FCON": null,
        "USE_RECR": null,
        "USE_NAVI": null,
        "USE_FISH": null,
        "USE_PCON": null,
        "USE_LIVE": null,
        "USE_OTHR": null,
        "MAIN_USE": null,
        "MULTI_DAMS": null,
        "COMMENTS": null,
        "URL": null,
        "QUALITY": "3: Fair",
        "EDITOR": "McGill-MA",
        "LONG_RIV": -40.800264,
        "LAT_RIV": -3.087145,
        "LONG_DAM": 0.0,
        "LAT_DAM": 0.0,
        "ORIG_SRC": "GOODD",
        "POLY_SRC": "JRC-GSW",
        "GRAND_ID": 0,
        "HYRIV_ID": 60607468,
        "INSTREAM": "Offstream",
        "HYLAK_ID": 1083184,
        "HYBAS_L12": 6121070740,
        "Score_Tota": 3
      },
      "geometry": {
        "type": "Point",
        "coordinates": [-40.800264367999944, -3.087145114999942]
      }
    },
    {
      "type": "Feature",
      "properties": {
        "fid": 27,
        "GDW_ID": 12596,
        "RES_NAME": null,
        "DAM_NAME": null,
        "ALT_NAME": null,
        "DAM_TYPE": "Dam",
        "LAKE_CTRL": null,
        "RIVER": null,
        "ALT_RIVER": null,
        "MAIN_BASIN": null,
        "SUB_BASIN": null,
        "COUNTRY": "Brazil",
        "SEC_CNTRY": null,
        "ADMIN_UNIT": "Ceará",
        "SEC_ADMIN": null,
        "NEAR_CITY": null,
        "ALT_CITY": null,
        "YEAR_DAM": -99,
        "PRE_YEAR": -99,
        "YEAR_SRC": null,
        "ALT_YEAR": -99,
        "REM_YEAR": -99,
        "TIMELINE": null,
        "YEAR_TXT": "Unknown year",
        "DAM_HGT_M": -99,
        "ALT_HGT_M": -99,
        "DAM_LEN_M": -99,
        "ALT_LEN_M": -99,
        "AREA_SKM": 0.238,
        "AREA_POLY": 0.238,
        "AREA_REP": -99.0,
        "AREA_MAX": -99.0,
        "AREA_MIN": -99.0,
        "CAP_MCM": 3.4,
        "CAP_MAX": -99.0,
        "CAP_REP": -99.0,
        "CAP_MIN": -99.0,
        "DEPTH_M": 14.3,
        "DIS_AVG_LS": 77,
        "DOR_PC": 140.0,
        "ELEV_MASL": 43,
        "CATCH_SKM": 8,
        "CATCH_REP": -99,
        "POWER_MW": -99,
        "DATA_INFO": "Capacity from statistics - Eq 2",
        "USE_IRRI": null,
        "USE_ELEC": null,
        "USE_SUPP": null,
        "USE_FCON": null,
        "USE_RECR": null,
        "USE_NAVI": null,
        "USE_FISH": null,
        "USE_PCON": null,
        "USE_LIVE": null,
        "USE_OTHR": null,
        "MAIN_USE": null,
        "MULTI_DAMS": null,
        "COMMENTS": null,
        "URL": null,
        "QUALITY": "3: Fair",
        "EDITOR": "McGill-MA",
        "LONG_RIV": -40.430194,
        "LAT_RIV": -3.147996,
        "LONG_DAM": 0.0,
        "LAT_DAM": 0.0,
        "ORIG_SRC": "GOODD",
        "POLY_SRC": "JRC-GSW",
        "GRAND_ID": 0,
        "HYRIV_ID": 60610104,
        "INSTREAM": "Offstream",
        "HYLAK_ID": 1083281,
        "HYBAS_L12": 6120278670,
        "Score_Tota": 3
      },
      "geometry": {
        "type": "Point",
        "coordinates": [-40.430193648999932, -3.147996048999971]
      }
    },
    {
      "type": "Feature",
      "properties": {
        "fid": 28,
        "GDW_ID": 12597,
        "RES_NAME": null,
        "DAM_NAME": null,
        "ALT_NAME": null,
        "DAM_TYPE": "Dam",
        "LAKE_CTRL": null,
        "RIVER": null,
        "ALT_RIVER": null,
        "MAIN_BASIN": null,
        "SUB_BASIN": null,
        "COUNTRY": "Brazil",
        "SEC_CNTRY": null,
        "ADMIN_UNIT": "Ceará",
        "SEC_ADMIN": null,
        "NEAR_CITY": null,
        "ALT_CITY": null,
        "YEAR_DAM": 1986,
        "PRE_YEAR": -99,
        "YEAR_SRC": "Estimated",
        "ALT_YEAR": -99,
        "REM_YEAR": -99,
        "TIMELINE": null,
        "YEAR_TXT": "Built 1986",
        "DAM_HGT_M": -99,
        "ALT_HGT_M": -99,
        "DAM_LEN_M": -99,
        "ALT_LEN_M": -99,
        "AREA_SKM": 0.179,
        "AREA_POLY": 0.179,
        "AREA_REP": -99.0,
        "AREA_MAX": -99.0,
        "AREA_MIN": -99.0,
        "CAP_MCM": 2.5,
        "CAP_MAX": -99.0,
        "CAP_REP": -99.0,
        "CAP_MIN": -99.0,
        "DEPTH_M": 14.0,
        "DIS_AVG_LS": 42,
        "DOR_PC": 188.7,
        "ELEV_MASL": 59,
        "CATCH_SKM": 4,
        "CATCH_REP": -99,
        "POWER_MW": -99,
        "DATA_INFO": "Capacity from statistics - Eq 2",
        "USE_IRRI": null,
        "USE_ELEC": null,
        "USE_SUPP": null,
        "USE_FCON": null,
        "USE_RECR": null,
        "USE_NAVI": null,
        "USE_FISH": null,
        "USE_PCON": null,
        "USE_LIVE": null,
        "USE_OTHR": null,
        "MAIN_USE": null,
        "MULTI_DAMS": null,
        "COMMENTS": null,
        "URL": null,
        "QUALITY": "3: Fair",
        "EDITOR": "McGill-MA",
        "LONG_RIV": -40.680121,
        "LAT_RIV": -3.203636,
        "LONG_DAM": 0.0,
        "LAT_DAM": 0.0,
        "ORIG_SRC": "GOODD",
        "POLY_SRC": "JRC-GSW",
        "GRAND_ID": 0,
        "HYRIV_ID": 60612973,
        "INSTREAM": "Offstream",
        "HYLAK_ID": 1083397,
        "HYBAS_L12": 6120279520,
        "Score_Tota": 3
      },
      "geometry": {
        "type": "Point",
        "coordinates": [-40.68012132399997, -3.203636028999938]
      }
    },
    {
      "type": "Feature",
      "properties": {
        "fid": 29,
        "GDW_ID": 12598,
        "RES_NAME": null,
        "DAM_NAME": null,
        "ALT_NAME": null,
        "DAM_TYPE": "Dam",
        "LAKE_CTRL": null,
        "RIVER": null,
        "ALT_RIVER": null,
        "MAIN_BASIN": null,
        "SUB_BASIN": null,
        "COUNTRY": "Brazil",
        "SEC_CNTRY": null,
        "ADMIN_UNIT": "Ceará",
        "SEC_ADMIN": null,
        "NEAR_CITY": null,
        "ALT_CITY": null,
        "YEAR_DAM": -99,
        "PRE_YEAR": -99,
        "YEAR_SRC": null,
        "ALT_YEAR": -99,
        "REM_YEAR": -99,
        "TIMELINE": null,
        "YEAR_TXT": "Unknown year",
        "DAM_HGT_M": -99,
        "ALT_HGT_M": -99,
        "DAM_LEN_M": -99,
        "ALT_LEN_M": -99,
        "AREA_SKM": 0.42,
        "AREA_POLY": 0.42,
        "AREA_REP": -99.0,
        "AREA_MAX": -99.0,
        "AREA_MIN": -99.0,
        "CAP_MCM": 6.2,
        "CAP_MAX": -99.0,
        "CAP_REP": -99.0,
        "CAP_MIN": -99.0,
        "DEPTH_M": 14.8,
        "DIS_AVG_LS": 185,
        "DOR_PC": 106.3,
        "ELEV_MASL": 48,
        "CATCH_SKM": 16,
        "CATCH_REP": -99,
        "POWER_MW": -99,
        "DATA_INFO": "Capacity from statistics - Eq 2",
        "USE_IRRI": null,
        "USE_ELEC": null,
        "USE_SUPP": null,
        "USE_FCON": null,
        "USE_RECR": null,
        "USE_NAVI": null,
        "USE_FISH": null,
        "USE_PCON": null,
        "USE_LIVE": null,
        "USE_OTHR": null,
        "MAIN_USE": null,
        "MULTI_DAMS": null,
        "COMMENTS": null,
        "URL": null,
        "QUALITY": "3: Fair",
        "EDITOR": "McGill-MA",
        "LONG_RIV": -40.755208,
        "LAT_RIV": -3.214978,
        "LONG_DAM": 0.0,
        "LAT_DAM": 0.0,
        "ORIG_SRC": "GOODD",
        "POLY_SRC": "SWBD",
        "GRAND_ID": 0,
        "HYRIV_ID": 60614142,
        "INSTREAM": "Instream",
        "HYLAK_ID": 1083416,
        "HYBAS_L12": 6120281180,
        "Score_Tota": 3
      },
      "geometry": { "type": "Point", "coordinates": [-40.755208, -3.214978] }
    },
    {
      "type": "Feature",
      "properties": {
        "fid": 30,
        "GDW_ID": 12599,
        "RES_NAME": null,
        "DAM_NAME": null,
        "ALT_NAME": null,
        "DAM_TYPE": "Dam",
        "LAKE_CTRL": null,
        "RIVER": null,
        "ALT_RIVER": null,
        "MAIN_BASIN": null,
        "SUB_BASIN": null,
        "COUNTRY": "Brazil",
        "SEC_CNTRY": null,
        "ADMIN_UNIT": "Ceará",
        "SEC_ADMIN": null,
        "NEAR_CITY": null,
        "ALT_CITY": null,
        "YEAR_DAM": -99,
        "PRE_YEAR": -99,
        "YEAR_SRC": null,
        "ALT_YEAR": -99,
        "REM_YEAR": -99,
        "TIMELINE": null,
        "YEAR_TXT": "Unknown year",
        "DAM_HGT_M": -99,
        "ALT_HGT_M": -99,
        "DAM_LEN_M": -99,
        "ALT_LEN_M": -99,
        "AREA_SKM": 0.11,
        "AREA_POLY": 0.11,
        "AREA_REP": -99.0,
        "AREA_MAX": -99.0,
        "AREA_MIN": -99.0,
        "CAP_MCM": 1.5,
        "CAP_MAX": -99.0,
        "CAP_REP": -99.0,
        "CAP_MIN": -99.0,
        "DEPTH_M": 13.6,
        "DIS_AVG_LS": 73,
        "DOR_PC": 65.2,
        "ELEV_MASL": 72,
        "CATCH_SKM": 6,
        "CATCH_REP": -99,
        "POWER_MW": -99,
        "DATA_INFO": "Capacity from statistics - Eq 2",
        "USE_IRRI": null,
        "USE_ELEC": null,
        "USE_SUPP": null,
        "USE_FCON": null,
        "USE_RECR": null,
        "USE_NAVI": null,
        "USE_FISH": null,
        "USE_PCON": null,
        "USE_LIVE": null,
        "USE_OTHR": null,
        "MAIN_USE": null,
        "MULTI_DAMS": null,
        "COMMENTS": null,
        "URL": null,
        "QUALITY": "3: Fair",
        "EDITOR": "McGill-MA",
        "LONG_RIV": -40.707583,
        "LAT_RIV": -3.216625,
        "LONG_DAM": 0.0,
        "LAT_DAM": 0.0,
        "ORIG_SRC": "GOODD",
        "POLY_SRC": "JRC-GSW",
        "GRAND_ID": 0,
        "HYRIV_ID": 60612972,
        "INSTREAM": "Offstream",
        "HYLAK_ID": 1083420,
        "HYBAS_L12": 6121070350,
        "Score_Tota": 3
      },
      "geometry": {
        "type": "Point",
        "coordinates": [-40.707583332999945, -3.216625]
      }
    },
    {
      "type": "Feature",
      "properties": {
        "fid": 31,
        "GDW_ID": 12602,
        "RES_NAME": null,
        "DAM_NAME": null,
        "ALT_NAME": null,
        "DAM_TYPE": "Dam",
        "LAKE_CTRL": null,
        "RIVER": null,
        "ALT_RIVER": null,
        "MAIN_BASIN": null,
        "SUB_BASIN": null,
        "COUNTRY": "Brazil",
        "SEC_CNTRY": null,
        "ADMIN_UNIT": "Ceará",
        "SEC_ADMIN": null,
        "NEAR_CITY": null,
        "ALT_CITY": null,
        "YEAR_DAM": -99,
        "PRE_YEAR": -99,
        "YEAR_SRC": null,
        "ALT_YEAR": -99,
        "REM_YEAR": -99,
        "TIMELINE": null,
        "YEAR_TXT": "Unknown year",
        "DAM_HGT_M": -99,
        "ALT_HGT_M": -99,
        "DAM_LEN_M": -99,
        "ALT_LEN_M": -99,
        "AREA_SKM": 0.297,
        "AREA_POLY": 0.297,
        "AREA_REP": -99.0,
        "AREA_MAX": -99.0,
        "AREA_MIN": -99.0,
        "CAP_MCM": 4.3,
        "CAP_MAX": -99.0,
        "CAP_REP": -99.0,
        "CAP_MIN": -99.0,
        "DEPTH_M": 14.5,
        "DIS_AVG_LS": 151,
        "DOR_PC": 90.3,
        "ELEV_MASL": 87,
        "CATCH_SKM": 13,
        "CATCH_REP": -99,
        "POWER_MW": -99,
        "DATA_INFO": "Capacity from statistics - Eq 2",
        "USE_IRRI": null,
        "USE_ELEC": null,
        "USE_SUPP": null,
        "USE_FCON": null,
        "USE_RECR": null,
        "USE_NAVI": null,
        "USE_FISH": null,
        "USE_PCON": null,
        "USE_LIVE": null,
        "USE_OTHR": null,
        "MAIN_USE": null,
        "MULTI_DAMS": null,
        "COMMENTS": null,
        "URL": null,
        "QUALITY": "3: Fair",
        "EDITOR": "McGill-MA",
        "LONG_RIV": -40.240691,
        "LAT_RIV": -3.269343,
        "LONG_DAM": 0.0,
        "LAT_DAM": 0.0,
        "ORIG_SRC": "GOODD",
        "POLY_SRC": "JRC-GSW",
        "GRAND_ID": 0,
        "HYRIV_ID": 60617556,
        "INSTREAM": "Offstream",
        "HYLAK_ID": 1083547,
        "HYBAS_L12": 6120279220,
        "Score_Tota": 3
      },
      "geometry": {
        "type": "Point",
        "coordinates": [-40.240691450999975, -3.26934339099995]
      }
    },
    {
      "type": "Feature",
      "properties": {
        "fid": 32,
        "GDW_ID": 29906,
        "RES_NAME": null,
        "DAM_NAME": null,
        "ALT_NAME": null,
        "DAM_TYPE": "Dam",
        "LAKE_CTRL": null,
        "RIVER": null,
        "ALT_RIVER": null,
        "MAIN_BASIN": null,
        "SUB_BASIN": null,
        "COUNTRY": "Brazil",
        "SEC_CNTRY": null,
        "ADMIN_UNIT": "Ceará",
        "SEC_ADMIN": null,
        "NEAR_CITY": null,
        "ALT_CITY": null,
        "YEAR_DAM": -99,
        "PRE_YEAR": -99,
        "YEAR_SRC": null,
        "ALT_YEAR": -99,
        "REM_YEAR": -99,
        "TIMELINE": null,
        "YEAR_TXT": "Unknown year",
        "DAM_HGT_M": -99,
        "ALT_HGT_M": -99,
        "DAM_LEN_M": -99,
        "ALT_LEN_M": -99,
        "AREA_SKM": 0.012,
        "AREA_POLY": 0.012,
        "AREA_REP": -99.0,
        "AREA_MAX": -99.0,
        "AREA_MIN": -99.0,
        "CAP_MCM": 0.1,
        "CAP_MAX": -99.0,
        "CAP_REP": -99.0,
        "CAP_MIN": -99.0,
        "DEPTH_M": 8.3,
        "DIS_AVG_LS": 2,
        "DOR_PC": 158.5,
        "ELEV_MASL": 141,
        "CATCH_SKM": 0,
        "CATCH_REP": -99,
        "POWER_MW": -99,
        "DATA_INFO": "Capacity from statistics - Eq 2",
        "USE_IRRI": null,
        "USE_ELEC": null,
        "USE_SUPP": null,
        "USE_FCON": null,
        "USE_RECR": null,
        "USE_NAVI": null,
        "USE_FISH": null,
        "USE_PCON": null,
        "USE_LIVE": null,
        "USE_OTHR": null,
        "MAIN_USE": null,
        "MULTI_DAMS": null,
        "COMMENTS": null,
        "URL": null,
        "QUALITY": "3: Fair",
        "EDITOR": "McGill-MA",
        "LONG_RIV": -38.728507,
        "LAT_RIV": -4.020648,
        "LONG_DAM": 0.0,
        "LAT_DAM": 0.0,
        "ORIG_SRC": "GOODD",
        "POLY_SRC": "JRC-GSW-mod",
        "GRAND_ID": 0,
        "HYRIV_ID": 60667105,
        "INSTREAM": "Offstream",
        "HYLAK_ID": 0,
        "HYBAS_L12": 6121082480,
        "Score_Tota": 5
      },
      "geometry": {
        "type": "Point",
        "coordinates": [-38.728506657999958, -4.020647794999945]
      }
    },
    {
      "type": "Feature",
      "properties": {
        "fid": 33,
        "GDW_ID": 29972,
        "RES_NAME": null,
        "DAM_NAME": null,
        "ALT_NAME": null,
        "DAM_TYPE": "Dam",
        "LAKE_CTRL": null,
        "RIVER": null,
        "ALT_RIVER": null,
        "MAIN_BASIN": null,
        "SUB_BASIN": null,
        "COUNTRY": "Brazil",
        "SEC_CNTRY": null,
        "ADMIN_UNIT": "Ceará",
        "SEC_ADMIN": null,
        "NEAR_CITY": null,
        "ALT_CITY": null,
        "YEAR_DAM": -99,
        "PRE_YEAR": 1985,
        "YEAR_SRC": "Estimated",
        "ALT_YEAR": -99,
        "REM_YEAR": -99,
        "TIMELINE": null,
        "YEAR_TXT": "Built before 1985",
        "DAM_HGT_M": -99,
        "ALT_HGT_M": -99,
        "DAM_LEN_M": -99,
        "ALT_LEN_M": -99,
        "AREA_SKM": 0.011,
        "AREA_POLY": 0.011,
        "AREA_REP": -99.0,
        "AREA_MAX": -99.0,
        "AREA_MIN": -99.0,
        "CAP_MCM": 0.1,
        "CAP_MAX": -99.0,
        "CAP_REP": -99.0,
        "CAP_MIN": -99.0,
        "DEPTH_M": 9.1,
        "DIS_AVG_LS": 5,
        "DOR_PC": 63.4,
        "ELEV_MASL": 97,
        "CATCH_SKM": 1,
        "CATCH_REP": -99,
        "POWER_MW": -99,
        "DATA_INFO": "Capacity from statistics - Eq 2",
        "USE_IRRI": null,
        "USE_ELEC": null,
        "USE_SUPP": null,
        "USE_FCON": null,
        "USE_RECR": null,
        "USE_NAVI": null,
        "USE_FISH": null,
        "USE_PCON": null,
        "USE_LIVE": null,
        "USE_OTHR": null,
        "MAIN_USE": null,
        "MULTI_DAMS": null,
        "COMMENTS": null,
        "URL": null,
        "QUALITY": "3: Fair",
        "EDITOR": "McGill-MA",
        "LONG_RIV": -38.738105,
        "LAT_RIV": -4.085173,
        "LONG_DAM": 0.0,
        "LAT_DAM": 0.0,
        "ORIG_SRC": "GOODD",
        "POLY_SRC": "JRC-GSW",
        "GRAND_ID": 0,
        "HYRIV_ID": 60673791,
        "INSTREAM": "Offstream",
        "HYLAK_ID": 0,
        "HYBAS_L12": 6120307710,
        "Score_Tota": 5
      },
      "geometry": {
        "type": "Point",
        "coordinates": [-38.738105091999955, -4.085172660999945]
      }
    },
    {
      "type": "Feature",
      "properties": {
        "fid": 34,
        "GDW_ID": 29979,
        "RES_NAME": null,
        "DAM_NAME": null,
        "ALT_NAME": null,
        "DAM_TYPE": "Dam",
        "LAKE_CTRL": null,
        "RIVER": null,
        "ALT_RIVER": null,
        "MAIN_BASIN": null,
        "SUB_BASIN": null,
        "COUNTRY": "Brazil",
        "SEC_CNTRY": null,
        "ADMIN_UNIT": "Ceará",
        "SEC_ADMIN": null,
        "NEAR_CITY": null,
        "ALT_CITY": null,
        "YEAR_DAM": 1999,
        "PRE_YEAR": -99,
        "YEAR_SRC": "Estimated",
        "ALT_YEAR": -99,
        "REM_YEAR": -99,
        "TIMELINE": null,
        "YEAR_TXT": "Built 1999",
        "DAM_HGT_M": -99,
        "ALT_HGT_M": -99,
        "DAM_LEN_M": -99,
        "ALT_LEN_M": -99,
        "AREA_SKM": 0.012,
        "AREA_POLY": 0.012,
        "AREA_REP": -99.0,
        "AREA_MAX": -99.0,
        "AREA_MIN": -99.0,
        "CAP_MCM": 0.1,
        "CAP_MAX": -99.0,
        "CAP_REP": -99.0,
        "CAP_MIN": -99.0,
        "DEPTH_M": 8.3,
        "DIS_AVG_LS": 2,
        "DOR_PC": 158.5,
        "ELEV_MASL": 113,
        "CATCH_SKM": 0,
        "CATCH_REP": -99,
        "POWER_MW": -99,
        "DATA_INFO": "Capacity from statistics - Eq 2",
        "USE_IRRI": null,
        "USE_ELEC": null,
        "USE_SUPP": null,
        "USE_FCON": null,
        "USE_RECR": null,
        "USE_NAVI": null,
        "USE_FISH": null,
        "USE_PCON": null,
        "USE_LIVE": null,
        "USE_OTHR": null,
        "MAIN_USE": null,
        "MULTI_DAMS": null,
        "COMMENTS": null,
        "URL": null,
        "QUALITY": "3: Fair",
        "EDITOR": "McGill-MA",
        "LONG_RIV": -38.772994,
        "LAT_RIV": -4.089069,
        "LONG_DAM": 0.0,
        "LAT_DAM": 0.0,
        "ORIG_SRC": "GOODD",
        "POLY_SRC": "JRC-GSW",
        "GRAND_ID": 0,
        "HYRIV_ID": 60673791,
        "INSTREAM": "Offstream",
        "HYLAK_ID": 0,
        "HYBAS_L12": 6121082480,
        "Score_Tota": 5
      },
      "geometry": {
        "type": "Point",
        "coordinates": [-38.77299371099997, -4.089069324999969]
      }
    },
    {
      "type": "Feature",
      "properties": {
        "fid": 35,
        "GDW_ID": 29983,
        "RES_NAME": null,
        "DAM_NAME": null,
        "ALT_NAME": null,
        "DAM_TYPE": "Dam",
        "LAKE_CTRL": null,
        "RIVER": null,
        "ALT_RIVER": null,
        "MAIN_BASIN": null,
        "SUB_BASIN": null,
        "COUNTRY": "Brazil",
        "SEC_CNTRY": null,
        "ADMIN_UNIT": "Ceará",
        "SEC_ADMIN": null,
        "NEAR_CITY": null,
        "ALT_CITY": null,
        "YEAR_DAM": -99,
        "PRE_YEAR": -99,
        "YEAR_SRC": null,
        "ALT_YEAR": -99,
        "REM_YEAR": -99,
        "TIMELINE": null,
        "YEAR_TXT": "Unknown year",
        "DAM_HGT_M": -99,
        "ALT_HGT_M": -99,
        "DAM_LEN_M": -99,
        "ALT_LEN_M": -99,
        "AREA_SKM": 0.011,
        "AREA_POLY": 0.011,
        "AREA_REP": -99.0,
        "AREA_MAX": -99.0,
        "AREA_MIN": -99.0,
        "CAP_MCM": 0.1,
        "CAP_MAX": -99.0,
        "CAP_REP": -99.0,
        "CAP_MIN": -99.0,
        "DEPTH_M": 9.1,
        "DIS_AVG_LS": 2,
        "DOR_PC": 158.5,
        "ELEV_MASL": 120,
        "CATCH_SKM": 0,
        "CATCH_REP": -99,
        "POWER_MW": -99,
        "DATA_INFO": "Capacity from statistics - Eq 2",
        "USE_IRRI": null,
        "USE_ELEC": null,
        "USE_SUPP": null,
        "USE_FCON": null,
        "USE_RECR": null,
        "USE_NAVI": null,
        "USE_FISH": null,
        "USE_PCON": null,
        "USE_LIVE": null,
        "USE_OTHR": null,
        "MAIN_USE": null,
        "MULTI_DAMS": null,
        "COMMENTS": null,
        "URL": null,
        "QUALITY": "3: Fair",
        "EDITOR": "McGill-MA",
        "LONG_RIV": -38.775919,
        "LAT_RIV": -4.092417,
        "LONG_DAM": 0.0,
        "LAT_DAM": 0.0,
        "ORIG_SRC": "GOODD",
        "POLY_SRC": "JRC-GSW",
        "GRAND_ID": 0,
        "HYRIV_ID": 60674049,
        "INSTREAM": "Offstream",
        "HYLAK_ID": 0,
        "HYBAS_L12": 6120308840,
        "Score_Tota": 5
      },
      "geometry": {
        "type": "Point",
        "coordinates": [-38.775919281999961, -4.092417332999958]
      }
    },
    {
      "type": "Feature",
      "properties": {
        "fid": 36,
        "GDW_ID": 30126,
        "RES_NAME": null,
        "DAM_NAME": null,
        "ALT_NAME": null,
        "DAM_TYPE": "Dam",
        "LAKE_CTRL": null,
        "RIVER": null,
        "ALT_RIVER": null,
        "MAIN_BASIN": null,
        "SUB_BASIN": null,
        "COUNTRY": "Brazil",
        "SEC_CNTRY": null,
        "ADMIN_UNIT": "Maranhão",
        "SEC_ADMIN": null,
        "NEAR_CITY": null,
        "ALT_CITY": null,
        "YEAR_DAM": -99,
        "PRE_YEAR": -99,
        "YEAR_SRC": null,
        "ALT_YEAR": -99,
        "REM_YEAR": -99,
        "TIMELINE": null,
        "YEAR_TXT": "Unknown year",
        "DAM_HGT_M": -99,
        "ALT_HGT_M": -99,
        "DAM_LEN_M": -99,
        "ALT_LEN_M": -99,
        "AREA_SKM": 0.012,
        "AREA_POLY": 0.012,
        "AREA_REP": -99.0,
        "AREA_MAX": -99.0,
        "AREA_MIN": -99.0,
        "CAP_MCM": 0.1,
        "CAP_MAX": -99.0,
        "CAP_REP": -99.0,
        "CAP_MIN": -99.0,
        "DEPTH_M": 8.3,
        "DIS_AVG_LS": 6,
        "DOR_PC": 52.8,
        "ELEV_MASL": 38,
        "CATCH_SKM": 0,
        "CATCH_REP": -99,
        "POWER_MW": -99,
        "DATA_INFO": "Capacity from statistics - Eq 2",
        "USE_IRRI": null,
        "USE_ELEC": null,
        "USE_SUPP": null,
        "USE_FCON": null,
        "USE_RECR": null,
        "USE_NAVI": null,
        "USE_FISH": null,
        "USE_PCON": null,
        "USE_LIVE": null,
        "USE_OTHR": null,
        "MAIN_USE": null,
        "MULTI_DAMS": null,
        "COMMENTS": null,
        "URL": null,
        "QUALITY": "3: Fair",
        "EDITOR": "McGill-MA",
        "LONG_RIV": -44.652552,
        "LAT_RIV": -4.264268,
        "LONG_DAM": 0.0,
        "LAT_DAM": 0.0,
        "ORIG_SRC": "GOODD",
        "POLY_SRC": "JRC-GSW-mod",
        "GRAND_ID": 0,
        "HYRIV_ID": 60682507,
        "INSTREAM": "Offstream",
        "HYLAK_ID": 0,
        "HYBAS_L12": 6121083290,
        "Score_Tota": 5
      },
      "geometry": {
        "type": "Point",
        "coordinates": [-44.65255179299993, -4.264268064999953]
      }
    },
    {
      "type": "Feature",
      "properties": {
        "fid": 37,
        "GDW_ID": 30151,
        "RES_NAME": null,
        "DAM_NAME": null,
        "ALT_NAME": null,
        "DAM_TYPE": "Dam",
        "LAKE_CTRL": null,
        "RIVER": null,
        "ALT_RIVER": null,
        "MAIN_BASIN": null,
        "SUB_BASIN": null,
        "COUNTRY": "Brazil",
        "SEC_CNTRY": null,
        "ADMIN_UNIT": "Maranhão",
        "SEC_ADMIN": null,
        "NEAR_CITY": null,
        "ALT_CITY": null,
        "YEAR_DAM": -99,
        "PRE_YEAR": -99,
        "YEAR_SRC": null,
        "ALT_YEAR": -99,
        "REM_YEAR": -99,
        "TIMELINE": null,
        "YEAR_TXT": "Unknown year",
        "DAM_HGT_M": -99,
        "ALT_HGT_M": -99,
        "DAM_LEN_M": -99,
        "ALT_LEN_M": -99,
        "AREA_SKM": 0.012,
        "AREA_POLY": 0.012,
        "AREA_REP": -99.0,
        "AREA_MAX": -99.0,
        "AREA_MIN": -99.0,
        "CAP_MCM": 0.1,
        "CAP_MAX": -99.0,
        "CAP_REP": -99.0,
        "CAP_MIN": -99.0,
        "DEPTH_M": 8.3,
        "DIS_AVG_LS": 4,
        "DOR_PC": 79.3,
        "ELEV_MASL": 47,
        "CATCH_SKM": 0,
        "CATCH_REP": -99,
        "POWER_MW": -99,
        "DATA_INFO": "Capacity from statistics - Eq 2",
        "USE_IRRI": null,
        "USE_ELEC": null,
        "USE_SUPP": null,
        "USE_FCON": null,
        "USE_RECR": null,
        "USE_NAVI": null,
        "USE_FISH": null,
        "USE_PCON": null,
        "USE_LIVE": null,
        "USE_OTHR": null,
        "MAIN_USE": null,
        "MULTI_DAMS": null,
        "COMMENTS": null,
        "URL": null,
        "QUALITY": "3: Fair",
        "EDITOR": "McGill-MA",
        "LONG_RIV": -45.130302,
        "LAT_RIV": -4.333559,
        "LONG_DAM": 0.0,
        "LAT_DAM": 0.0,
        "ORIG_SRC": "GOODD",
        "POLY_SRC": "JRC-GSW",
        "GRAND_ID": 0,
        "HYRIV_ID": 60690603,
        "INSTREAM": "Offstream",
        "HYLAK_ID": 0,
        "HYBAS_L12": 6120309990,
        "Score_Tota": 5
      },
      "geometry": {
        "type": "Point",
        "coordinates": [-45.130301571999951, -4.333558735999929]
      }
    },
    {
      "type": "Feature",
      "properties": {
        "fid": 38,
        "GDW_ID": 30153,
        "RES_NAME": null,
        "DAM_NAME": null,
        "ALT_NAME": null,
        "DAM_TYPE": "Dam",
        "LAKE_CTRL": null,
        "RIVER": null,
        "ALT_RIVER": null,
        "MAIN_BASIN": null,
        "SUB_BASIN": null,
        "COUNTRY": "Brazil",
        "SEC_CNTRY": null,
        "ADMIN_UNIT": "Maranhão",
        "SEC_ADMIN": null,
        "NEAR_CITY": null,
        "ALT_CITY": null,
        "YEAR_DAM": -99,
        "PRE_YEAR": -99,
        "YEAR_SRC": null,
        "ALT_YEAR": -99,
        "REM_YEAR": -99,
        "TIMELINE": null,
        "YEAR_TXT": "Unknown year",
        "DAM_HGT_M": -99,
        "ALT_HGT_M": -99,
        "DAM_LEN_M": -99,
        "ALT_LEN_M": -99,
        "AREA_SKM": 0.011,
        "AREA_POLY": 0.011,
        "AREA_REP": -99.0,
        "AREA_MAX": -99.0,
        "AREA_MIN": -99.0,
        "CAP_MCM": 0.1,
        "CAP_MAX": -99.0,
        "CAP_REP": -99.0,
        "CAP_MIN": -99.0,
        "DEPTH_M": 9.1,
        "DIS_AVG_LS": 4,
        "DOR_PC": 79.3,
        "ELEV_MASL": 50,
        "CATCH_SKM": 0,
        "CATCH_REP": -99,
        "POWER_MW": -99,
        "DATA_INFO": "Capacity from statistics - Eq 2",
        "USE_IRRI": null,
        "USE_ELEC": null,
        "USE_SUPP": null,
        "USE_FCON": null,
        "USE_RECR": null,
        "USE_NAVI": null,
        "USE_FISH": null,
        "USE_PCON": null,
        "USE_LIVE": null,
        "USE_OTHR": null,
        "MAIN_USE": null,
        "MULTI_DAMS": null,
        "COMMENTS": null,
        "URL": null,
        "QUALITY": "3: Fair",
        "EDITOR": "McGill-MA",
        "LONG_RIV": -45.24428,
        "LAT_RIV": -4.350793,
        "LONG_DAM": 0.0,
        "LAT_DAM": 0.0,
        "ORIG_SRC": "GOODD",
        "POLY_SRC": "JRC-GSW",
        "GRAND_ID": 0,
        "HYRIV_ID": 60691874,
        "INSTREAM": "Offstream",
        "HYLAK_ID": 0,
        "HYBAS_L12": 6120313180,
        "Score_Tota": 5
      },
      "geometry": {
        "type": "Point",
        "coordinates": [-45.244279672999937, -4.350792727999931]
      }
    },
    {
      "type": "Feature",
      "properties": {
        "fid": 39,
        "GDW_ID": 30169,
        "RES_NAME": null,
        "DAM_NAME": null,
        "ALT_NAME": null,
        "DAM_TYPE": "Dam",
        "LAKE_CTRL": null,
        "RIVER": null,
        "ALT_RIVER": null,
        "MAIN_BASIN": null,
        "SUB_BASIN": null,
        "COUNTRY": "Brazil",
        "SEC_CNTRY": null,
        "ADMIN_UNIT": "Ceará",
        "SEC_ADMIN": null,
        "NEAR_CITY": null,
        "ALT_CITY": null,
        "YEAR_DAM": -99,
        "PRE_YEAR": -99,
        "YEAR_SRC": null,
        "ALT_YEAR": -99,
        "REM_YEAR": -99,
        "TIMELINE": null,
        "YEAR_TXT": "Unknown year",
        "DAM_HGT_M": -99,
        "ALT_HGT_M": -99,
        "DAM_LEN_M": -99,
        "ALT_LEN_M": -99,
        "AREA_SKM": 0.011,
        "AREA_POLY": 0.011,
        "AREA_REP": -99.0,
        "AREA_MAX": -99.0,
        "AREA_MIN": -99.0,
        "CAP_MCM": 0.1,
        "CAP_MAX": -99.0,
        "CAP_REP": -99.0,
        "CAP_MIN": -99.0,
        "DEPTH_M": 9.1,
        "DIS_AVG_LS": 2,
        "DOR_PC": 158.5,
        "ELEV_MASL": 188,
        "CATCH_SKM": 0,
        "CATCH_REP": -99,
        "POWER_MW": -99,
        "DATA_INFO": "Capacity from statistics - Eq 2",
        "USE_IRRI": null,
        "USE_ELEC": null,
        "USE_SUPP": null,
        "USE_FCON": null,
        "USE_RECR": null,
        "USE_NAVI": null,
        "USE_FISH": null,
        "USE_PCON": null,
        "USE_LIVE": null,
        "USE_OTHR": null,
        "MAIN_USE": null,
        "MULTI_DAMS": null,
        "COMMENTS": null,
        "URL": null,
        "QUALITY": "3: Fair",
        "EDITOR": "McGill-MA",
        "LONG_RIV": -40.575703,
        "LAT_RIV": -4.384249,
        "LONG_DAM": 0.0,
        "LAT_DAM": 0.0,
        "ORIG_SRC": "GOODD",
        "POLY_SRC": "JRC-GSW",
        "GRAND_ID": 0,
        "HYRIV_ID": 60689796,
        "INSTREAM": "Offstream",
        "HYLAK_ID": 0,
        "HYBAS_L12": 6121085710,
        "Score_Tota": 5
      },
      "geometry": {
        "type": "Point",
        "coordinates": [-40.575703380999983, -4.384249022999938]
      }
    },
    {
      "type": "Feature",
      "properties": {
        "fid": 40,
        "GDW_ID": 30206,
        "RES_NAME": null,
        "DAM_NAME": null,
        "ALT_NAME": null,
        "DAM_TYPE": "Dam",
        "LAKE_CTRL": null,
        "RIVER": null,
        "ALT_RIVER": null,
        "MAIN_BASIN": null,
        "SUB_BASIN": null,
        "COUNTRY": "Brazil",
        "SEC_CNTRY": null,
        "ADMIN_UNIT": "Ceará",
        "SEC_ADMIN": null,
        "NEAR_CITY": null,
        "ALT_CITY": null,
        "YEAR_DAM": -99,
        "PRE_YEAR": -99,
        "YEAR_SRC": null,
        "ALT_YEAR": -99,
        "REM_YEAR": -99,
        "TIMELINE": null,
        "YEAR_TXT": "Unknown year",
        "DAM_HGT_M": -99,
        "ALT_HGT_M": -99,
        "DAM_LEN_M": -99,
        "ALT_LEN_M": -99,
        "AREA_SKM": 0.012,
        "AREA_POLY": 0.012,
        "AREA_REP": -99.0,
        "AREA_MAX": -99.0,
        "AREA_MIN": -99.0,
        "CAP_MCM": 0.1,
        "CAP_MAX": -99.0,
        "CAP_REP": -99.0,
        "CAP_MIN": -99.0,
        "DEPTH_M": 8.3,
        "DIS_AVG_LS": 1,
        "DOR_PC": 317.1,
        "ELEV_MASL": 291,
        "CATCH_SKM": 0,
        "CATCH_REP": -99,
        "POWER_MW": -99,
        "DATA_INFO": "Capacity from statistics - Eq 2",
        "USE_IRRI": null,
        "USE_ELEC": null,
        "USE_SUPP": null,
        "USE_FCON": null,
        "USE_RECR": null,
        "USE_NAVI": null,
        "USE_FISH": null,
        "USE_PCON": null,
        "USE_LIVE": null,
        "USE_OTHR": null,
        "MAIN_USE": null,
        "MULTI_DAMS": null,
        "COMMENTS": null,
        "URL": null,
        "QUALITY": "3: Fair",
        "EDITOR": "McGill-MA",
        "LONG_RIV": -40.707375,
        "LAT_RIV": -4.558291,
        "LONG_DAM": 0.0,
        "LAT_DAM": 0.0,
        "ORIG_SRC": "GOODD",
        "POLY_SRC": "JRC-GSW",
        "GRAND_ID": 0,
        "HYRIV_ID": 60700491,
        "INSTREAM": "Offstream",
        "HYLAK_ID": 0,
        "HYBAS_L12": 6121086790,
        "Score_Tota": 5
      },
      "geometry": {
        "type": "Point",
        "coordinates": [-40.707374677999951, -4.558291351999969]
      }
    },
    {
      "type": "Feature",
      "properties": {
        "fid": 41,
        "GDW_ID": 30345,
        "RES_NAME": null,
        "DAM_NAME": null,
        "ALT_NAME": null,
        "DAM_TYPE": "Dam",
        "LAKE_CTRL": null,
        "RIVER": null,
        "ALT_RIVER": null,
        "MAIN_BASIN": null,
        "SUB_BASIN": null,
        "COUNTRY": "Brazil",
        "SEC_CNTRY": null,
        "ADMIN_UNIT": "Tocantins",
        "SEC_ADMIN": null,
        "NEAR_CITY": null,
        "ALT_CITY": null,
        "YEAR_DAM": 1988,
        "PRE_YEAR": -99,
        "YEAR_SRC": "Estimated",
        "ALT_YEAR": -99,
        "REM_YEAR": -99,
        "TIMELINE": null,
        "YEAR_TXT": "Built 1988",
        "DAM_HGT_M": -99,
        "ALT_HGT_M": -99,
        "DAM_LEN_M": -99,
        "ALT_LEN_M": -99,
        "AREA_SKM": 0.012,
        "AREA_POLY": 0.012,
        "AREA_REP": -99.0,
        "AREA_MAX": -99.0,
        "AREA_MIN": -99.0,
        "CAP_MCM": 0.1,
        "CAP_MAX": -99.0,
        "CAP_REP": -99.0,
        "CAP_MIN": -99.0,
        "DEPTH_M": 8.3,
        "DIS_AVG_LS": 6,
        "DOR_PC": 52.8,
        "ELEV_MASL": 158,
        "CATCH_SKM": 0,
        "CATCH_REP": -99,
        "POWER_MW": -99,
        "DATA_INFO": "Capacity from statistics - Eq 2",
        "USE_IRRI": null,
        "USE_ELEC": null,
        "USE_SUPP": null,
        "USE_FCON": null,
        "USE_RECR": null,
        "USE_NAVI": null,
        "USE_FISH": null,
        "USE_PCON": null,
        "USE_LIVE": null,
        "USE_OTHR": null,
        "MAIN_USE": null,
        "MULTI_DAMS": null,
        "COMMENTS": null,
        "URL": null,
        "QUALITY": "3: Fair",
        "EDITOR": "McGill-MA",
        "LONG_RIV": -48.246307,
        "LAT_RIV": -6.064225,
        "LONG_DAM": 0.0,
        "LAT_DAM": 0.0,
        "ORIG_SRC": "GOODD",
        "POLY_SRC": "JRC-GSW",
        "GRAND_ID": 0,
        "HYRIV_ID": 60793139,
        "INSTREAM": "Offstream",
        "HYLAK_ID": 0,
        "HYBAS_L12": 6120364930,
        "Score_Tota": 5
      },
      "geometry": {
        "type": "Point",
        "coordinates": [-48.246307430999934, -6.064224696999929]
      }
    },
    {
      "type": "Feature",
      "properties": {
        "fid": 42,
        "GDW_ID": 30421,
        "RES_NAME": null,
        "DAM_NAME": null,
        "ALT_NAME": null,
        "DAM_TYPE": "Dam",
        "LAKE_CTRL": null,
        "RIVER": null,
        "ALT_RIVER": null,
        "MAIN_BASIN": null,
        "SUB_BASIN": null,
        "COUNTRY": "Brazil",
        "SEC_CNTRY": null,
        "ADMIN_UNIT": "Paraíba",
        "SEC_ADMIN": null,
        "NEAR_CITY": null,
        "ALT_CITY": null,
        "YEAR_DAM": -99,
        "PRE_YEAR": -99,
        "YEAR_SRC": null,
        "ALT_YEAR": -99,
        "REM_YEAR": -99,
        "TIMELINE": null,
        "YEAR_TXT": "Unknown year",
        "DAM_HGT_M": -99,
        "ALT_HGT_M": -99,
        "DAM_LEN_M": -99,
        "ALT_LEN_M": -99,
        "AREA_SKM": 0.011,
        "AREA_POLY": 0.011,
        "AREA_REP": -99.0,
        "AREA_MAX": -99.0,
        "AREA_MIN": -99.0,
        "CAP_MCM": 0.1,
        "CAP_MAX": -99.0,
        "CAP_REP": -99.0,
        "CAP_MIN": -99.0,
        "DEPTH_M": 9.1,
        "DIS_AVG_LS": 5,
        "DOR_PC": 63.4,
        "ELEV_MASL": 221,
        "CATCH_SKM": 2,
        "CATCH_REP": -99,
        "POWER_MW": -99,
        "DATA_INFO": "Capacity from statistics - Eq 2",
        "USE_IRRI": null,
        "USE_ELEC": null,
        "USE_SUPP": null,
        "USE_FCON": null,
        "USE_RECR": null,
        "USE_NAVI": null,
        "USE_FISH": null,
        "USE_PCON": null,
        "USE_LIVE": null,
        "USE_OTHR": null,
        "MAIN_USE": null,
        "MULTI_DAMS": null,
        "COMMENTS": null,
        "URL": null,
        "QUALITY": "3: Fair",
        "EDITOR": "McGill-MA",
        "LONG_RIV": -37.818272,
        "LAT_RIV": -6.703976,
        "LONG_DAM": 0.0,
        "LAT_DAM": 0.0,
        "ORIG_SRC": "GOODD",
        "POLY_SRC": "JRC-GSW",
        "GRAND_ID": 0,
        "HYRIV_ID": 60826857,
        "INSTREAM": "Offstream",
        "HYLAK_ID": 0,
        "HYBAS_L12": 6120386370,
        "Score_Tota": 5
      },
      "geometry": {
        "type": "Point",
        "coordinates": [-37.818271658999947, -6.703975825999976]
      }
    },
    {
      "type": "Feature",
      "properties": {
        "fid": 43,
        "GDW_ID": 30602,
        "RES_NAME": null,
        "DAM_NAME": null,
        "ALT_NAME": null,
        "DAM_TYPE": "Dam",
        "LAKE_CTRL": null,
        "RIVER": null,
        "ALT_RIVER": null,
        "MAIN_BASIN": null,
        "SUB_BASIN": null,
        "COUNTRY": "Brazil",
        "SEC_CNTRY": null,
        "ADMIN_UNIT": "Ceará",
        "SEC_ADMIN": null,
        "NEAR_CITY": null,
        "ALT_CITY": null,
        "YEAR_DAM": -99,
        "PRE_YEAR": -99,
        "YEAR_SRC": null,
        "ALT_YEAR": -99,
        "REM_YEAR": -99,
        "TIMELINE": null,
        "YEAR_TXT": "Unknown year",
        "DAM_HGT_M": -99,
        "ALT_HGT_M": -99,
        "DAM_LEN_M": -99,
        "ALT_LEN_M": -99,
        "AREA_SKM": 0.012,
        "AREA_POLY": 0.012,
        "AREA_REP": -99.0,
        "AREA_MAX": -99.0,
        "AREA_MIN": -99.0,
        "CAP_MCM": 0.1,
        "CAP_MAX": -99.0,
        "CAP_REP": -99.0,
        "CAP_MIN": -99.0,
        "DEPTH_M": 8.3,
        "DIS_AVG_LS": 1,
        "DOR_PC": 317.1,
        "ELEV_MASL": 419,
        "CATCH_SKM": 0,
        "CATCH_REP": -99,
        "POWER_MW": -99,
        "DATA_INFO": "Capacity from statistics - Eq 2",
        "USE_IRRI": null,
        "USE_ELEC": null,
        "USE_SUPP": null,
        "USE_FCON": null,
        "USE_RECR": null,
        "USE_NAVI": null,
        "USE_FISH": null,
        "USE_PCON": null,
        "USE_LIVE": null,
        "USE_OTHR": null,
        "MAIN_USE": null,
        "MULTI_DAMS": null,
        "COMMENTS": null,
        "URL": null,
        "QUALITY": "3: Fair",
        "EDITOR": "McGill-MA",
        "LONG_RIV": -39.202877,
        "LAT_RIV": -7.145351,
        "LONG_DAM": 0.0,
        "LAT_DAM": 0.0,
        "ORIG_SRC": "GOODD",
        "POLY_SRC": "JRC-GSW-mod",
        "GRAND_ID": 0,
        "HYRIV_ID": 60854088,
        "INSTREAM": "Offstream",
        "HYLAK_ID": 0,
        "HYBAS_L12": 6120401060,
        "Score_Tota": 4
      },
      "geometry": {
        "type": "Point",
        "coordinates": [-39.202876918999948, -7.14535144499996]
      }
    },
    {
      "type": "Feature",
      "properties": {
        "fid": 44,
        "GDW_ID": 30604,
        "RES_NAME": null,
        "DAM_NAME": null,
        "ALT_NAME": null,
        "DAM_TYPE": "Dam",
        "LAKE_CTRL": null,
        "RIVER": null,
        "ALT_RIVER": null,
        "MAIN_BASIN": null,
        "SUB_BASIN": null,
        "COUNTRY": "Brazil",
        "SEC_CNTRY": null,
        "ADMIN_UNIT": "Ceará",
        "SEC_ADMIN": null,
        "NEAR_CITY": null,
        "ALT_CITY": null,
        "YEAR_DAM": -99,
        "PRE_YEAR": -99,
        "YEAR_SRC": null,
        "ALT_YEAR": -99,
        "REM_YEAR": -99,
        "TIMELINE": null,
        "YEAR_TXT": "Unknown year",
        "DAM_HGT_M": -99,
        "ALT_HGT_M": -99,
        "DAM_LEN_M": -99,
        "ALT_LEN_M": -99,
        "AREA_SKM": 0.012,
        "AREA_POLY": 0.012,
        "AREA_REP": -99.0,
        "AREA_MAX": -99.0,
        "AREA_MIN": -99.0,
        "CAP_MCM": 0.1,
        "CAP_MAX": -99.0,
        "CAP_REP": -99.0,
        "CAP_MIN": -99.0,
        "DEPTH_M": 8.3,
        "DIS_AVG_LS": 1,
        "DOR_PC": 317.1,
        "ELEV_MASL": 377,
        "CATCH_SKM": 0,
        "CATCH_REP": -99,
        "POWER_MW": -99,
        "DATA_INFO": "Capacity from statistics - Eq 2",
        "USE_IRRI": null,
        "USE_ELEC": null,
        "USE_SUPP": null,
        "USE_FCON": null,
        "USE_RECR": null,
        "USE_NAVI": null,
        "USE_FISH": null,
        "USE_PCON": null,
        "USE_LIVE": null,
        "USE_OTHR": null,
        "MAIN_USE": null,
        "MULTI_DAMS": null,
        "COMMENTS": null,
        "URL": null,
        "QUALITY": "3: Fair",
        "EDITOR": "McGill-MA",
        "LONG_RIV": -39.25625,
        "LAT_RIV": -7.14725,
        "LONG_DAM": 0.0,
        "LAT_DAM": 0.0,
        "ORIG_SRC": "GOODD",
        "POLY_SRC": "JRC-GSW",
        "GRAND_ID": 0,
        "HYRIV_ID": 60851660,
        "INSTREAM": "Offstream",
        "HYLAK_ID": 0,
        "HYBAS_L12": 6120400270,
        "Score_Tota": 4
      },
      "geometry": {
        "type": "Point",
        "coordinates": [-39.256249666999963, -7.147249705999968]
      }
    },
    {
      "type": "Feature",
      "properties": {
        "fid": 45,
        "GDW_ID": 33085,
        "RES_NAME": null,
        "DAM_NAME": null,
        "ALT_NAME": null,
        "DAM_TYPE": "Dam",
        "LAKE_CTRL": null,
        "RIVER": null,
        "ALT_RIVER": null,
        "MAIN_BASIN": null,
        "SUB_BASIN": null,
        "COUNTRY": "Brazil",
        "SEC_CNTRY": null,
        "ADMIN_UNIT": "Ceará",
        "SEC_ADMIN": null,
        "NEAR_CITY": null,
        "ALT_CITY": null,
        "YEAR_DAM": -99,
        "PRE_YEAR": -99,
        "YEAR_SRC": null,
        "ALT_YEAR": -99,
        "REM_YEAR": -99,
        "TIMELINE": null,
        "YEAR_TXT": "Unknown year",
        "DAM_HGT_M": -99,
        "ALT_HGT_M": -99,
        "DAM_LEN_M": -99,
        "ALT_LEN_M": -99,
        "AREA_SKM": 0.012,
        "AREA_POLY": 0.012,
        "AREA_REP": -99.0,
        "AREA_MAX": -99.0,
        "AREA_MIN": -99.0,
        "CAP_MCM": 0.1,
        "CAP_MAX": -99.0,
        "CAP_REP": -99.0,
        "CAP_MIN": -99.0,
        "DEPTH_M": 8.3,
        "DIS_AVG_LS": 2,
        "DOR_PC": 158.5,
        "ELEV_MASL": 92,
        "CATCH_SKM": 0,
        "CATCH_REP": -99,
        "POWER_MW": -99,
        "DATA_INFO": "Capacity from statistics - Eq 2",
        "USE_IRRI": null,
        "USE_ELEC": null,
        "USE_SUPP": null,
        "USE_FCON": null,
        "USE_RECR": null,
        "USE_NAVI": null,
        "USE_FISH": null,
        "USE_PCON": null,
        "USE_LIVE": null,
        "USE_OTHR": null,
        "MAIN_USE": null,
        "MULTI_DAMS": null,
        "COMMENTS": null,
        "URL": null,
        "QUALITY": "3: Fair",
        "EDITOR": "McGill-MA",
        "LONG_RIV": -38.650598,
        "LAT_RIV": -4.09921,
        "LONG_DAM": 0.0,
        "LAT_DAM": 0.0,
        "ORIG_SRC": "GOODD",
        "POLY_SRC": "JRC-GSW",
        "GRAND_ID": 0,
        "HYRIV_ID": 60673791,
        "INSTREAM": "Offstream",
        "HYLAK_ID": 0,
        "HYBAS_L12": 6120307710,
        "Score_Tota": 5
      },
      "geometry": {
        "type": "Point",
        "coordinates": [-38.65059757399996, -4.099210442999947]
      }
    },
    {
      "type": "Feature",
      "properties": {
        "fid": 46,
        "GDW_ID": 33095,
        "RES_NAME": null,
        "DAM_NAME": null,
        "ALT_NAME": null,
        "DAM_TYPE": "Dam",
        "LAKE_CTRL": null,
        "RIVER": null,
        "ALT_RIVER": null,
        "MAIN_BASIN": null,
        "SUB_BASIN": null,
        "COUNTRY": "Brazil",
        "SEC_CNTRY": null,
        "ADMIN_UNIT": "Ceará",
        "SEC_ADMIN": null,
        "NEAR_CITY": null,
        "ALT_CITY": null,
        "YEAR_DAM": -99,
        "PRE_YEAR": -99,
        "YEAR_SRC": null,
        "ALT_YEAR": -99,
        "REM_YEAR": -99,
        "TIMELINE": null,
        "YEAR_TXT": "Unknown year",
        "DAM_HGT_M": -99,
        "ALT_HGT_M": -99,
        "DAM_LEN_M": -99,
        "ALT_LEN_M": -99,
        "AREA_SKM": 0.012,
        "AREA_POLY": 0.012,
        "AREA_REP": -99.0,
        "AREA_MAX": -99.0,
        "AREA_MIN": -99.0,
        "CAP_MCM": 0.1,
        "CAP_MAX": -99.0,
        "CAP_REP": -99.0,
        "CAP_MIN": -99.0,
        "DEPTH_M": 8.3,
        "DIS_AVG_LS": 5,
        "DOR_PC": 63.4,
        "ELEV_MASL": 188,
        "CATCH_SKM": 1,
        "CATCH_REP": -99,
        "POWER_MW": -99,
        "DATA_INFO": "Capacity from statistics - Eq 2",
        "USE_IRRI": null,
        "USE_ELEC": null,
        "USE_SUPP": null,
        "USE_FCON": null,
        "USE_RECR": null,
        "USE_NAVI": null,
        "USE_FISH": null,
        "USE_PCON": null,
        "USE_LIVE": null,
        "USE_OTHR": null,
        "MAIN_USE": null,
        "MULTI_DAMS": null,
        "COMMENTS": null,
        "URL": null,
        "QUALITY": "3: Fair",
        "EDITOR": "McGill-MA",
        "LONG_RIV": -40.402297,
        "LAT_RIV": -4.37031,
        "LONG_DAM": 0.0,
        "LAT_DAM": 0.0,
        "ORIG_SRC": "GOODD",
        "POLY_SRC": "JRC-GSW",
        "GRAND_ID": 0,
        "HYRIV_ID": 60690366,
        "INSTREAM": "Offstream",
        "HYLAK_ID": 0,
        "HYBAS_L12": 6120311630,
        "Score_Tota": 5
      },
      "geometry": {
        "type": "Point",
        "coordinates": [-40.402297077999947, -4.370310064999956]
      }
    },
    {
      "type": "Feature",
      "properties": {
        "fid": 47,
        "GDW_ID": 33109,
        "RES_NAME": null,
        "DAM_NAME": null,
        "ALT_NAME": null,
        "DAM_TYPE": "Dam",
        "LAKE_CTRL": null,
        "RIVER": null,
        "ALT_RIVER": null,
        "MAIN_BASIN": null,
        "SUB_BASIN": null,
        "COUNTRY": "Brazil",
        "SEC_CNTRY": null,
        "ADMIN_UNIT": "Ceará",
        "SEC_ADMIN": null,
        "NEAR_CITY": null,
        "ALT_CITY": null,
        "YEAR_DAM": -99,
        "PRE_YEAR": -99,
        "YEAR_SRC": null,
        "ALT_YEAR": -99,
        "REM_YEAR": -99,
        "TIMELINE": null,
        "YEAR_TXT": "Unknown year",
        "DAM_HGT_M": -99,
        "ALT_HGT_M": -99,
        "DAM_LEN_M": -99,
        "ALT_LEN_M": -99,
        "AREA_SKM": 0.011,
        "AREA_POLY": 0.011,
        "AREA_REP": -99.0,
        "AREA_MAX": -99.0,
        "AREA_MIN": -99.0,
        "CAP_MCM": 0.1,
        "CAP_MAX": -99.0,
        "CAP_REP": -99.0,
        "CAP_MIN": -99.0,
        "DEPTH_M": 9.1,
        "DIS_AVG_LS": 1,
        "DOR_PC": 317.1,
        "ELEV_MASL": 216,
        "CATCH_SKM": 0,
        "CATCH_REP": -99,
        "POWER_MW": -99,
        "DATA_INFO": "Capacity from statistics - Eq 2",
        "USE_IRRI": null,
        "USE_ELEC": null,
        "USE_SUPP": null,
        "USE_FCON": null,
        "USE_RECR": null,
        "USE_NAVI": null,
        "USE_FISH": null,
        "USE_PCON": null,
        "USE_LIVE": null,
        "USE_OTHR": null,
        "MAIN_USE": null,
        "MULTI_DAMS": null,
        "COMMENTS": null,
        "URL": null,
        "QUALITY": "3: Fair",
        "EDITOR": "McGill-MA",
        "LONG_RIV": -40.696292,
        "LAT_RIV": -4.441542,
        "LONG_DAM": 0.0,
        "LAT_DAM": 0.0,
        "ORIG_SRC": "GOODD",
        "POLY_SRC": "JRC-GSW",
        "GRAND_ID": 0,
        "HYRIV_ID": 60694041,
        "INSTREAM": "Offstream",
        "HYLAK_ID": 0,
        "HYBAS_L12": 6121086270,
        "Score_Tota": 5
      },
      "geometry": {
        "type": "Point",
        "coordinates": [-40.696291666999969, -4.441541666999967]
      }
    },
    {
      "type": "Feature",
      "properties": {
        "fid": 48,
        "GDW_ID": 33117,
        "RES_NAME": null,
        "DAM_NAME": null,
        "ALT_NAME": null,
        "DAM_TYPE": "Dam",
        "LAKE_CTRL": null,
        "RIVER": null,
        "ALT_RIVER": null,
        "MAIN_BASIN": null,
        "SUB_BASIN": null,
        "COUNTRY": "Brazil",
        "SEC_CNTRY": null,
        "ADMIN_UNIT": "Ceará",
        "SEC_ADMIN": null,
        "NEAR_CITY": null,
        "ALT_CITY": null,
        "YEAR_DAM": 1994,
        "PRE_YEAR": -99,
        "YEAR_SRC": "Estimated",
        "ALT_YEAR": -99,
        "REM_YEAR": -99,
        "TIMELINE": null,
        "YEAR_TXT": "Built 1994",
        "DAM_HGT_M": -99,
        "ALT_HGT_M": -99,
        "DAM_LEN_M": -99,
        "ALT_LEN_M": -99,
        "AREA_SKM": 0.012,
        "AREA_POLY": 0.012,
        "AREA_REP": -99.0,
        "AREA_MAX": -99.0,
        "AREA_MIN": -99.0,
        "CAP_MCM": 0.1,
        "CAP_MAX": -99.0,
        "CAP_REP": -99.0,
        "CAP_MIN": -99.0,
        "DEPTH_M": 8.3,
        "DIS_AVG_LS": 2,
        "DOR_PC": 158.5,
        "ELEV_MASL": 194,
        "CATCH_SKM": 1,
        "CATCH_REP": -99,
        "POWER_MW": -99,
        "DATA_INFO": "Capacity from statistics - Eq 2",
        "USE_IRRI": null,
        "USE_ELEC": null,
        "USE_SUPP": null,
        "USE_FCON": null,
        "USE_RECR": null,
        "USE_NAVI": null,
        "USE_FISH": null,
        "USE_PCON": null,
        "USE_LIVE": null,
        "USE_OTHR": null,
        "MAIN_USE": null,
        "MULTI_DAMS": null,
        "COMMENTS": null,
        "URL": null,
        "QUALITY": "3: Fair",
        "EDITOR": "McGill-MA",
        "LONG_RIV": -40.441269,
        "LAT_RIV": -4.469742,
        "LONG_DAM": 0.0,
        "LAT_DAM": 0.0,
        "ORIG_SRC": "GOODD",
        "POLY_SRC": "JRC-GSW",
        "GRAND_ID": 0,
        "HYRIV_ID": 60698156,
        "INSTREAM": "Offstream",
        "HYLAK_ID": 0,
        "HYBAS_L12": 6120315070,
        "Score_Tota": 5
      },
      "geometry": {
        "type": "Point",
        "coordinates": [-40.44126893899994, -4.469742423999946]
      }
    },
    {
      "type": "Feature",
      "properties": {
        "fid": 49,
        "GDW_ID": 33121,
        "RES_NAME": null,
        "DAM_NAME": null,
        "ALT_NAME": null,
        "DAM_TYPE": "Dam",
        "LAKE_CTRL": null,
        "RIVER": null,
        "ALT_RIVER": null,
        "MAIN_BASIN": null,
        "SUB_BASIN": null,
        "COUNTRY": "Brazil",
        "SEC_CNTRY": null,
        "ADMIN_UNIT": "Ceará",
        "SEC_ADMIN": null,
        "NEAR_CITY": null,
        "ALT_CITY": null,
        "YEAR_DAM": -99,
        "PRE_YEAR": -99,
        "YEAR_SRC": null,
        "ALT_YEAR": -99,
        "REM_YEAR": -99,
        "TIMELINE": null,
        "YEAR_TXT": "Unknown year",
        "DAM_HGT_M": -99,
        "ALT_HGT_M": -99,
        "DAM_LEN_M": -99,
        "ALT_LEN_M": -99,
        "AREA_SKM": 0.011,
        "AREA_POLY": 0.011,
        "AREA_REP": -99.0,
        "AREA_MAX": -99.0,
        "AREA_MIN": -99.0,
        "CAP_MCM": 0.1,
        "CAP_MAX": -99.0,
        "CAP_REP": -99.0,
        "CAP_MIN": -99.0,
        "DEPTH_M": 9.1,
        "DIS_AVG_LS": 1,
        "DOR_PC": 317.1,
        "ELEV_MASL": 199,
        "CATCH_SKM": 0,
        "CATCH_REP": -99,
        "POWER_MW": -99,
        "DATA_INFO": "Capacity from statistics - Eq 2",
        "USE_IRRI": null,
        "USE_ELEC": null,
        "USE_SUPP": null,
        "USE_FCON": null,
        "USE_RECR": null,
        "USE_NAVI": null,
        "USE_FISH": null,
        "USE_PCON": null,
        "USE_LIVE": null,
        "USE_OTHR": null,
        "MAIN_USE": null,
        "MULTI_DAMS": null,
        "COMMENTS": null,
        "URL": null,
        "QUALITY": "3: Fair",
        "EDITOR": "McGill-MA",
        "LONG_RIV": -40.589625,
        "LAT_RIV": -4.479418,
        "LONG_DAM": 0.0,
        "LAT_DAM": 0.0,
        "ORIG_SRC": "GOODD",
        "POLY_SRC": "JRC-GSW",
        "GRAND_ID": 0,
        "HYRIV_ID": 60697651,
        "INSTREAM": "Offstream",
        "HYLAK_ID": 0,
        "HYBAS_L12": 6121086850,
        "Score_Tota": 5
      },
      "geometry": {
        "type": "Point",
        "coordinates": [-40.589625, -4.47941801099995]
      }
    },
    {
      "type": "Feature",
      "properties": {
        "fid": 50,
        "GDW_ID": 33148,
        "RES_NAME": null,
        "DAM_NAME": null,
        "ALT_NAME": null,
        "DAM_TYPE": "Dam",
        "LAKE_CTRL": null,
        "RIVER": null,
        "ALT_RIVER": null,
        "MAIN_BASIN": null,
        "SUB_BASIN": null,
        "COUNTRY": "Brazil",
        "SEC_CNTRY": null,
        "ADMIN_UNIT": "Ceará",
        "SEC_ADMIN": null,
        "NEAR_CITY": null,
        "ALT_CITY": null,
        "YEAR_DAM": -99,
        "PRE_YEAR": -99,
        "YEAR_SRC": null,
        "ALT_YEAR": -99,
        "REM_YEAR": -99,
        "TIMELINE": null,
        "YEAR_TXT": "Unknown year",
        "DAM_HGT_M": -99,
        "ALT_HGT_M": -99,
        "DAM_LEN_M": -99,
        "ALT_LEN_M": -99,
        "AREA_SKM": 0.011,
        "AREA_POLY": 0.011,
        "AREA_REP": -99.0,
        "AREA_MAX": -99.0,
        "AREA_MIN": -99.0,
        "CAP_MCM": 0.1,
        "CAP_MAX": -99.0,
        "CAP_REP": -99.0,
        "CAP_MIN": -99.0,
        "DEPTH_M": 9.1,
        "DIS_AVG_LS": 2,
        "DOR_PC": 158.5,
        "ELEV_MASL": 137,
        "CATCH_SKM": 1,
        "CATCH_REP": -99,
        "POWER_MW": -99,
        "DATA_INFO": "Capacity from statistics - Eq 2",
        "USE_IRRI": null,
        "USE_ELEC": null,
        "USE_SUPP": null,
        "USE_FCON": null,
        "USE_RECR": null,
        "USE_NAVI": null,
        "USE_FISH": null,
        "USE_PCON": null,
        "USE_LIVE": null,
        "USE_OTHR": null,
        "MAIN_USE": null,
        "MULTI_DAMS": null,
        "COMMENTS": null,
        "URL": null,
        "QUALITY": "3: Fair",
        "EDITOR": "McGill-MA",
        "LONG_RIV": -38.917606,
        "LAT_RIV": -4.677097,
        "LONG_DAM": 0.0,
        "LAT_DAM": 0.0,
        "ORIG_SRC": "GOODD",
        "POLY_SRC": "JRC-GSW",
        "GRAND_ID": 0,
        "HYRIV_ID": 60708892,
        "INSTREAM": "Offstream",
        "HYLAK_ID": 0,
        "HYBAS_L12": 6120321420,
        "Score_Tota": 5
      },
      "geometry": {
        "type": "Point",
        "coordinates": [-38.917605993999985, -4.677097221999929]
      }
    }
  ]
}
