{
  "type": "FeatureCollection",
  "name": "UHE_PCH_Dam_Locations(Raisg)",
  "crs": {
    "type": "name",
    "properties": { "name": "urn:ogc:def:crs:EPSG::4674" }
  },
  "features": [
    {
      "type": "Feature",
      "properties": {
        "id_geo": "59536545381114",
        "tipo": "UHE",
        "pais": "Guyana",
        "fonte": "Norconsult, 2016",
        "pot_mw": 165.0,
        "leyenda": "planeada",
        "institucio": "WATANIBA/FAN",
        "limraisg": "s",
        "amzbiog": "s",
        "empresa": null,
        "nombre": "Amaila",
        "estagio": "proyecto"
      },
      "geometry": {
        "type": "Point",
        "coordinates": [-59.53654523299997, 5.381114113000024, 0.0]
      }
    },
    {
      "type": "Feature",
      "properties": {
        "id_geo": "66331291709988",
        "tipo": "UHE",
        "pais": "Bolivia",
        "fonte": "Empresa Nacional de Electricidad - ENDE, 2018",
        "pot_mw": 120.0,
        "leyenda": "en operación",
        "institucio": "FAN",
        "limraisg": "s",
        "amzbiog": "n",
        "empresa": null,
        "nombre": "Misicuni",
        "estagio": "en operación"
      },
      "geometry": {
        "type": "Point",
        "coordinates": [-66.262338974999977, -17.313858708999931, 0.0]
      }
    },
    {
      "type": "Feature",
      "properties": {
        "id_geo": "65584271053759",
        "tipo": "UHE",
        "pais": "Bolivia",
        "fonte": "Empresa Nacional de Electricidad - ENDE, 2018",
        "pot_mw": 990.0,
        "leyenda": "planeada",
        "institucio": "FAN",
        "limraisg": "s",
        "amzbiog": "s",
        "empresa": null,
        "nombre": "Cachuela Esperanza",
        "estagio": "proyecto"
      },
      "geometry": {
        "type": "Point",
        "coordinates": [-65.584277423999936, -10.537597436999931, 0.0]
      }
    },
    {
      "type": "Feature",
      "properties": {
        "id_geo": "66138171720236",
        "tipo": "PCH",
        "pais": "Bolivia",
        "fonte": "Empresa Nacional de Electricidad - ENDE, 2018",
        "pot_mw": 7.54,
        "leyenda": "en operación",
        "institucio": "FAN",
        "limraisg": "s",
        "amzbiog": "n",
        "empresa": null,
        "nombre": "Kanata",
        "estagio": "en operación"
      },
      "geometry": {
        "type": "Point",
        "coordinates": [-66.222093923999978, -17.316459598999927, 0.0]
      }
    },
    {
      "type": "Feature",
      "properties": {
        "id_geo": "67499091454859",
        "tipo": "UHE",
        "pais": "Bolivia",
        "fonte": "Empresa Nacional de Electricidad - ENDE, 2018",
        "pot_mw": 1600.0,
        "leyenda": "planeada",
        "institucio": "FAN",
        "limraisg": "s",
        "amzbiog": "s",
        "empresa": null,
        "nombre": "El Bala",
        "estagio": "proyecto"
      },
      "geometry": { "type": "Point", "coordinates": [-67.4991, -14.5486, 0.0] }
    },
    {
      "type": "Feature",
      "properties": {
        "id_geo": "63401991890989",
        "tipo": "UHE",
        "pais": "Bolivia",
        "fonte": "Empresa Nacional de Electricidad - ENDE, 2018",
        "pot_mw": 600.0,
        "leyenda": "planeada",
        "institucio": "FAN",
        "limraisg": "s",
        "amzbiog": "n",
        "empresa": null,
        "nombre": "Rosita",
        "estagio": "proyecto"
      },
      "geometry": {
        "type": "Point",
        "coordinates": [-63.522530555999936, -18.927872221999962, 0.0]
      }
    },
    {
      "type": "Feature",
      "properties": {
        "id_geo": "65314181009782",
        "tipo": "UHE",
        "pais": "Bolivia",
        "fonte": "Empresa Nacional de Electricidad - ENDE, 2018",
        "pot_mw": 3000.0,
        "leyenda": "planeada",
        "institucio": "FAN",
        "limraisg": "s",
        "amzbiog": "s",
        "empresa": null,
        "nombre": "Río Madera",
        "estagio": "proyecto"
      },
      "geometry": {
        "type": "Point",
        "coordinates": [-65.314180571999941, -10.097820025999965, 0.0]
      }
    },
    {
      "type": "Feature",
      "properties": {
        "id_geo": "67326871656315",
        "tipo": "UHE",
        "pais": "Bolivia",
        "fonte": "Empresa Nacional de Electricidad - ENDE, 2018",
        "pot_mw": 118.0,
        "leyenda": "en operación",
        "institucio": "FAN",
        "limraisg": "s",
        "amzbiog": "s",
        "empresa": null,
        "nombre": "Miguillas - Palillada",
        "estagio": "en operación"
      },
      "geometry": {
        "type": "Point",
        "coordinates": [-67.352575, -16.666437948999942, 0.0]
      }
    },
    {
      "type": "Feature",
      "properties": {
        "id_geo": "68020411624227",
        "tipo": "UHE",
        "pais": "Bolivia",
        "fonte": "Empresa Nacional de Electricidad - ENDE, 2018",
        "pot_mw": 188.0,
        "leyenda": "en operación",
        "institucio": "FAN",
        "limraisg": "s",
        "amzbiog": "n",
        "empresa": null,
        "nombre": "Zongo",
        "estagio": "en operación"
      },
      "geometry": {
        "type": "Point",
        "coordinates": [-68.122744790999946, -16.271901293999974, 0.0]
      }
    },
    {
      "type": "Feature",
      "properties": {
        "id_geo": "65720421699890",
        "tipo": "UHE",
        "pais": "Bolivia",
        "fonte": "Empresa Nacional de Electricidad - ENDE, 2018",
        "pot_mw": 147.0,
        "leyenda": "planeada",
        "institucio": "FAN",
        "limraisg": "s",
        "amzbiog": "s",
        "empresa": null,
        "nombre": "Banda Azul",
        "estagio": "proyecto"
      },
      "geometry": {
        "type": "Point",
        "coordinates": [-65.720423715999971, -16.998902388999966, 0.0]
      }
    },
    {
      "type": "Feature",
      "properties": {
        "id_geo": "65275461749443",
        "tipo": "UHE",
        "pais": "Bolivia",
        "fonte": "Empresa Nacional de Electricidad - ENDE, 2018",
        "pot_mw": 188.62,
        "leyenda": "en construcción",
        "institucio": "FAN",
        "limraisg": "s",
        "amzbiog": "s",
        "empresa": null,
        "nombre": "Ivirizú - Sehuencas",
        "estagio": "en construcción"
      },
      "geometry": {
        "type": "Point",
        "coordinates": [-65.275469190999956, -17.494437973999936, 0.0]
      }
    },
    {
      "type": "Feature",
      "properties": {
        "id_geo": "65745311697813",
        "tipo": "UHE",
        "pais": "Bolivia",
        "fonte": "Empresa Nacional de Electricidad - ENDE, 2018",
        "pot_mw": 140.0,
        "leyenda": "planeada",
        "institucio": "FAN",
        "limraisg": "s",
        "amzbiog": "s",
        "empresa": null,
        "nombre": "Juntas Corani - Villa Jorka",
        "estagio": "proyecto"
      },
      "geometry": {
        "type": "Point",
        "coordinates": [-65.745316039999977, -16.978134197999964, 0.0]
      }
    },
    {
      "type": "Feature",
      "properties": {
        "id_geo": "65593621698908",
        "tipo": "UHE",
        "pais": "Bolivia",
        "fonte": "Empresa Nacional de Electricidad - ENDE, 2018",
        "pot_mw": 144.0,
        "leyenda": "planeada",
        "institucio": "FAN",
        "limraisg": "s",
        "amzbiog": "s",
        "empresa": null,
        "nombre": "Corani - Santa Barbara",
        "estagio": "proyecto"
      },
      "geometry": {
        "type": "Point",
        "coordinates": [-65.593625929999973, -16.989085340999964, 0.0]
      }
    },
    {
      "type": "Feature",
      "properties": {
        "id_geo": "65898441694096",
        "tipo": "UHE",
        "pais": "Bolivia",
        "fonte": "Empresa Nacional de Electricidad - ENDE, 2018",
        "pot_mw": 300.0,
        "leyenda": "planeada",
        "institucio": "FAN",
        "limraisg": "s",
        "amzbiog": "s",
        "empresa": null,
        "nombre": "Juntas Corani - Santa Rosa",
        "estagio": "proyecto"
      },
      "geometry": {
        "type": "Point",
        "coordinates": [-65.898441203999937, -16.940963575999945, 0.0]
      }
    },
    {
      "type": "Feature",
      "properties": {
        "id_geo": "65692441702595",
        "tipo": "UHE",
        "pais": "Bolivia",
        "fonte": "Empresa Nacional de Electricidad - ENDE, 2018",
        "pot_mw": 101.6,
        "leyenda": "planeada",
        "institucio": "FAN",
        "limraisg": "s",
        "amzbiog": "s",
        "empresa": null,
        "nombre": "Icona",
        "estagio": "proyecto"
      },
      "geometry": {
        "type": "Point",
        "coordinates": [-65.692440948999945, -17.025959141999977, 0.0]
      }
    },
    {
      "type": "Feature",
      "properties": {
        "id_geo": "65538241822594",
        "tipo": "UHE",
        "pais": "Bolivia",
        "fonte": "Empresa Nacional de Electricidad - ENDE, 2018",
        "pot_mw": 100.8,
        "leyenda": "planeada",
        "institucio": "FAN",
        "limraisg": "s",
        "amzbiog": "n",
        "empresa": null,
        "nombre": "Molineros",
        "estagio": "proyecto"
      },
      "geometry": {
        "type": "Point",
        "coordinates": [-65.538245317999952, -18.225946, 0.0]
      }
    },
    {
      "type": "Feature",
      "properties": {
        "id_geo": "63220092001867",
        "tipo": "UHE",
        "pais": "Bolivia",
        "fonte": "Empresa Nacional de Electricidad - ENDE, 2018",
        "pot_mw": 125.0,
        "leyenda": "planeada",
        "institucio": "FAN",
        "limraisg": "s",
        "amzbiog": "n",
        "empresa": null,
        "nombre": "Oquitas",
        "estagio": "proyecto"
      },
      "geometry": {
        "type": "Point",
        "coordinates": [-63.220099200999982, -20.01867281799997, 0.0]
      }
    },
    {
      "type": "Feature",
      "properties": {
        "id_geo": "68700351124533",
        "tipo": "PCH",
        "pais": "Bolivia",
        "fonte": "Empresa Nacional de Electricidad - ENDE, 2018",
        "pot_mw": 6.0,
        "leyenda": "planeada",
        "institucio": "FAN",
        "limraisg": "s",
        "amzbiog": "s",
        "empresa": null,
        "nombre": "Tahuamanu - Porvenir",
        "estagio": "proyecto"
      },
      "geometry": {
        "type": "Point",
        "coordinates": [-68.700353660999951, -11.245339125999976, 0.0]
      }
    },
    {
      "type": "Feature",
      "properties": {
        "id_geo": "62667978304742",
        "tipo": "UHE",
        "pais": "Venezuela",
        "fonte": "Grupo Orinoco Energia y Ambiente, 2015",
        "pot_mw": 2930.0,
        "leyenda": "en operación",
        "institucio": "Provita",
        "limraisg": "s",
        "amzbiog": "s",
        "empresa": "EDELCA",
        "nombre": "Macagua",
        "estagio": "en operación"
      },
      "geometry": {
        "type": "Point",
        "coordinates": [-62.667975510999952, 8.304742346000069, 0.0]
      }
    },
    {
      "type": "Feature",
      "properties": {
        "id_geo": "62796918158875",
        "tipo": "UHE",
        "pais": "Venezuela",
        "fonte": "Grupo Orinoco Energia y Ambiente, 2015",
        "pot_mw": 2196.0,
        "leyenda": "en operación",
        "institucio": "Provita",
        "limraisg": "s",
        "amzbiog": "s",
        "empresa": "EDELCA",
        "nombre": "Caruachi",
        "estagio": "en operación"
      },
      "geometry": {
        "type": "Point",
        "coordinates": [-62.796910618999959, 8.158875152000064, 0.0]
      }
    },
    {
      "type": "Feature",
      "properties": {
        "id_geo": "63027217907163",
        "tipo": "UHE",
        "pais": "Venezuela",
        "fonte": "Grupo Orinoco Energia y Ambiente, 2015",
        "pot_mw": 2160.0,
        "leyenda": "en operación",
        "institucio": "Provita",
        "limraisg": "s",
        "amzbiog": "s",
        "empresa": "EDELCA",
        "nombre": "Tocoma",
        "estagio": "en operación"
      },
      "geometry": {
        "type": "Point",
        "coordinates": [-63.027214596999954, 7.907163159000049, 0.0]
      }
    },
    {
      "type": "Feature",
      "properties": {
        "id_geo": "63000347765796",
        "tipo": "UHE",
        "pais": "Venezuela",
        "fonte": "Grupo Orinoco Energia y Ambiente, 2015",
        "pot_mw": 1000.0,
        "leyenda": "en operación",
        "institucio": "Provita",
        "limraisg": "s",
        "amzbiog": "s",
        "empresa": "EDELCA",
        "nombre": "Guri",
        "estagio": "en operación"
      },
      "geometry": {
        "type": "Point",
        "coordinates": [-63.000345584999934, 7.765796968000075, 0.0]
      }
    },
    {
      "type": "Feature",
      "properties": {
        "id_geo": "62820806689720",
        "tipo": "UHE",
        "pais": "Venezuela",
        "fonte": "EDELCA, 2004",
        "pot_mw": 2450.0,
        "leyenda": "planeada",
        "institucio": "Provita",
        "limraisg": "s",
        "amzbiog": "s",
        "empresa": "EDELCA",
        "nombre": "Tayucay",
        "estagio": "planeada"
      },
      "geometry": { "type": "Point", "coordinates": [-62.8208, 6.68972, 0.0] }
    },
    {
      "type": "Feature",
      "properties": {
        "id_geo": "64506197785384",
        "tipo": "UHE",
        "pais": "Venezuela",
        "fonte": "Grupo Orinoco Energia y Ambiente, 2015",
        "pot_mw": 2400.0,
        "leyenda": "planeada",
        "institucio": "Provita",
        "limraisg": "s",
        "amzbiog": "s",
        "empresa": "EDELCA",
        "nombre": "El Infierno",
        "estagio": "planeada"
      },
      "geometry": {
        "type": "Point",
        "coordinates": [-64.506199072999948, 7.785384352000051, 0.0]
      }
    },
    {
      "type": "Feature",
      "properties": {
        "id_geo": "75305771130649",
        "tipo": "UHE",
        "pais": "Perú",
        "fonte": "OSINERGMIN, 2025",
        "pot_mw": 150.0,
        "leyenda": "en operación",
        "institucio": "IBC",
        "limraisg": "s",
        "amzbiog": "s",
        "empresa": "ENEL GENERACION PERU S.A.",
        "nombre": "CHIMAY",
        "estagio": "en operación"
      },
      "geometry": {
        "type": "Point",
        "coordinates": [-75.305773176999935, -11.306490203999942, 0.0]
      }
    },
    {
      "type": "Feature",
      "properties": {
        "id_geo": "76035561162247",
        "tipo": "PCH",
        "pais": "Perú",
        "fonte": "OSINERGMIN, 2025",
        "pot_mw": 9.0,
        "leyenda": "en operación",
        "institucio": "IBC",
        "limraisg": "s",
        "amzbiog": "n",
        "empresa": "STATKRAFT PERÚ S.A.",
        "nombre": "PACHACHACA",
        "estagio": "en operación"
      },
      "geometry": {
        "type": "Point",
        "coordinates": [-76.035566955999968, -11.622477121999964, 0.0]
      }
    },
    {
      "type": "Feature",
      "properties": {
        "id_geo": "75527171074998",
        "tipo": "UHE",
        "pais": "Perú",
        "fonte": "OSINERGMIN, 2025",
        "pot_mw": 108.0,
        "leyenda": "en operación",
        "institucio": "IBC",
        "limraisg": "s",
        "amzbiog": "n",
        "empresa": "STATKRAFT PERÚ S.A.",
        "nombre": "YAUPI",
        "estagio": "en operación"
      },
      "geometry": {
        "type": "Point",
        "coordinates": [-75.527175971999952, -10.749982889999956, 0.0]
      }
    },
    {
      "type": "Feature",
      "properties": {
        "id_geo": "75644571072181",
        "tipo": "UHE",
        "pais": "Perú",
        "fonte": "OSINERGMIN, 2025",
        "pot_mw": 130.0,
        "leyenda": "en operación",
        "institucio": "IBC",
        "limraisg": "s",
        "amzbiog": "n",
        "empresa": "ENGIE ENERGÍA PERÚ S.A.",
        "nombre": "YUNCAN",
        "estagio": "en operación"
      },
      "geometry": {
        "type": "Point",
        "coordinates": [-75.644570926999961, -10.721811145999936, 0.0]
      }
    },
    {
      "type": "Feature",
      "properties": {
        "id_geo": "75557001126857",
        "tipo": "PCH",
        "pais": "Perú",
        "fonte": "OSINERGMIN, 2025",
        "pot_mw": 6.0,
        "leyenda": "en operación",
        "institucio": "IBC",
        "limraisg": "s",
        "amzbiog": "n",
        "empresa": "CEMENTO ANDINO S.A.",
        "nombre": "CARPAPATA 1",
        "estagio": "en operación"
      },
      "geometry": {
        "type": "Point",
        "coordinates": [-75.557002222999984, -11.26857438299993, 0.0]
      }
    },
    {
      "type": "Feature",
      "properties": {
        "id_geo": "75914791151944",
        "tipo": "PCH",
        "pais": "Perú",
        "fonte": "OSINERGMIN, 2025",
        "pot_mw": 10.0,
        "leyenda": "en operación",
        "institucio": "IBC",
        "limraisg": "s",
        "amzbiog": "n",
        "empresa": "STATKRAFT PERÚ S.A.",
        "nombre": "LA OROYA",
        "estagio": "en operación"
      },
      "geometry": {
        "type": "Point",
        "coordinates": [-75.914798763999954, -11.519447199999945, 0.0]
      }
    },
    {
      "type": "Feature",
      "properties": {
        "id_geo": "78452975408181",
        "tipo": "PCH",
        "pais": "Perú",
        "fonte": "OSINERGMIN, 2025",
        "pot_mw": 5.56,
        "leyenda": "en operación",
        "institucio": "IBC",
        "limraisg": "s",
        "amzbiog": "s",
        "empresa": "ELECTRO ORIENTE S.A.",
        "nombre": "MUYO",
        "estagio": "en operación"
      },
      "geometry": {
        "type": "Point",
        "coordinates": [-78.452975251999987, -5.408181742999943, 0.0]
      }
    },
    {
      "type": "Feature",
      "properties": {
        "id_geo": "77577317899566",
        "tipo": "PCH",
        "pais": "Perú",
        "fonte": "OSINERGMIN, 2025",
        "pot_mw": 12.6,
        "leyenda": "en operación",
        "institucio": "IBC",
        "limraisg": "s",
        "amzbiog": "n",
        "empresa": "AGUAS Y ENERGÍA PERÚ",
        "nombre": "PIAS",
        "estagio": "en operación"
      },
      "geometry": {
        "type": "Point",
        "coordinates": [-77.577314609999974, -7.899566501999971, 0.0]
      }
    },
    {
      "type": "Feature",
      "properties": {
        "id_geo": "70463821364670",
        "tipo": "UHE",
        "pais": "Perú",
        "fonte": "OSINERGMIN, 2025",
        "pot_mw": 110.0,
        "leyenda": "en operación",
        "institucio": "IBC",
        "limraisg": "s",
        "amzbiog": "s",
        "empresa": "EMP DE GENERACION ELECTRICA SAN GABAN SA",
        "nombre": "SAN GABAN II",
        "estagio": "en operación"
      },
      "geometry": {
        "type": "Point",
        "coordinates": [-70.463820467999938, -13.646708178999972, 0.0]
      }
    },
    {
      "type": "Feature",
      "properties": {
        "id_geo": "75552861125880",
        "tipo": "PCH",
        "pais": "Perú",
        "fonte": "OSINERGMIN, 2025",
        "pot_mw": 5.92,
        "leyenda": "en operación",
        "institucio": "IBC",
        "limraisg": "s",
        "amzbiog": "s",
        "empresa": "CEMENTO ANDINO S.A.",
        "nombre": "CARPAPATA 2",
        "estagio": "en operación"
      },
      "geometry": {
        "type": "Point",
        "coordinates": [-75.552866260999963, -11.25880940299993, 0.0]
      }
    },
    {
      "type": "Feature",
      "properties": {
        "id_geo": "72595861311475",
        "tipo": "UHE",
        "pais": "Perú",
        "fonte": "OSINERGMIN, 2025",
        "pot_mw": 115.4,
        "leyenda": "en operación",
        "institucio": "IBC",
        "limraisg": "s",
        "amzbiog": "n",
        "empresa": "LUZ DEL SUR S.A.A.",
        "nombre": "SANTA TERESA",
        "estagio": "en operación"
      },
      "geometry": {
        "type": "Point",
        "coordinates": [-72.595866476999959, -13.11475100499996, 0.0]
      }
    },
    {
      "type": "Feature",
      "properties": {
        "id_geo": "75886529599329",
        "tipo": "UHE",
        "pais": "Perú",
        "fonte": "OSINERGMIN, 2025",
        "pot_mw": 406.0,
        "leyenda": "en operación",
        "institucio": "IBC",
        "limraisg": "s",
        "amzbiog": "s",
        "empresa": "EMPRESA DE GENERACION ELECTRICA HUALLAGA",
        "nombre": "CHAGLLA",
        "estagio": "en operación"
      },
      "geometry": {
        "type": "Point",
        "coordinates": [-75.886529457999984, -9.599329644999955, 0.0]
      }
    },
    {
      "type": "Feature",
      "properties": {
        "id_geo": "75585421131305",
        "tipo": "PCH",
        "pais": "Perú",
        "fonte": "OSINERGMIN, 2025",
        "pot_mw": 6.4,
        "leyenda": "en operación",
        "institucio": "IBC",
        "limraisg": "s",
        "amzbiog": "n",
        "empresa": "GENERACIÓN ELÉCTRICA ATOCONGO S.A.",
        "nombre": "CARPAPATA III",
        "estagio": "en operación"
      },
      "geometry": {
        "type": "Point",
        "coordinates": [-75.585424, -11.313057, 0.0]
      }
    },
    {
      "type": "Feature",
      "properties": {
        "id_geo": "72560361317502",
        "tipo": "UHE",
        "pais": "Perú",
        "fonte": "OSINERGMIN, 2025",
        "pot_mw": 102.0,
        "leyenda": "en operación",
        "institucio": "IBC",
        "limraisg": "s",
        "amzbiog": "n",
        "empresa": "EMPRESA DE GENERACIÓN ELÉCTRICA MACHUPICCHU S.A.",
        "nombre": "MACHU PICCHU II",
        "estagio": "en operación"
      },
      "geometry": {
        "type": "Point",
        "coordinates": [-72.56036912899998, -13.175028735999945, 0.0]
      }
    },
    {
      "type": "Feature",
      "properties": {
        "id_geo": "71377871417526",
        "tipo": "UHE",
        "pais": "Perú",
        "fonte": "OSINERGMIN, 2025",
        "pot_mw": 178.0,
        "leyenda": "planeada",
        "institucio": "IBC",
        "limraisg": "s",
        "amzbiog": "n",
        "empresa": "EMPRESA DE GENERACION HIDROELECTRICA DEL CUZCO S.",
        "nombre": "PUCARA",
        "estagio": "en proyecto"
      },
      "geometry": {
        "type": "Point",
        "coordinates": [-71.37787407999997, -14.175260339999966, 0.0]
      }
    },
    {
      "type": "Feature",
      "properties": {
        "id_geo": "77368349162537",
        "tipo": "PCH",
        "pais": "Perú",
        "fonte": "OSINERGMIN, 2025",
        "pot_mw": 25.0,
        "leyenda": "planeada",
        "institucio": "IBC",
        "limraisg": "s",
        "amzbiog": "n",
        "empresa": "CORPORACION MINERA DEL PERU-CORMIPESA",
        "nombre": "CENTAURO I-III",
        "estagio": "en proyecto"
      },
      "geometry": {
        "type": "Point",
        "coordinates": [-77.368348499999968, -9.162537785999973, 0.0]
      }
    },
    {
      "type": "Feature",
      "properties": {
        "id_geo": "76031739235957",
        "tipo": "UHE",
        "pais": "Perú",
        "fonte": "OSINERGMIN, 2025",
        "pot_mw": 180.0,
        "leyenda": "planeada",
        "institucio": "IBC",
        "limraisg": "s",
        "amzbiog": "s",
        "empresa": "COMPAÑIA ENERGETICA DEL CENTRO S.A.C.",
        "nombre": "BELO HORIZONTE",
        "estagio": "en proyecto"
      },
      "geometry": {
        "type": "Point",
        "coordinates": [-76.031733919999965, -9.235957421999956, 0.0]
      }
    },
    {
      "type": "Feature",
      "properties": {
        "id_geo": "75503251182083",
        "tipo": "PCH",
        "pais": "Perú",
        "fonte": "OSINERGMIN, 2025",
        "pot_mw": 9.9,
        "leyenda": "planeada",
        "institucio": "IBC",
        "limraisg": "s",
        "amzbiog": "n",
        "empresa": "ACQUA ENERGIA",
        "nombre": "MIRAFLORES",
        "estagio": "en proyecto"
      },
      "geometry": {
        "type": "Point",
        "coordinates": [-75.503257144999964, -11.820834220999927, 0.0]
      }
    },
    {
      "type": "Feature",
      "properties": {
        "id_geo": "78532816091002",
        "tipo": "UHE",
        "pais": "Perú",
        "fonte": "OSINERGMIN, 2025",
        "pot_mw": 635.0,
        "leyenda": "planeada",
        "institucio": "IBC",
        "limraisg": "s",
        "amzbiog": "n",
        "empresa": "COMPAÑÍA ENERGÉTICA VERACRUZ S.A.C",
        "nombre": "VERACRUZ",
        "estagio": "en proyecto"
      },
      "geometry": {
        "type": "Point",
        "coordinates": [-78.532817859999966, -6.091002427999967, 0.0]
      }
    },
    {
      "type": "Feature",
      "properties": {
        "id_geo": "78131686547661",
        "tipo": "UHE",
        "pais": "Perú",
        "fonte": "OSINERGMIN, 2025",
        "pot_mw": 600.0,
        "leyenda": "planeada",
        "institucio": "IBC",
        "limraisg": "s",
        "amzbiog": "n",
        "empresa": "AC ENERGIA S.A",
        "nombre": "CHADIN II",
        "estagio": "en proyecto"
      },
      "geometry": {
        "type": "Point",
        "coordinates": [-78.131683879999969, -6.547661024999968, 0.0]
      }
    },
    {
      "type": "Feature",
      "properties": {
        "id_geo": "75341551131475",
        "tipo": "UHE",
        "pais": "Perú",
        "fonte": "OSINERGMIN, 2025",
        "pot_mw": 195.0,
        "leyenda": "planeada",
        "institucio": "IBC",
        "limraisg": "s",
        "amzbiog": "s",
        "empresa": "ENEL GENERACION PERU S.A.",
        "nombre": "CURIBAMBA",
        "estagio": "en proyecto"
      },
      "geometry": {
        "type": "Point",
        "coordinates": [-75.341550689999963, -11.314759309999943, 0.0]
      }
    },
    {
      "type": "Feature",
      "properties": {
        "id_geo": "77548987613748",
        "tipo": "PCH",
        "pais": "Perú",
        "fonte": "OSINERGMIN, 2025",
        "pot_mw": 14.2,
        "leyenda": "planeada",
        "institucio": "IBC",
        "limraisg": "s",
        "amzbiog": "n",
        "empresa": "MINERA PODEROSA",
        "nombre": "CATIVEN II",
        "estagio": "en proyecto"
      },
      "geometry": {
        "type": "Point",
        "coordinates": [-77.597067609999954, -7.632447720999949, 0.0]
      }
    },
    {
      "type": "Feature",
      "properties": {
        "id_geo": "70197631373356",
        "tipo": "UHE",
        "pais": "Perú",
        "fonte": "OSINERGMIN, 2025",
        "pot_mw": 102.11,
        "leyenda": "planeada",
        "institucio": "IBC",
        "limraisg": "s",
        "amzbiog": "s",
        "empresa": "NUEVA ESPERANZA HYDRO S.A. - NEHY S.A",
        "nombre": "ANTO RUIZ III",
        "estagio": "en proyecto"
      },
      "geometry": {
        "type": "Point",
        "coordinates": [-70.197631031999947, -13.73356632399998, 0.0]
      }
    },
    {
      "type": "Feature",
      "properties": {
        "id_geo": "77548987613748",
        "tipo": "PCH",
        "pais": "Perú",
        "fonte": "OSINERGMIN, 2025",
        "pot_mw": 14.8,
        "leyenda": "planeada",
        "institucio": "IBC",
        "limraisg": "s",
        "amzbiog": "n",
        "empresa": "MINERA PODEROSA",
        "nombre": "CATIVEN I",
        "estagio": "en proyecto"
      },
      "geometry": {
        "type": "Point",
        "coordinates": [-77.597067609999954, -7.632447720999949, 0.0]
      }
    },
    {
      "type": "Feature",
      "properties": {
        "id_geo": "70474401357571",
        "tipo": "UHE",
        "pais": "Perú",
        "fonte": "OSINERGMIN, 2025",
        "pot_mw": 205.8,
        "leyenda": "planeada",
        "institucio": "IBC",
        "limraisg": "s",
        "amzbiog": "s",
        "empresa": "HYDRO GLOBAL PERÚ",
        "nombre": "SAN GABAN III",
        "estagio": "en proyecto"
      },
      "geometry": {
        "type": "Point",
        "coordinates": [-70.474409849999972, -13.575713229999963, 0.0]
      }
    },
    {
      "type": "Feature",
      "properties": {
        "id_geo": "77432679193412",
        "tipo": "PCH",
        "pais": "Perú",
        "fonte": "OSINERGMIN, 2025",
        "pot_mw": 6.9,
        "leyenda": "planeada",
        "institucio": "IBC",
        "limraisg": "s",
        "amzbiog": "n",
        "empresa": "ASOCIACION SANTA LUCIA DE CHACAS",
        "nombre": "HUALLIN I",
        "estagio": "en proyecto"
      },
      "geometry": {
        "type": "Point",
        "coordinates": [-77.432673440999963, -9.193412643999977, 0.0]
      }
    },
    {
      "type": "Feature",
      "properties": {
        "id_geo": "78184795886727",
        "tipo": "UHE",
        "pais": "Perú",
        "fonte": "OSINERGMIN, 2025",
        "pot_mw": 148.0,
        "leyenda": "planeada",
        "institucio": "IBC",
        "limraisg": "s",
        "amzbiog": "s",
        "empresa": "ENERGORET",
        "nombre": "TINGO II",
        "estagio": "en proyecto"
      },
      "geometry": {
        "type": "Point",
        "coordinates": [-78.184799364999947, -5.886727232999931, 0.0]
      }
    },
    {
      "type": "Feature",
      "properties": {
        "id_geo": "78097085918292",
        "tipo": "UHE",
        "pais": "Perú",
        "fonte": "OSINERGMIN, 2025",
        "pot_mw": 210.0,
        "leyenda": "planeada",
        "institucio": "IBC",
        "limraisg": "s",
        "amzbiog": "s",
        "empresa": "ENERGORET",
        "nombre": "TINGO I",
        "estagio": "en proyecto"
      },
      "geometry": {
        "type": "Point",
        "coordinates": [-78.097089549999964, -5.91829225999993, 0.0]
      }
    },
    {
      "type": "Feature",
      "properties": {
        "id_geo": "77000009999999",
        "tipo": "PCH",
        "pais": "Perú",
        "fonte": "OSINERGMIN, 2025",
        "pot_mw": 15.0,
        "leyenda": "planeada",
        "institucio": "IBC",
        "limraisg": "s",
        "amzbiog": "n",
        "empresa": "CONSORCIO ELÉCTRICO VILLACURÍ S.A.C.",
        "nombre": "COELVIHIDRO II",
        "estagio": "en proyecto"
      },
      "geometry": {
        "type": "Point",
        "coordinates": [-77.000000473999989, -9.999999498999955, 0.0]
      }
    },
    {
      "type": "Feature",
      "properties": {
        "id_geo": "75834789820351",
        "tipo": "UHE",
        "pais": "Perú",
        "fonte": "OSINERGMIN, 2025",
        "pot_mw": 392.0,
        "leyenda": "planeada",
        "institucio": "IBC",
        "limraisg": "s",
        "amzbiog": "n",
        "empresa": "EMPRESA DE GENERACION HUALLAGA",
        "nombre": "HUALLAGA I",
        "estagio": "en proyecto"
      },
      "geometry": {
        "type": "Point",
        "coordinates": [-75.834783350999942, -9.820351847999973, 0.0]
      }
    },
    {
      "type": "Feature",
      "properties": {
        "id_geo": "76011831142459",
        "tipo": "PCH",
        "pais": "Perú",
        "fonte": "OSINERGMIN, 2025",
        "pot_mw": 9.0,
        "leyenda": "planeada",
        "institucio": "IBC",
        "limraisg": "s",
        "amzbiog": "n",
        "empresa": "ACQUA ENERGIA",
        "nombre": "MARCA",
        "estagio": "en proyecto"
      },
      "geometry": {
        "type": "Point",
        "coordinates": [-76.011838989999944, -11.424599014999956, 0.0]
      }
    },
    {
      "type": "Feature",
      "properties": {
        "id_geo": "75993331143288",
        "tipo": "PCH",
        "pais": "Perú",
        "fonte": "OSINERGMIN, 2025",
        "pot_mw": 8.4,
        "leyenda": "planeada",
        "institucio": "IBC",
        "limraisg": "s",
        "amzbiog": "n",
        "empresa": "ACQUA ENERGIA",
        "nombre": "CASCA",
        "estagio": "en proyecto"
      },
      "geometry": {
        "type": "Point",
        "coordinates": [-75.993336842999952, -11.432888242999979, 0.0]
      }
    },
    {
      "type": "Feature",
      "properties": {
        "id_geo": "75973361144817",
        "tipo": "PCH",
        "pais": "Perú",
        "fonte": "OSINERGMIN, 2025",
        "pot_mw": 9.5,
        "leyenda": "planeada",
        "institucio": "IBC",
        "limraisg": "s",
        "amzbiog": "n",
        "empresa": "ACQUA ENERGIA",
        "nombre": "ALCAPARROSA",
        "estagio": "en proyecto"
      },
      "geometry": {
        "type": "Point",
        "coordinates": [-75.973369831999946, -11.448177919999978, 0.0]
      }
    },
    {
      "type": "Feature",
      "properties": {
        "id_geo": "72578931313916",
        "tipo": "UHE",
        "pais": "Perú",
        "fonte": "OSINERGMIN, 2025",
        "pot_mw": 280.0,
        "leyenda": "planeada",
        "institucio": "IBC",
        "limraisg": "s",
        "amzbiog": "n",
        "empresa": "INLAND ENERGY SAC",
        "nombre": "SANTA TERESA II",
        "estagio": "en proyecto"
      },
      "geometry": {
        "type": "Point",
        "coordinates": [-72.578934913999944, -13.139168271999949, 0.0]
      }
    },
    {
      "type": "Feature",
      "properties": {
        "id_geo": "70158451366371",
        "tipo": "UHE",
        "pais": "Perú",
        "fonte": "OSINERGMIN, 2025",
        "pot_mw": 102.11,
        "leyenda": "planeada",
        "institucio": "IBC",
        "limraisg": "s",
        "amzbiog": "s",
        "empresa": "NUEVA ESPERANZA HYDRO S.A. - NEHY S.A",
        "nombre": "ANTO RUIZ III",
        "estagio": "en proyecto"
      },
      "geometry": {
        "type": "Point",
        "coordinates": [-70.158452838999949, -13.663717077999934, 0.0]
      }
    },
    {
      "type": "Feature",
      "properties": {
        "id_geo": "76880286107620",
        "tipo": "PCH",
        "pais": "Perú",
        "fonte": "OSINERGMIN, 2025",
        "pot_mw": 6.4,
        "leyenda": "en operación",
        "institucio": "IBC",
        "limraisg": "s",
        "amzbiog": "s",
        "empresa": "ELECTRO ORIENTE S.A",
        "nombre": "GERA I",
        "estagio": "en operación"
      },
      "geometry": {
        "type": "Point",
        "coordinates": [-76.880280133999975, -6.107620112999939, 0.0]
      }
    },
    {
      "type": "Feature",
      "properties": {
        "id_geo": "77612297634701",
        "tipo": "PCH",
        "pais": "Perú",
        "fonte": "OSINERGMIN, 2025",
        "pot_mw": 14.8,
        "leyenda": "planeada",
        "institucio": "IBC",
        "limraisg": "s",
        "amzbiog": "n",
        "empresa": "MINERA PODEROSA",
        "nombre": "CATIVEN I",
        "estagio": "en proyecto"
      },
      "geometry": {
        "type": "Point",
        "coordinates": [-77.612291902999971, -7.634701590999953, 0.0]
      }
    },
    {
      "type": "Feature",
      "properties": {
        "id_geo": "75236541096344",
        "tipo": "PCH",
        "pais": "Perú",
        "fonte": "OSINERGMIN, 2025",
        "pot_mw": 22.2,
        "leyenda": "planeada",
        "institucio": "IBC",
        "limraisg": "s",
        "amzbiog": "s",
        "empresa": "VARI ENERGÍA S.A.C.",
        "nombre": "ANASHIRONI",
        "estagio": "en proyecto"
      },
      "geometry": {
        "type": "Point",
        "coordinates": [-75.236544660999982, -10.963449675999982, 0.0]
      }
    },
    {
      "type": "Feature",
      "properties": {
        "id_geo": "73006371358423",
        "tipo": "PCH",
        "pais": "Perú",
        "fonte": "OSINERGMIN, 2025",
        "pot_mw": 23.0,
        "leyenda": "planeada",
        "institucio": "IBC",
        "limraisg": "s",
        "amzbiog": "n",
        "empresa": "HIDROELÉCTRICA AMÉRICA S.A.C",
        "nombre": "PACHACHACA 2",
        "estagio": "en proyecto"
      },
      "geometry": {
        "type": "Point",
        "coordinates": [-73.006373417999953, -13.584235507999949, 0.0]
      }
    },
    {
      "type": "Feature",
      "properties": {
        "id_geo": "58647231521302",
        "tipo": "PCH",
        "pais": "Brasil",
        "fonte": "ANEEL,jun/2025",
        "pot_mw": 9.2,
        "leyenda": "en proyecto",
        "institucio": "ISA",
        "limraisg": "s",
        "amzbiog": "s",
        "empresa": "Boven Comercializadora de Energia Ltda.",
        "nombre": "Rancho Grande",
        "estagio": "DRS"
      },
      "geometry": {
        "type": "Point",
        "coordinates": [-58.64723896199996, -15.213022139999964, 0.0]
      }
    },
    {
      "type": "Feature",
      "properties": {
        "id_geo": "60652227228056",
        "tipo": "UHE",
        "pais": "Brasil",
        "fonte": "ANEEL,jun/2025",
        "pot_mw": 796.4,
        "leyenda": "liberado para la construción",
        "institucio": "ISA",
        "limraisg": "s",
        "amzbiog": "s",
        "empresa": null,
        "nombre": "Prainha",
        "estagio": "Eixo Disponível"
      },
      "geometry": {
        "type": "Point",
        "coordinates": [-60.652225790999978, -7.228056744999947, 0.0]
      }
    },
    {
      "type": "Feature",
      "properties": {
        "id_geo": "55060011630455",
        "tipo": "PCH",
        "pais": "Brasil",
        "fonte": "ANEEL,jun/2025",
        "pot_mw": 22.0,
        "leyenda": "en operación",
        "institucio": "ISA",
        "limraisg": "s",
        "amzbiog": "n",
        "empresa": "Ibó Energética S.A.",
        "nombre": "Sete Quedas Alta",
        "estagio": "Operação"
      },
      "geometry": {
        "type": "Point",
        "coordinates": [-55.060016239999982, -16.304559725999979, 0.0]
      }
    },
    {
      "type": "Feature",
      "properties": {
        "id_geo": "47837631433075",
        "tipo": "PCH",
        "pais": "Brasil",
        "fonte": "ANEEL,jun/2025",
        "pot_mw": 28.4,
        "leyenda": "en proyecto",
        "institucio": "ISA",
        "limraisg": "s",
        "amzbiog": "n",
        "empresa": "RC Administração e Participações S/A",
        "nombre": "Concórdia",
        "estagio": "DRS"
      },
      "geometry": {
        "type": "Point",
        "coordinates": [-47.837633332999985, -14.330755555999929, 0.0]
      }
    },
    {
      "type": "Feature",
      "properties": {
        "id_geo": "48626711511972",
        "tipo": "UHE",
        "pais": "Brasil",
        "fonte": "ANEEL,jun/2025",
        "pot_mw": 125.0,
        "leyenda": "liberado para la construción",
        "institucio": "ISA",
        "limraisg": "s",
        "amzbiog": "n",
        "empresa": null,
        "nombre": "Maranhão",
        "estagio": "Eixo Disponível"
      },
      "geometry": {
        "type": "Point",
        "coordinates": [-48.62671340199995, -15.119722, 0.0]
      }
    },
    {
      "type": "Feature",
      "properties": {
        "id_geo": "46298401468686",
        "tipo": "PCH",
        "pais": "Brasil",
        "fonte": "ANEEL,jun/2025",
        "pot_mw": 13.6,
        "leyenda": "liberado para la construción",
        "institucio": "ISA",
        "limraisg": "s",
        "amzbiog": "n",
        "empresa": null,
        "nombre": "Mambaí",
        "estagio": "Eixo Disponível"
      },
      "geometry": {
        "type": "Point",
        "coordinates": [-46.298402221999936, -14.686868610999966, 0.0]
      }
    },
    {
      "type": "Feature",
      "properties": {
        "id_geo": "53500471322181",
        "tipo": "PCH",
        "pais": "Brasil",
        "fonte": "ANEEL,jun/2025",
        "pot_mw": 11.1,
        "leyenda": "liberado para la construción",
        "institucio": "ISA",
        "limraisg": "s",
        "amzbiog": "s",
        "empresa": null,
        "nombre": "Gaúcha do Norte",
        "estagio": "Eixo Disponível"
      },
      "geometry": {
        "type": "Point",
        "coordinates": [-53.500478365999982, -13.221811956999943, 0.0]
      }
    },
    {
      "type": "Feature",
      "properties": {
        "id_geo": "47149879428883",
        "tipo": "PCH",
        "pais": "Brasil",
        "fonte": "ANEEL,jun/2025",
        "pot_mw": 5.7,
        "leyenda": "liberado para la construción",
        "institucio": "ISA",
        "limraisg": "s",
        "amzbiog": "n",
        "empresa": "Agrícola Sete Campos Ltda.",
        "nombre": "Anajanópolis",
        "estagio": "Eixo Disponível"
      },
      "geometry": {
        "type": "Point",
        "coordinates": [-47.149872312999946, -9.428883280999969, 0.0]
      }
    },
    {
      "type": "Feature",
      "properties": {
        "id_geo": "51419141636704",
        "tipo": "PCH",
        "pais": "Brasil",
        "fonte": "ANEEL,jun/2025",
        "pot_mw": 26.0,
        "leyenda": "en proyecto",
        "institucio": "ISA",
        "limraisg": "s",
        "amzbiog": "n",
        "empresa": "Jacaré Energética S.A.",
        "nombre": "Jacaré do Caiapó (Caiapó 6)",
        "estagio": "DRS"
      },
      "geometry": {
        "type": "Point",
        "coordinates": [-51.419147221999935, -16.36704444399993, 0.0]
      }
    },
    {
      "type": "Feature",
      "properties": {
        "id_geo": "59379721388374",
        "tipo": "PCH",
        "pais": "Brasil",
        "fonte": "ANEEL,jun/2025",
        "pot_mw": 6.0,
        "leyenda": "en proyecto",
        "institucio": "ISA",
        "limraisg": "s",
        "amzbiog": "n",
        "empresa": "FB – Balestrin Construções e Engenharia Ltda.",
        "nombre": "Juína I",
        "estagio": "DRS"
      },
      "geometry": {
        "type": "Point",
        "coordinates": [-59.379725, -13.883741666999981, 0.0]
      }
    },
    {
      "type": "Feature",
      "properties": {
        "id_geo": "58881271039501",
        "tipo": "PCH",
        "pais": "Brasil",
        "fonte": "ANEEL,jun/2025",
        "pot_mw": 8.501,
        "leyenda": "en proyecto",
        "institucio": "ISA",
        "limraisg": "s",
        "amzbiog": "s",
        "empresa": "Primus Incorporação e Construção Ltda.",
        "nombre": "Canamã",
        "estagio": "DRS"
      },
      "geometry": {
        "type": "Point",
        "coordinates": [-58.88127222199995, -10.395016666999936, 0.0]
      }
    },
    {
      "type": "Feature",
      "properties": {
        "id_geo": "47811161357615",
        "tipo": "PCH",
        "pais": "Brasil",
        "fonte": "ANEEL,jun/2025",
        "pot_mw": 5.5,
        "leyenda": "liberado para la construción",
        "institucio": "ISA",
        "limraisg": "s",
        "amzbiog": "n",
        "empresa": null,
        "nombre": "Cachoeirinha",
        "estagio": "Eixo Disponível"
      },
      "geometry": {
        "type": "Point",
        "coordinates": [-47.811168314999975, -13.576155956999969, 0.0]
      }
    },
    {
      "type": "Feature",
      "properties": {
        "id_geo": "53561661609944",
        "tipo": "PCH",
        "pais": "Brasil",
        "fonte": "ANEEL,jun/2025",
        "pot_mw": 19.5,
        "leyenda": "en proyecto",
        "institucio": "ISA",
        "limraisg": "s",
        "amzbiog": "n",
        "empresa": "Garças Energia e Participações S.A.",
        "nombre": "Tesouro",
        "estagio": "DRS"
      },
      "geometry": {
        "type": "Point",
        "coordinates": [-53.561666669999966, -16.099444455999958, 0.0]
      }
    },
    {
      "type": "Feature",
      "properties": {
        "id_geo": "58820271217527",
        "tipo": "UHE",
        "pais": "Brasil",
        "fonte": "ANEEL,jun/2025",
        "pot_mw": 150.0,
        "leyenda": "liberado para la construción",
        "institucio": "ISA",
        "limraisg": "s",
        "amzbiog": "n",
        "empresa": null,
        "nombre": "JRN-720",
        "estagio": "Eixo Disponível"
      },
      "geometry": {
        "type": "Point",
        "coordinates": [-58.820277774999965, -12.175277777999952, 0.0]
      }
    },
    {
      "type": "Feature",
      "properties": {
        "id_geo": "46750321171005",
        "tipo": "PCH",
        "pais": "Brasil",
        "fonte": "ANEEL,jun/2025",
        "pot_mw": 6.0,
        "leyenda": "en operación",
        "institucio": "ISA",
        "limraisg": "s",
        "amzbiog": "n",
        "empresa": "São Sebastião Energia Ltda.",
        "nombre": "Doido",
        "estagio": "Operação"
      },
      "geometry": {
        "type": "Point",
        "coordinates": [-46.750328399999944, -11.710052399999938, 0.0]
      }
    },
    {
      "type": "Feature",
      "properties": {
        "id_geo": "60308081251242",
        "tipo": "PCH",
        "pais": "Brasil",
        "fonte": "ANEEL,jun/2025",
        "pot_mw": 30.0,
        "leyenda": "en construcción",
        "institucio": "ISA",
        "limraisg": "s",
        "amzbiog": "n",
        "empresa": "Centrais Elétricas Belém S.A.",
        "nombre": "Apertadinho",
        "estagio": "Construção"
      },
      "geometry": {
        "type": "Point",
        "coordinates": [-60.308084741999949, -12.512423558999956, 0.0]
      }
    },
    {
      "type": "Feature",
      "properties": {
        "id_geo": "46774151495755",
        "tipo": "PCH",
        "pais": "Brasil",
        "fonte": "ANEEL,jun/2025",
        "pot_mw": 6.1,
        "leyenda": "liberado para la construción",
        "institucio": "ISA",
        "limraisg": "s",
        "amzbiog": "n",
        "empresa": null,
        "nombre": "Serra do Divisor",
        "estagio": "Eixo Disponibilizado"
      },
      "geometry": {
        "type": "Point",
        "coordinates": [-46.774158332999946, -14.957558332999952, 0.0]
      }
    },
    {
      "type": "Feature",
      "properties": {
        "id_geo": "60914167705278",
        "tipo": "UHE",
        "pais": "Brasil",
        "fonte": "ANEEL,jun/2025",
        "pot_mw": 399.8,
        "leyenda": "liberado para la construción",
        "institucio": "ISA",
        "limraisg": "s",
        "amzbiog": "s",
        "empresa": null,
        "nombre": "Cachoeira Galinha",
        "estagio": "Eixo Disponível"
      },
      "geometry": {
        "type": "Point",
        "coordinates": [-60.914165476999983, -7.705278967999959, 0.0]
      }
    },
    {
      "type": "Feature",
      "properties": {
        "id_geo": "59012511520591",
        "tipo": "PCH",
        "pais": "Brasil",
        "fonte": "ANEEL,jun/2025",
        "pot_mw": 14.0,
        "leyenda": "en operación",
        "institucio": "ISA",
        "limraisg": "s",
        "amzbiog": "s",
        "empresa": "Nova Guaporé Energética S.A.",
        "nombre": "Nova Guaporé",
        "estagio": "Operação"
      },
      "geometry": {
        "type": "Point",
        "coordinates": [-59.012510980999934, -15.205911090999962, 0.0]
      }
    },
    {
      "type": "Feature",
      "properties": {
        "id_geo": "63060271002027",
        "tipo": "PCH",
        "pais": "Brasil",
        "fonte": "ANEEL,jun/2025",
        "pot_mw": 17.0,
        "leyenda": "en operación",
        "institucio": "ISA",
        "limraisg": "s",
        "amzbiog": "s",
        "empresa": "Canaã Geração de Energia S.A.",
        "nombre": "Canaã",
        "estagio": "Operação"
      },
      "geometry": {
        "type": "Point",
        "coordinates": [-63.060277774999975, -10.020277776999933, 0.0]
      }
    },
    {
      "type": "Feature",
      "properties": {
        "id_geo": "59000351344744",
        "tipo": "PCH",
        "pais": "Brasil",
        "fonte": "ANEEL,jun/2025",
        "pot_mw": 15.003,
        "leyenda": "en proyecto",
        "institucio": "ISA",
        "limraisg": "s",
        "amzbiog": "n",
        "empresa": "Cristalina Energia Ltda.",
        "nombre": "Cristalina",
        "estagio": "DRS"
      },
      "geometry": {
        "type": "Point",
        "coordinates": [-59.000352777999979, -13.447444443999927, 0.0]
      }
    },
    {
      "type": "Feature",
      "properties": {
        "id_geo": "55016119833333",
        "tipo": "PCH",
        "pais": "Brasil",
        "fonte": "ANEEL,jun/2025",
        "pot_mw": 5.18,
        "leyenda": "en operación",
        "institucio": "ISA",
        "limraisg": "s",
        "amzbiog": "s",
        "empresa": "Primavera Energia S.A.",
        "nombre": "Braço Norte",
        "estagio": "Operação"
      },
      "geometry": {
        "type": "Point",
        "coordinates": [-55.016111110999987, -9.833333332999928, 0.0]
      }
    },
    {
      "type": "Feature",
      "properties": {
        "id_geo": "54933054050833",
        "tipo": "PCH",
        "pais": "Brasil",
        "fonte": "ANEEL,jun/2025",
        "pot_mw": 8.2,
        "leyenda": "liberado para la construción",
        "institucio": "ISA",
        "limraisg": "s",
        "amzbiog": "s",
        "empresa": null,
        "nombre": "Sibipiruna",
        "estagio": "Eixo Disponível"
      },
      "geometry": {
        "type": "Point",
        "coordinates": [-54.933055555999942, -4.050833332999957, 0.0]
      }
    },
    {
      "type": "Feature",
      "properties": {
        "id_geo": "58983811319799",
        "tipo": "PCH",
        "pais": "Brasil",
        "fonte": "ANEEL,jun/2025",
        "pot_mw": 20.16,
        "leyenda": "en operación",
        "institucio": "ISA",
        "limraisg": "s",
        "amzbiog": "n",
        "empresa": "Ilha Comprida Energia S.A.",
        "nombre": "Ilha Comprida",
        "estagio": "Operação"
      },
      "geometry": {
        "type": "Point",
        "coordinates": [-58.983811110999966, -13.197997221999969, 0.0]
      }
    },
    {
      "type": "Feature",
      "properties": {
        "id_geo": "57898051264777",
        "tipo": "PCH",
        "pais": "Brasil",
        "fonte": "ANEEL,jun/2025",
        "pot_mw": 17.5,
        "leyenda": "liberado para la construción",
        "institucio": "ISA",
        "limraisg": "s",
        "amzbiog": "n",
        "empresa": null,
        "nombre": "Mogno",
        "estagio": "Eixo Disponível"
      },
      "geometry": {
        "type": "Point",
        "coordinates": [-57.898055555999974, -12.647777777999977, 0.0]
      }
    },
    {
      "type": "Feature",
      "properties": {
        "id_geo": "53818441526501",
        "tipo": "PCH",
        "pais": "Brasil",
        "fonte": "ANEEL,jun/2025",
        "pot_mw": 27.1,
        "leyenda": "liberado para la construción",
        "institucio": "ISA",
        "limraisg": "s",
        "amzbiog": "n",
        "empresa": null,
        "nombre": "Sangradourozinho",
        "estagio": "Eixo Disponível"
      },
      "geometry": {
        "type": "Point",
        "coordinates": [-53.818441666999945, -15.265019443999961, 0.0]
      }
    },
    {
      "type": "Feature",
      "properties": {
        "id_geo": "51480271653527",
        "tipo": "PCH",
        "pais": "Brasil",
        "fonte": "ANEEL,jun/2025",
        "pot_mw": 29.328,
        "leyenda": "en operación",
        "institucio": "ISA",
        "limraisg": "s",
        "amzbiog": "n",
        "empresa": "Tamboril Energética S.A",
        "nombre": "Tamboril",
        "estagio": "Operação"
      },
      "geometry": {
        "type": "Point",
        "coordinates": [-51.480277777999959, -16.535277777999966, 0.0]
      }
    },
    {
      "type": "Feature",
      "properties": {
        "id_geo": "51439031634268",
        "tipo": "PCH",
        "pais": "Brasil",
        "fonte": "ANEEL,jun/2025",
        "pot_mw": 30.0,
        "leyenda": "en operación",
        "institucio": "ISA",
        "limraisg": "s",
        "amzbiog": "n",
        "empresa": "Concessionária Mosquitão S.A.",
        "nombre": "Mosquitão",
        "estagio": "Operação"
      },
      "geometry": {
        "type": "Point",
        "coordinates": [-51.439037448999954, -16.342685384999982, 0.0]
      }
    },
    {
      "type": "Feature",
      "properties": {
        "id_geo": "58029451351993",
        "tipo": "PCH",
        "pais": "Brasil",
        "fonte": "ANEEL,jun/2025",
        "pot_mw": 13.001,
        "leyenda": "en proyecto",
        "institucio": "ISA",
        "limraisg": "s",
        "amzbiog": "n",
        "empresa": "Vr Energia Spe Ltda",
        "nombre": "Reck",
        "estagio": "DRS"
      },
      "geometry": {
        "type": "Point",
        "coordinates": [-58.029455555999959, -13.519930555999963, 0.0]
      }
    },
    {
      "type": "Feature",
      "properties": {
        "id_geo": "53334441400472",
        "tipo": "PCH",
        "pais": "Brasil",
        "fonte": "ANEEL,jun/2025",
        "pot_mw": 22.0,
        "leyenda": "liberado para la construción",
        "institucio": "ISA",
        "limraisg": "s",
        "amzbiog": "n",
        "empresa": null,
        "nombre": "Rio Maria (Antiga Paranatinga I)",
        "estagio": "Eixo Disponível"
      },
      "geometry": {
        "type": "Point",
        "coordinates": [-53.334444443999985, -14.004722221999941, 0.0]
      }
    },
    {
      "type": "Feature",
      "properties": {
        "id_geo": "49508051521972",
        "tipo": "PCH",
        "pais": "Brasil",
        "fonte": "ANEEL,jun/2025",
        "pot_mw": 12.0,
        "leyenda": "liberado para la construción",
        "institucio": "ISA",
        "limraisg": "s",
        "amzbiog": "n",
        "empresa": null,
        "nombre": "Rialcema",
        "estagio": "Eixo Disponível"
      },
      "geometry": {
        "type": "Point",
        "coordinates": [-49.508055555999931, -15.219722221999973, 0.0]
      }
    },
    {
      "type": "Feature",
      "properties": {
        "id_geo": "57911581483005",
        "tipo": "PCH",
        "pais": "Brasil",
        "fonte": "ANEEL,jun/2025",
        "pot_mw": 28.0,
        "leyenda": "en operación",
        "institucio": "ISA",
        "limraisg": "s",
        "amzbiog": "s",
        "empresa": "Pampeana Energética S.A.",
        "nombre": "Pampeana",
        "estagio": "Operação"
      },
      "geometry": {
        "type": "Point",
        "coordinates": [-57.911583579999956, -14.830055670999968, 0.0]
      }
    },
    {
      "type": "Feature",
      "properties": {
        "id_geo": "50779991634860",
        "tipo": "PCH",
        "pais": "Brasil",
        "fonte": "ANEEL,jun/2025",
        "pot_mw": 12.501,
        "leyenda": "en proyecto",
        "institucio": "ISA",
        "limraisg": "s",
        "amzbiog": "n",
        "empresa": "CCB Energia S.A.",
        "nombre": "Areias",
        "estagio": "DRS"
      },
      "geometry": {
        "type": "Point",
        "coordinates": [-50.77999437699998, -16.348604393999949, 0.0]
      }
    },
    {
      "type": "Feature",
      "properties": {
        "id_geo": "46642031198087",
        "tipo": "PCH",
        "pais": "Brasil",
        "fonte": "ANEEL,jun/2025",
        "pot_mw": 10.0,
        "leyenda": "en operación",
        "institucio": "ISA",
        "limraisg": "s",
        "amzbiog": "n",
        "empresa": "Piarucum Energia Ltda.",
        "nombre": "Piarucum",
        "estagio": "Operação"
      },
      "geometry": {
        "type": "Point",
        "coordinates": [-46.642030555999952, -11.980877777999979, 0.0]
      }
    },
    {
      "type": "Feature",
      "properties": {
        "id_geo": "48371969757355",
        "tipo": "UHE",
        "pais": "Brasil",
        "fonte": "ANEEL,jun/2025",
        "pot_mw": 902.5,
        "leyenda": "en operación",
        "institucio": "ISA",
        "limraisg": "s",
        "amzbiog": "n",
        "empresa": "CEB Lajeado S.A, Investco S.A., Lajeado Energia S.A., Paulista Lajeado Energida S.A.",
        "nombre": "Luís Eduardo Magalhães (Lajeado)",
        "estagio": "Operação"
      },
      "geometry": {
        "type": "Point",
        "coordinates": [-48.371960070999933, -9.757355249999932, 0.0]
      }
    },
    {
      "type": "Feature",
      "properties": {
        "id_geo": "56050284417501",
        "tipo": "PCH",
        "pais": "Brasil",
        "fonte": "ANEEL,jun/2025",
        "pot_mw": 15.0,
        "leyenda": "en proyecto",
        "institucio": "ISA",
        "limraisg": "s",
        "amzbiog": "s",
        "empresa": "CACHOEIRA DO CODO GERADORA DE ENERGIA SPE LTDA",
        "nombre": "Cachoeira do Codó",
        "estagio": "DRS"
      },
      "geometry": {
        "type": "Point",
        "coordinates": [-56.050281173999963, -4.417501103999939, 0.0]
      }
    },
    {
      "type": "Feature",
      "properties": {
        "id_geo": "47704151095194",
        "tipo": "PCH",
        "pais": "Brasil",
        "fonte": "ANEEL,jun/2025",
        "pot_mw": 14.3,
        "leyenda": "liberado para la construción",
        "institucio": "ISA",
        "limraisg": "s",
        "amzbiog": "n",
        "empresa": null,
        "nombre": "Foz do Gameleira",
        "estagio": "Eixo Disponível"
      },
      "geometry": {
        "type": "Point",
        "coordinates": [-47.704155555999932, -10.951947221999944, 0.0]
      }
    },
    {
      "type": "Feature",
      "properties": {
        "id_geo": "46740951257336",
        "tipo": "PCH",
        "pais": "Brasil",
        "fonte": "ANEEL,jun/2025",
        "pot_mw": 10.4,
        "leyenda": "liberado para la construción",
        "institucio": "ISA",
        "limraisg": "s",
        "amzbiog": "n",
        "empresa": null,
        "nombre": "Salgado",
        "estagio": "Eixo Disponível"
      },
      "geometry": {
        "type": "Point",
        "coordinates": [-46.740954721999969, -12.573364721999951, 0.0]
      }
    },
    {
      "type": "Feature",
      "properties": {
        "id_geo": "54000301521519",
        "tipo": "PCH",
        "pais": "Brasil",
        "fonte": "ANEEL,jun/2025",
        "pot_mw": 17.0,
        "leyenda": "en proyecto",
        "institucio": "ISA",
        "limraisg": "s",
        "amzbiog": "n",
        "empresa": "Cumbuco Energia Ltda.",
        "nombre": "Cumbuco",
        "estagio": "DRS"
      },
      "geometry": {
        "type": "Point",
        "coordinates": [-54.000305555999944, -15.215194443999962, 0.0]
      }
    },
    {
      "type": "Feature",
      "properties": {
        "id_geo": "58603081327213",
        "tipo": "PCH",
        "pais": "Brasil",
        "fonte": "ANEEL,jun/2025",
        "pot_mw": 17.04,
        "leyenda": "liberado para la construción",
        "institucio": "ISA",
        "limraisg": "s",
        "amzbiog": "n",
        "empresa": null,
        "nombre": "A2E12",
        "estagio": "Eixo Disponível"
      },
      "geometry": {
        "type": "Point",
        "coordinates": [-58.603080555999952, -13.272130555999979, 0.0]
      }
    },
    {
      "type": "Feature",
      "properties": {
        "id_geo": "46814841146820",
        "tipo": "PCH",
        "pais": "Brasil",
        "fonte": "ANEEL,jun/2025",
        "pot_mw": 5.5,
        "leyenda": "en operación",
        "institucio": "ISA",
        "limraisg": "s",
        "amzbiog": "n",
        "empresa": "Tocantins Energética S.A.",
        "nombre": "Dianópolis",
        "estagio": "Operação"
      },
      "geometry": {
        "type": "Point",
        "coordinates": [-46.814843656999983, -11.468209896999952, 0.0]
      }
    },
    {
      "type": "Feature",
      "properties": {
        "id_geo": "47182691181378",
        "tipo": "PCH",
        "pais": "Brasil",
        "fonte": "ANEEL,jun/2025",
        "pot_mw": 6.2,
        "leyenda": "liberado para la construción",
        "institucio": "ISA",
        "limraisg": "s",
        "amzbiog": "n",
        "empresa": null,
        "nombre": "Baliza",
        "estagio": "Eixo Disponível"
      },
      "geometry": {
        "type": "Point",
        "coordinates": [-47.182692336999935, -11.813786110999956, 0.0]
      }
    },
    {
      "type": "Feature",
      "properties": {
        "id_geo": "46366111286777",
        "tipo": "PCH",
        "pais": "Brasil",
        "fonte": "ANEEL,jun/2025",
        "pot_mw": 5.1,
        "leyenda": "planeada",
        "institucio": "ISA",
        "limraisg": "s",
        "amzbiog": "n",
        "empresa": "JA Incorporadora Ltda e Celg Geração e Transmissão S.A",
        "nombre": "Boa Vista",
        "estagio": "PB aceito"
      },
      "geometry": {
        "type": "Point",
        "coordinates": [-46.366111110999952, -12.867777777999947, 0.0]
      }
    },
    {
      "type": "Feature",
      "properties": {
        "id_geo": "57597561332033",
        "tipo": "PCH",
        "pais": "Brasil",
        "fonte": "ANEEL,jun/2025",
        "pot_mw": 18.0,
        "leyenda": "en operación",
        "institucio": "ISA",
        "limraisg": "s",
        "amzbiog": "n",
        "empresa": "Global Energia Elétrica S.A.",
        "nombre": "Baruíto",
        "estagio": "Operação"
      },
      "geometry": {
        "type": "Point",
        "coordinates": [-57.597563418999982, -13.320332166999947, 0.0]
      }
    },
    {
      "type": "Feature",
      "properties": {
        "id_geo": "55556381008583",
        "tipo": "UHE",
        "pais": "Brasil",
        "fonte": "ANEEL,jun/2025",
        "pot_mw": 127.8,
        "leyenda": "liberado para la construción",
        "institucio": "ISA",
        "limraisg": "s",
        "amzbiog": "s",
        "empresa": null,
        "nombre": "Alta Floresta",
        "estagio": "Eixo Disponibilizado"
      },
      "geometry": {
        "type": "Point",
        "coordinates": [-55.556388888999948, -10.085833332999925, 0.0]
      }
    },
    {
      "type": "Feature",
      "properties": {
        "id_geo": "50836851663247",
        "tipo": "PCH",
        "pais": "Brasil",
        "fonte": "ANEEL,jun/2025",
        "pot_mw": 7.3,
        "leyenda": "liberado para la construción",
        "institucio": "ISA",
        "limraisg": "s",
        "amzbiog": "n",
        "empresa": null,
        "nombre": "Três Barras Jusante",
        "estagio": "Eixo Disponível"
      },
      "geometry": {
        "type": "Point",
        "coordinates": [-50.836855555999932, -16.632472221999933, 0.0]
      }
    },
    {
      "type": "Feature",
      "properties": {
        "id_geo": "53933081461933",
        "tipo": "PCH",
        "pais": "Brasil",
        "fonte": "ANEEL,jun/2025",
        "pot_mw": 7.1,
        "leyenda": "en proyecto",
        "institucio": "ISA",
        "limraisg": "s",
        "amzbiog": "n",
        "empresa": "KLN1 Geradora de Energia S.A.",
        "nombre": "Pucon 2",
        "estagio": "DRS"
      },
      "geometry": {
        "type": "Point",
        "coordinates": [-53.933084090999955, -14.619338705999951, 0.0]
      }
    },
    {
      "type": "Feature",
      "properties": {
        "id_geo": "56008011279317",
        "tipo": "PCH",
        "pais": "Brasil",
        "fonte": "ANEEL,jun/2025",
        "pot_mw": 28.0,
        "leyenda": "en operación",
        "institucio": "ISA",
        "limraisg": "s",
        "amzbiog": "n",
        "empresa": "Rio Verde Energia S.A.",
        "nombre": "Canoa Quebrada",
        "estagio": "Operação"
      },
      "geometry": {
        "type": "Point",
        "coordinates": [-56.008013887999937, -12.793177778999961, 0.0]
      }
    },
    {
      "type": "Feature",
      "properties": {
        "id_geo": "58038611505833",
        "tipo": "PCH",
        "pais": "Brasil",
        "fonte": "ANEEL,jun/2025",
        "pot_mw": 13.0,
        "leyenda": "en proyecto",
        "institucio": "ISA",
        "limraisg": "s",
        "amzbiog": "s",
        "empresa": "Pequena Central Hidrelétrica Salto Vermelho SPE Ltda.",
        "nombre": "Salto Vermelho I",
        "estagio": "DRS"
      },
      "geometry": {
        "type": "Point",
        "coordinates": [-58.038611110999966, -15.05833333299995, 0.0]
      }
    },
    {
      "type": "Feature",
      "properties": {
        "id_geo": "58786801302427",
        "tipo": "PCH",
        "pais": "Brasil",
        "fonte": "ANEEL,jun/2025",
        "pot_mw": 5.9,
        "leyenda": "liberado para la construción",
        "institucio": "ISA",
        "limraisg": "s",
        "amzbiog": "n",
        "empresa": null,
        "nombre": "SU-146",
        "estagio": "Eixo Disponível"
      },
      "geometry": {
        "type": "Point",
        "coordinates": [-58.786805555999933, -13.024277777999941, 0.0]
      }
    },
    {
      "type": "Feature",
      "properties": {
        "id_geo": "54389441538888",
        "tipo": "PCH",
        "pais": "Brasil",
        "fonte": "ANEEL,jun/2025",
        "pot_mw": 27.0,
        "leyenda": "en proyecto",
        "institucio": "ISA",
        "limraisg": "s",
        "amzbiog": "s",
        "empresa": "Construnível Energias Renováveis",
        "nombre": "Pancada Grande",
        "estagio": "DRI"
      },
      "geometry": {
        "type": "Point",
        "coordinates": [-54.389444443999935, -1.538888888999963, 0.0]
      }
    },
    {
      "type": "Feature",
      "properties": {
        "id_geo": "58477261510693",
        "tipo": "PCH",
        "pais": "Brasil",
        "fonte": "ANEEL,jun/2025",
        "pot_mw": 6.5,
        "leyenda": "en proyecto",
        "institucio": "ISA",
        "limraisg": "s",
        "amzbiog": "s",
        "empresa": "São José Energia PCHs Ltda.",
        "nombre": "Cabaçal 5",
        "estagio": "DRS"
      },
      "geometry": {
        "type": "Point",
        "coordinates": [-58.477269427999943, -15.106938981999974, 0.0]
      }
    },
    {
      "type": "Feature",
      "properties": {
        "id_geo": "61206321198846",
        "tipo": "PCH",
        "pais": "Brasil",
        "fonte": "ANEEL,jun/2025",
        "pot_mw": 30.0,
        "leyenda": "en proyecto",
        "institucio": "ISA",
        "limraisg": "s",
        "amzbiog": "s",
        "empresa": "Eletrossol Centrais Elétricas Cassol Ltda.",
        "nombre": "São Paulo do Pimenta Bueno",
        "estagio": "DRS"
      },
      "geometry": {
        "type": "Point",
        "coordinates": [-61.206322221999983, -11.988463888999945, 0.0]
      }
    },
    {
      "type": "Feature",
      "properties": {
        "id_geo": "58110551470638",
        "tipo": "PCH",
        "pais": "Brasil",
        "fonte": "ANEEL,jun/2025",
        "pot_mw": 7.48,
        "leyenda": "planeada",
        "institucio": "ISA",
        "limraisg": "s",
        "amzbiog": "n",
        "empresa": "Nova Juba Energética e Participações S.A.",
        "nombre": "Juba IV",
        "estagio": "Construção não iniciada"
      },
      "geometry": {
        "type": "Point",
        "coordinates": [-58.110555555999952, -14.706388888999982, 0.0]
      }
    },
    {
      "type": "Feature",
      "properties": {
        "id_geo": "56168211555150",
        "tipo": "PCH",
        "pais": "Brasil",
        "fonte": "ANEEL,jun/2025",
        "pot_mw": 29.682,
        "leyenda": "en proyecto",
        "institucio": "ISA",
        "limraisg": "s",
        "amzbiog": "n",
        "empresa": "Maturati Participações S.A., Meta Serviços e Projetos Ltda.",
        "nombre": "Guapira II",
        "estagio": "DRS"
      },
      "geometry": {
        "type": "Point",
        "coordinates": [-56.168216666999967, -15.551505555999938, 0.0]
      }
    },
    {
      "type": "Feature",
      "properties": {
        "id_geo": "46276278058508",
        "tipo": "PCH",
        "pais": "Brasil",
        "fonte": "ANEEL,jun/2025",
        "pot_mw": 14.29,
        "leyenda": "liberado para la construción",
        "institucio": "ISA",
        "limraisg": "s",
        "amzbiog": "n",
        "empresa": null,
        "nombre": "São Gregório (antiga A2E12)",
        "estagio": "Eixo Disponível"
      },
      "geometry": {
        "type": "Point",
        "coordinates": [-46.276272219999953, -8.058508331999974, 0.0]
      }
    },
    {
      "type": "Feature",
      "properties": {
        "id_geo": "59473371915900",
        "tipo": "UHE",
        "pais": "Brasil",
        "fonte": "ANEEL,jun/2025",
        "pot_mw": 249.75,
        "leyenda": "en operación",
        "institucio": "ISA",
        "limraisg": "s",
        "amzbiog": "s",
        "empresa": "Centrais Elétricas do Norte Do Brasil S.A. - Eletronorte",
        "nombre": "Balbina",
        "estagio": "Operação"
      },
      "geometry": {
        "type": "Point",
        "coordinates": [-59.473372007999956, -1.915900466999972, 0.0]
      }
    },
    {
      "type": "Feature",
      "properties": {
        "id_geo": "53292391589487",
        "tipo": "PCH",
        "pais": "Brasil",
        "fonte": "ANEEL,jun/2025",
        "pot_mw": 22.5,
        "leyenda": "en proyecto",
        "institucio": "ISA",
        "limraisg": "s",
        "amzbiog": "n",
        "empresa": "Garças Energia e Participações S.A.",
        "nombre": "Foz do Batovi",
        "estagio": "DRS"
      },
      "geometry": {
        "type": "Point",
        "coordinates": [-53.292396943999961, -15.894874166999955, 0.0]
      }
    },
    {
      "type": "Feature",
      "properties": {
        "id_geo": "54817501309805",
        "tipo": "PCH",
        "pais": "Brasil",
        "fonte": "ANEEL,jun/2025",
        "pot_mw": 6.66,
        "leyenda": "en operación",
        "institucio": "ISA",
        "limraisg": "s",
        "amzbiog": "s",
        "empresa": "Tecnovolt Centrais Elétricas S.A.",
        "nombre": "ARS",
        "estagio": "Operação"
      },
      "geometry": {
        "type": "Point",
        "coordinates": [-54.8175, -13.098055552999938, 0.0]
      }
    },
    {
      "type": "Feature",
      "properties": {
        "id_geo": "48386361223546",
        "tipo": "UHE",
        "pais": "Brasil",
        "fonte": "ANEEL,jun/2025",
        "pot_mw": 498.75,
        "leyenda": "en operación",
        "institucio": "ISA",
        "limraisg": "s",
        "amzbiog": "n",
        "empresa": "Enerpeixe S/A",
        "nombre": "Peixe Angical",
        "estagio": "Operação"
      },
      "geometry": {
        "type": "Point",
        "coordinates": [-48.386366937999981, -12.235466551999934, 0.0]
      }
    },
    {
      "type": "Feature",
      "properties": {
        "id_geo": "59019441326555",
        "tipo": "PCH",
        "pais": "Brasil",
        "fonte": "ANEEL,jun/2025",
        "pot_mw": 16.0,
        "leyenda": "en operación",
        "institucio": "ISA",
        "limraisg": "s",
        "amzbiog": "n",
        "empresa": "Sapezal Energia S.A.",
        "nombre": "Sapezal",
        "estagio": "Operação"
      },
      "geometry": {
        "type": "Point",
        "coordinates": [-59.019444443999987, -13.265555555999981, 0.0]
      }
    },
    {
      "type": "Feature",
      "properties": {
        "id_geo": "53441381651972",
        "tipo": "PCH",
        "pais": "Brasil",
        "fonte": "ANEEL,jun/2025",
        "pot_mw": 10.5,
        "leyenda": "en proyecto",
        "institucio": "ISA",
        "limraisg": "s",
        "amzbiog": "n",
        "empresa": "Garças Energia e Participações S.A.",
        "nombre": "Galante",
        "estagio": "DRS"
      },
      "geometry": {
        "type": "Point",
        "coordinates": [-53.441388880999966, -16.519722212999966, 0.0]
      }
    },
    {
      "type": "Feature",
      "properties": {
        "id_geo": "58663169183138",
        "tipo": "UHE",
        "pais": "Brasil",
        "fonte": "ANEEL,jun/2025",
        "pot_mw": 1248.0,
        "leyenda": "liberado para la construción",
        "institucio": "ISA",
        "limraisg": "s",
        "amzbiog": "s",
        "empresa": null,
        "nombre": "JRN-277",
        "estagio": "Eixo Disponível"
      },
      "geometry": {
        "type": "Point",
        "coordinates": [-58.663166666999984, -9.183138889999952, 0.0]
      }
    },
    {
      "type": "Feature",
      "properties": {
        "id_geo": "55475279685277",
        "tipo": "PCH",
        "pais": "Brasil",
        "fonte": "ANEEL,jun/2025",
        "pot_mw": 9.0,
        "leyenda": "en construcción",
        "institucio": "ISA",
        "limraisg": "s",
        "amzbiog": "s",
        "empresa": "Usina Elétrica do Nhandu S.A.",
        "nombre": "Rochedo",
        "estagio": "Construção"
      },
      "geometry": {
        "type": "Point",
        "coordinates": [-55.475277777999963, -9.685277777999943, 0.0]
      }
    },
    {
      "type": "Feature",
      "properties": {
        "id_geo": "55759995916388",
        "tipo": "UHE",
        "pais": "Brasil",
        "fonte": "ANEEL,jun/2025",
        "pot_mw": 528.0,
        "leyenda": "planeada",
        "institucio": "ISA",
        "limraisg": "s",
        "amzbiog": "s",
        "empresa": "Centrais Eletricas do Norte do Brasil S.A. – Eletronorte e Construções e Comércio Camargo Corrêa S.A., Electricité de France S/A – EDF., Cemig Geração e Transmissão S.A., Copel Geração e Transmissão S.A., GDF Suez Energy Latin America Part",
        "nombre": "Cachoeira dos Patos",
        "estagio": "EVTE em elaboração"
      },
      "geometry": {
        "type": "Point",
        "coordinates": [-55.759999998999945, -5.916388887999972, 0.0]
      }
    },
    {
      "type": "Feature",
      "properties": {
        "id_geo": "51550002733333",
        "tipo": "PCH",
        "pais": "Brasil",
        "fonte": "ANEEL,jun/2025",
        "pot_mw": 12.2,
        "leyenda": "liberado para la construción",
        "institucio": "ISA",
        "limraisg": "s",
        "amzbiog": "s",
        "empresa": null,
        "nombre": "Cachoeira Grande",
        "estagio": "Eixo Disponível"
      },
      "geometry": {
        "type": "Point",
        "coordinates": [-51.55, 2.733333333000076, 0.0]
      }
    },
    {
      "type": "Feature",
      "properties": {
        "id_geo": "54988619778611",
        "tipo": "PCH",
        "pais": "Brasil",
        "fonte": "ANEEL,jun/2025",
        "pot_mw": 9.6,
        "leyenda": "en operación",
        "institucio": "ISA",
        "limraisg": "s",
        "amzbiog": "s",
        "empresa": "Eletricidade da Amazônia S/A",
        "nombre": "Braço Norte II",
        "estagio": "Operação"
      },
      "geometry": {
        "type": "Point",
        "coordinates": [-54.988611110999955, -9.778611110999975, 0.0]
      }
    },
    {
      "type": "Feature",
      "properties": {
        "id_geo": "46133055838333",
        "tipo": "PCH",
        "pais": "Brasil",
        "fonte": "ANEEL,jun/2025",
        "pot_mw": 11.4,
        "leyenda": "liberado para la construción",
        "institucio": "ISA",
        "limraisg": "s",
        "amzbiog": "n",
        "empresa": null,
        "nombre": "Grajaú",
        "estagio": "Eixo Disponível"
      },
      "geometry": {
        "type": "Point",
        "coordinates": [-46.133055555999931, -5.83833333299998, 0.0]
      }
    },
    {
      "type": "Feature",
      "properties": {
        "id_geo": "46736711169751",
        "tipo": "PCH",
        "pais": "Brasil",
        "fonte": "ANEEL,jun/2025",
        "pot_mw": 11.4,
        "leyenda": "en operación",
        "institucio": "ISA",
        "limraisg": "s",
        "amzbiog": "n",
        "empresa": "Areia Energia S.A.",
        "nombre": "Areia",
        "estagio": "Operação"
      },
      "geometry": {
        "type": "Point",
        "coordinates": [-46.736710708999965, -11.697516641999925, 0.0]
      }
    },
    {
      "type": "Feature",
      "properties": {
        "id_geo": "53369091537154",
        "tipo": "UHE",
        "pais": "Brasil",
        "fonte": "ANEEL,jun/2025",
        "pot_mw": 320.0,
        "leyenda": "planeada",
        "institucio": "ISA",
        "limraisg": "s",
        "amzbiog": "n",
        "empresa": "Energética-Tech Engenharia Ltda., PCE – Projetos e Consultoria de Engenharia Ltda., ENERCAMP Engenharia e Comércio Ltda., Furnas Centrais Elétricas S.A., Alstom Hydro Energia Brasil Ltda., Construtora Andrade Gutierrez S.A.",
        "nombre": "Água Limpa",
        "estagio": "EVTE aceito"
      },
      "geometry": {
        "type": "Point",
        "coordinates": [-53.369090252999968, -15.371549613999946, 0.0]
      }
    },
    {
      "type": "Feature",
      "properties": {
        "id_geo": "55261114204444",
        "tipo": "PCH",
        "pais": "Brasil",
        "fonte": "ANEEL,jun/2025",
        "pot_mw": 5.2,
        "leyenda": "en proyecto",
        "institucio": "ISA",
        "limraisg": "s",
        "amzbiog": "s",
        "empresa": "ATF Patrimonial Ltda.",
        "nombre": "Macaúba",
        "estagio": "DRS"
      },
      "geometry": {
        "type": "Point",
        "coordinates": [-55.261111110999934, -4.204444443999932, 0.0]
      }
    },
    {
      "type": "Feature",
      "properties": {
        "id_geo": "55017774244166",
        "tipo": "PCH",
        "pais": "Brasil",
        "fonte": "ANEEL,jun/2025",
        "pot_mw": 7.0,
        "leyenda": "en proyecto",
        "institucio": "ISA",
        "limraisg": "s",
        "amzbiog": "s",
        "empresa": "T3 Pagamentos Ltda., Brilhar Participações Ltda.",
        "nombre": "Alcobaça",
        "estagio": "DRI"
      },
      "geometry": {
        "type": "Point",
        "coordinates": [-55.017777777999981, -4.244166666999945, 0.0]
      }
    },
    {
      "type": "Feature",
      "properties": {
        "id_geo": "58964721512388",
        "tipo": "UHE",
        "pais": "Brasil",
        "fonte": "ANEEL,jun/2025",
        "pot_mw": 120.0,
        "leyenda": "en operación",
        "institucio": "ISA",
        "limraisg": "s",
        "amzbiog": "s",
        "empresa": "Mineração Santa Elina Indústria e Comércio S.A., Tangará Energia S.A.",
        "nombre": "Guaporé",
        "estagio": "Operação"
      },
      "geometry": {
        "type": "Point",
        "coordinates": [-58.964722, -15.123889, 0.0]
      }
    },
    {
      "type": "Feature",
      "properties": {
        "id_geo": "56985671035491",
        "tipo": "PCH",
        "pais": "Brasil",
        "fonte": "ANEEL,jun/2025",
        "pot_mw": 30.0,
        "leyenda": "en operación",
        "institucio": "ISA",
        "limraisg": "s",
        "amzbiog": "s",
        "empresa": "Enel Green Power Cabeça de Boi S.A",
        "nombre": "Cabeça de Boi",
        "estagio": "Operação"
      },
      "geometry": {
        "type": "Point",
        "coordinates": [-56.985671388999947, -10.354911388999938, 0.0]
      }
    },
    {
      "type": "Feature",
      "properties": {
        "id_geo": "52145271662166",
        "tipo": "PCH",
        "pais": "Brasil",
        "fonte": "ANEEL,jun/2025",
        "pot_mw": 14.0,
        "leyenda": "en proyecto",
        "institucio": "ISA",
        "limraisg": "s",
        "amzbiog": "n",
        "empresa": "Hidroeletrica Paraiso Ltda",
        "nombre": "Paraíso",
        "estagio": "DRS"
      },
      "geometry": {
        "type": "Point",
        "coordinates": [-52.145277777999979, -16.621666666999943, 0.0]
      }
    },
    {
      "type": "Feature",
      "properties": {
        "id_geo": "57837411467409",
        "tipo": "PCH",
        "pais": "Brasil",
        "fonte": "ANEEL,jun/2025",
        "pot_mw": 27.0,
        "leyenda": "en proyecto",
        "institucio": "ISA",
        "limraisg": "s",
        "amzbiog": "s",
        "empresa": "Itamarati Norte S.A. - Agropecuária",
        "nombre": "Formoso III",
        "estagio": "DRS"
      },
      "geometry": {
        "type": "Point",
        "coordinates": [-57.837412126999936, -14.67409633799997, 0.0]
      }
    },
    {
      "type": "Feature",
      "properties": {
        "id_geo": "54911671708636",
        "tipo": "PCH",
        "pais": "Brasil",
        "fonte": "ANEEL,jun/2025",
        "pot_mw": 23.0,
        "leyenda": "en proyecto",
        "institucio": "ISA",
        "limraisg": "s",
        "amzbiog": "n",
        "empresa": "PCH Itiquira III Energia SPE S.A.",
        "nombre": "Itiquira III",
        "estagio": "DRS"
      },
      "geometry": {
        "type": "Point",
        "coordinates": [-54.911677777999955, -17.086363888999927, 0.0]
      }
    },
    {
      "type": "Feature",
      "properties": {
        "id_geo": "53499561642453",
        "tipo": "PCH",
        "pais": "Brasil",
        "fonte": "ANEEL,jun/2025",
        "pot_mw": 12.5,
        "leyenda": "en proyecto",
        "institucio": "ISA",
        "limraisg": "s",
        "amzbiog": "n",
        "empresa": "Graças Energia e Participações S.A.",
        "nombre": "Guiratinga",
        "estagio": "DRS"
      },
      "geometry": {
        "type": "Point",
        "coordinates": [-53.499561142999937, -16.424538886999926, 0.0]
      }
    },
    {
      "type": "Feature",
      "properties": {
        "id_geo": "60726471184447",
        "tipo": "PCH",
        "pais": "Brasil",
        "fonte": "ANEEL,jun/2025",
        "pot_mw": 12.0,
        "leyenda": "en proyecto",
        "institucio": "ISA",
        "limraisg": "s",
        "amzbiog": "s",
        "empresa": "Eletrossol Centrais Elétricas Cassol Ltda.",
        "nombre": "Rondon I",
        "estagio": "DRI"
      },
      "geometry": {
        "type": "Point",
        "coordinates": [-60.726472221999984, -11.844477777999941, 0.0]
      }
    },
    {
      "type": "Feature",
      "properties": {
        "id_geo": "58667401282645",
        "tipo": "PCH",
        "pais": "Brasil",
        "fonte": "ANEEL,jun/2025",
        "pot_mw": 6.7,
        "leyenda": "en proyecto",
        "institucio": "ISA",
        "limraisg": "s",
        "amzbiog": "n",
        "empresa": "Sapezal Energia Ltda.",
        "nombre": "SU-104",
        "estagio": "DRS"
      },
      "geometry": {
        "type": "Point",
        "coordinates": [-58.667408332999969, -12.82645555199997, 0.0]
      }
    },
    {
      "type": "Feature",
      "properties": {
        "id_geo": "47344161384222",
        "tipo": "PCH",
        "pais": "Brasil",
        "fonte": "ANEEL,jun/2025",
        "pot_mw": 6.6,
        "leyenda": "en proyecto",
        "institucio": "ISA",
        "limraisg": "s",
        "amzbiog": "n",
        "empresa": "Triton Energia Ltda.",
        "nombre": "Araras",
        "estagio": "DRS"
      },
      "geometry": {
        "type": "Point",
        "coordinates": [-47.344166682999969, -13.842222242999981, 0.0]
      }
    },
    {
      "type": "Feature",
      "properties": {
        "id_geo": "53515841537141",
        "tipo": "PCH",
        "pais": "Brasil",
        "fonte": "ANEEL,jun/2025",
        "pot_mw": 20.0,
        "leyenda": "en proyecto",
        "institucio": "ISA",
        "limraisg": "s",
        "amzbiog": "n",
        "empresa": "Malibu Não Tecidos Ltda.",
        "nombre": "Samambaia",
        "estagio": "DRS"
      },
      "geometry": {
        "type": "Point",
        "coordinates": [-53.515844443999981, -15.371411110999929, 0.0]
      }
    },
    {
      "type": "Feature",
      "properties": {
        "id_geo": "54191601530434",
        "tipo": "PCH",
        "pais": "Brasil",
        "fonte": "ANEEL,jun/2025",
        "pot_mw": 16.8,
        "leyenda": "en proyecto",
        "institucio": "ISA",
        "limraisg": "s",
        "amzbiog": "n",
        "empresa": "PCH Águas Claras Energética SPE Ltda.",
        "nombre": "Águas Claras",
        "estagio": "DRI"
      },
      "geometry": {
        "type": "Point",
        "coordinates": [-54.191602777999947, -15.30434166699996, 0.0]
      }
    },
    {
      "type": "Feature",
      "properties": {
        "id_geo": "47040357019768",
        "tipo": "PCH",
        "pais": "Brasil",
        "fonte": "ANEEL,jun/2025",
        "pot_mw": 6.0,
        "leyenda": "liberado para la construción",
        "institucio": "ISA",
        "limraisg": "s",
        "amzbiog": "n",
        "empresa": null,
        "nombre": "Cachoeira da Usina",
        "estagio": "Eixo Disponível"
      },
      "geometry": {
        "type": "Point",
        "coordinates": [-47.040353920999962, -7.019768050999971, 0.0]
      }
    },
    {
      "type": "Feature",
      "properties": {
        "id_geo": "57639461314627",
        "tipo": "PCH",
        "pais": "Brasil",
        "fonte": "ANEEL,jun/2025",
        "pot_mw": 5.7,
        "leyenda": "en proyecto",
        "institucio": "ISA",
        "limraisg": "s",
        "amzbiog": "s",
        "empresa": "Global  Energia Elétrica S.A.",
        "nombre": "Membeca IX",
        "estagio": "DRS"
      },
      "geometry": {
        "type": "Point",
        "coordinates": [-57.639466666999965, -13.146277777999956, 0.0]
      }
    },
    {
      "type": "Feature",
      "properties": {
        "id_geo": "62175318908318",
        "tipo": "UHE",
        "pais": "Brasil",
        "fonte": "ANEEL,jun/2025",
        "pot_mw": 400.0,
        "leyenda": "planeada",
        "institucio": "ISA",
        "limraisg": "s",
        "amzbiog": "s",
        "empresa": "Centrais Elétricas do Norte do Brasil S.A., Construtora Queiroz Galvão S.A., Furnas Centrais Elétricas S.A.,  Anel Brasil S.A., PCE – Projetos e Consultorias de Engenharia Ltda., JGP Consultoria e Participações Ltda.",
        "nombre": "Tabajara",
        "estagio": "EVTE aceito"
      },
      "geometry": {
        "type": "Point",
        "coordinates": [-62.175319834999982, -8.908318787999974, 0.0]
      }
    },
    {
      "type": "Feature",
      "properties": {
        "id_geo": "46454931447103",
        "tipo": "PCH",
        "pais": "Brasil",
        "fonte": "ANEEL,jun/2025",
        "pot_mw": 12.0,
        "leyenda": "liberado para la construción",
        "institucio": "ISA",
        "limraisg": "s",
        "amzbiog": "n",
        "empresa": null,
        "nombre": "Alvorada",
        "estagio": "Eixo Disponível"
      },
      "geometry": {
        "type": "Point",
        "coordinates": [-46.454933125999958, -14.47103604199998, 0.0]
      }
    },
    {
      "type": "Feature",
      "properties": {
        "id_geo": "58120131331538",
        "tipo": "PCH",
        "pais": "Brasil",
        "fonte": "ANEEL,jun/2025",
        "pot_mw": 18.5,
        "leyenda": "en proyecto",
        "institucio": "ISA",
        "limraisg": "s",
        "amzbiog": "n",
        "empresa": "Pan Partners Administração Patrimonial S.A.",
        "nombre": "SKR",
        "estagio": "DRS"
      },
      "geometry": {
        "type": "Point",
        "coordinates": [-58.120138888999975, -13.315388888999962, 0.0]
      }
    },
    {
      "type": "Feature",
      "properties": {
        "id_geo": "55043884082777",
        "tipo": "PCH",
        "pais": "Brasil",
        "fonte": "ANEEL,jun/2025",
        "pot_mw": 21.0,
        "leyenda": "en proyecto",
        "institucio": "ISA",
        "limraisg": "s",
        "amzbiog": "s",
        "empresa": "Cienge - Engenharia e Comércio Ltda.",
        "nombre": "Castanheira",
        "estagio": "DRS"
      },
      "geometry": {
        "type": "Point",
        "coordinates": [-55.043888896999931, -4.082777772999975, 0.0]
      }
    },
    {
      "type": "Feature",
      "properties": {
        "id_geo": "50939091640156",
        "tipo": "PCH",
        "pais": "Brasil",
        "fonte": "ANEEL,jun/2025",
        "pot_mw": 12.0,
        "leyenda": "liberado para la construción",
        "institucio": "ISA",
        "limraisg": "s",
        "amzbiog": "n",
        "empresa": "Energias Complementares do Brasil Geração de Energia Elétrica S.A., Companhia Celg de Participações – CELGPAR, Sonnen Empreendimentos e Participações Ltda.",
        "nombre": "Esmeril Alta",
        "estagio": "Eixo Disponível"
      },
      "geometry": {
        "type": "Point",
        "coordinates": [-50.93909305699998, -16.401565694999931, 0.0]
      }
    },
    {
      "type": "Feature",
      "properties": {
        "id_geo": "46197961435803",
        "tipo": "PCH",
        "pais": "Brasil",
        "fonte": "ANEEL,jun/2025",
        "pot_mw": 13.0,
        "leyenda": "en operación",
        "institucio": "ISA",
        "limraisg": "s",
        "amzbiog": "n",
        "empresa": "Rialma Companhia Energética II S.A.",
        "nombre": "Santa Edwiges II",
        "estagio": "Operação"
      },
      "geometry": {
        "type": "Point",
        "coordinates": [-46.197964061999983, -14.358039162999944, 0.0]
      }
    },
    {
      "type": "Feature",
      "properties": {
        "id_geo": "46445211197579",
        "tipo": "PCH",
        "pais": "Brasil",
        "fonte": "ANEEL,jun/2025",
        "pot_mw": 5.25,
        "leyenda": "en proyecto",
        "institucio": "ISA",
        "limraisg": "s",
        "amzbiog": "n",
        "empresa": "Agrícola Sete Campos Ltda. – ME",
        "nombre": "Silvânia",
        "estagio": "DRS"
      },
      "geometry": {
        "type": "Point",
        "coordinates": [-46.445215879999978, -11.975794224999959, 0.0]
      }
    },
    {
      "type": "Feature",
      "properties": {
        "id_geo": "58872041489435",
        "tipo": "PCH",
        "pais": "Brasil",
        "fonte": "ANEEL,jun/2025",
        "pot_mw": 7.0,
        "leyenda": "planeada",
        "institucio": "ISA",
        "limraisg": "s",
        "amzbiog": "n",
        "empresa": "PCH Alto Guaporé SPE S.A.",
        "nombre": "Alto Guaporé 2",
        "estagio": "Construção não iniciada"
      },
      "geometry": {
        "type": "Point",
        "coordinates": [-58.872048707999966, -14.89435389099998, 0.0]
      }
    },
    {
      "type": "Feature",
      "properties": {
        "id_geo": "55029444175833",
        "tipo": "PCH",
        "pais": "Brasil",
        "fonte": "ANEEL,jun/2025",
        "pot_mw": 8.5,
        "leyenda": "en proyecto",
        "institucio": "ISA",
        "limraisg": "s",
        "amzbiog": "s",
        "empresa": "Cienge - Engenharia e Comércio Ltda.",
        "nombre": "Água Boa",
        "estagio": "DRS"
      },
      "geometry": {
        "type": "Point",
        "coordinates": [-55.029444443999978, -4.175833332999957, 0.0]
      }
    },
    {
      "type": "Feature",
      "properties": {
        "id_geo": "61588612940833",
        "tipo": "UHE",
        "pais": "Brasil",
        "fonte": "ANEEL,jun/2025",
        "pot_mw": 199.3,
        "leyenda": "liberado para la construción",
        "institucio": "ISA",
        "limraisg": "s",
        "amzbiog": "s",
        "empresa": null,
        "nombre": "Paredão A",
        "estagio": "Eixo Disponível"
      },
      "geometry": {
        "type": "Point",
        "coordinates": [-61.588611108999942, 2.940833331000022, 0.0]
      }
    },
    {
      "type": "Feature",
      "properties": {
        "id_geo": "53596661763305",
        "tipo": "PCH",
        "pais": "Brasil",
        "fonte": "ANEEL,jun/2025",
        "pot_mw": 14.0,
        "leyenda": "en proyecto",
        "institucio": "ISA",
        "limraisg": "s",
        "amzbiog": "n",
        "empresa": "RBO Energia S.A.",
        "nombre": "Lírio",
        "estagio": "DRS"
      },
      "geometry": {
        "type": "Point",
        "coordinates": [-53.596666666999965, -17.633055554999942, 0.0]
      }
    },
    {
      "type": "Feature",
      "properties": {
        "id_geo": "47527651191544",
        "tipo": "PCH",
        "pais": "Brasil",
        "fonte": "ANEEL,jun/2025",
        "pot_mw": 7.8,
        "leyenda": "liberado para la construción",
        "institucio": "ISA",
        "limraisg": "s",
        "amzbiog": "n",
        "empresa": null,
        "nombre": "Mundo Novo",
        "estagio": "Eixo Disponível"
      },
      "geometry": {
        "type": "Point",
        "coordinates": [-47.527657662999957, -11.915441666999982, 0.0]
      }
    },
    {
      "type": "Feature",
      "properties": {
        "id_geo": "49581111533499",
        "tipo": "PCH",
        "pais": "Brasil",
        "fonte": "ANEEL,jun/2025",
        "pot_mw": 26.0,
        "leyenda": "liberado para la construción",
        "institucio": "ISA",
        "limraisg": "s",
        "amzbiog": "n",
        "empresa": null,
        "nombre": "Ceres",
        "estagio": "Eixo Disponível"
      },
      "geometry": {
        "type": "Point",
        "coordinates": [-49.581111110999984, -15.335, 0.0]
      }
    },
    {
      "type": "Feature",
      "properties": {
        "id_geo": "48020271521083",
        "tipo": "PCH",
        "pais": "Brasil",
        "fonte": "ANEEL,jun/2025",
        "pot_mw": 14.013,
        "leyenda": "liberado para la construción",
        "institucio": "ISA",
        "limraisg": "s",
        "amzbiog": "n",
        "empresa": null,
        "nombre": "Mangabeira (Antiga Do Sal)",
        "estagio": "Eixo Disponível"
      },
      "geometry": {
        "type": "Point",
        "coordinates": [-48.020277777999979, -15.210833332999982, 0.0]
      }
    },
    {
      "type": "Feature",
      "properties": {
        "id_geo": "47678131446205",
        "tipo": "PCH",
        "pais": "Brasil",
        "fonte": "ANEEL,jun/2025",
        "pot_mw": 27.1,
        "leyenda": "en proyecto",
        "institucio": "ISA",
        "limraisg": "s",
        "amzbiog": "n",
        "empresa": "RC Administração e Participações S.A.",
        "nombre": "Renascença",
        "estagio": "DRS"
      },
      "geometry": {
        "type": "Point",
        "coordinates": [-47.678136130999974, -14.462059253999939, 0.0]
      }
    },
    {
      "type": "Feature",
      "properties": {
        "id_geo": "59012631336997",
        "tipo": "PCH",
        "pais": "Brasil",
        "fonte": "ANEEL,jun/2025",
        "pot_mw": 17.0,
        "leyenda": "en operación",
        "institucio": "ISA",
        "limraisg": "s",
        "amzbiog": "n",
        "empresa": "Campos de Júlio Energia S.A.",
        "nombre": "Cidezal",
        "estagio": "Operação"
      },
      "geometry": {
        "type": "Point",
        "coordinates": [-59.012638888999959, -13.369972221999944, 0.0]
      }
    },
    {
      "type": "Feature",
      "properties": {
        "id_geo": "58558368885083",
        "tipo": "UHE",
        "pais": "Brasil",
        "fonte": "ANEEL,jun/2025",
        "pot_mw": 1461.0,
        "leyenda": "liberado para la construción",
        "institucio": "ISA",
        "limraisg": "s",
        "amzbiog": "s",
        "empresa": null,
        "nombre": "JRN-234b",
        "estagio": "Eixo Disponível"
      },
      "geometry": {
        "type": "Point",
        "coordinates": [-58.558361110999954, -8.885083332999955, 0.0]
      }
    },
    {
      "type": "Feature",
      "properties": {
        "id_geo": "46263898257183",
        "tipo": "PCH",
        "pais": "Brasil",
        "fonte": "ANEEL,jun/2025",
        "pot_mw": 12.12,
        "leyenda": "liberado para la construción",
        "institucio": "ISA",
        "limraisg": "s",
        "amzbiog": "n",
        "empresa": null,
        "nombre": "São Pedro",
        "estagio": "Eixo Disponível"
      },
      "geometry": {
        "type": "Point",
        "coordinates": [-46.263894433999951, -8.257183342999951, 0.0]
      }
    },
    {
      "type": "Feature",
      "properties": {
        "id_geo": "59392351338562",
        "tipo": "PCH",
        "pais": "Brasil",
        "fonte": "ANEEL,jun/2025",
        "pot_mw": 25.0,
        "leyenda": "en operación",
        "institucio": "ISA",
        "limraisg": "s",
        "amzbiog": "n",
        "empresa": "PCH Juína S.A",
        "nombre": "Jui 117",
        "estagio": "Operação"
      },
      "geometry": {
        "type": "Point",
        "coordinates": [-59.392358332999947, -13.385625, 0.0]
      }
    },
    {
      "type": "Feature",
      "properties": {
        "id_geo": "51806201659156",
        "tipo": "PCH",
        "pais": "Brasil",
        "fonte": "ANEEL,jun/2025",
        "pot_mw": 18.0,
        "leyenda": "en operación",
        "institucio": "ISA",
        "limraisg": "s",
        "amzbiog": "n",
        "empresa": "Serra Negra Energética S.A.",
        "nombre": "Piranhas",
        "estagio": "Operação"
      },
      "geometry": {
        "type": "Point",
        "coordinates": [-51.806202839999969, -16.591565179999975, 0.0]
      }
    },
    {
      "type": "Feature",
      "properties": {
        "id_geo": "53421121599015",
        "tipo": "PCH",
        "pais": "Brasil",
        "fonte": "ANEEL,jun/2025",
        "pot_mw": 22.0,
        "leyenda": "en proyecto",
        "institucio": "ISA",
        "limraisg": "s",
        "amzbiog": "n",
        "empresa": "Garças Energia e Participações S.A., Desa Rio das Garças Desenvolvimento Energetico S.A.",
        "nombre": "Avuadeira",
        "estagio": "DRS"
      },
      "geometry": {
        "type": "Point",
        "coordinates": [-53.421120032999966, -15.990154913999959, 0.0]
      }
    },
    {
      "type": "Feature",
      "properties": {
        "id_geo": "57616121433293",
        "tipo": "PCH",
        "pais": "Brasil",
        "fonte": "ANEEL,jun/2025",
        "pot_mw": 10.5,
        "leyenda": "en operación",
        "institucio": "ISA",
        "limraisg": "s",
        "amzbiog": "n",
        "empresa": "Maracanã Energética S.A.",
        "nombre": "Maracanã",
        "estagio": "Operação"
      },
      "geometry": {
        "type": "Point",
        "coordinates": [-57.61612675799995, -14.33293914799998, 0.0]
      }
    },
    {
      "type": "Feature",
      "properties": {
        "id_geo": "52445611634752",
        "tipo": "PCH",
        "pais": "Brasil",
        "fonte": "ANEEL,jun/2025",
        "pot_mw": 9.0,
        "leyenda": "en proyecto",
        "institucio": "ISA",
        "limraisg": "s",
        "amzbiog": "n",
        "empresa": "Hidrelétrica Vale do Perdizes Ltda.",
        "nombre": "Perdizes",
        "estagio": "DRS"
      },
      "geometry": {
        "type": "Point",
        "coordinates": [-52.445611111999938, -16.34752776199997, 0.0]
      }
    },
    {
      "type": "Feature",
      "properties": {
        "id_geo": "46059647597127",
        "tipo": "PCH",
        "pais": "Brasil",
        "fonte": "ANEEL,jun/2025",
        "pot_mw": 19.0,
        "leyenda": "en proyecto",
        "institucio": "ISA",
        "limraisg": "s",
        "amzbiog": "n",
        "empresa": "Atiaia Energia S.A.",
        "nombre": "Matão Novo",
        "estagio": "DRS"
      },
      "geometry": {
        "type": "Point",
        "coordinates": [-46.059647224999935, -7.597127776999969, 0.0]
      }
    },
    {
      "type": "Feature",
      "properties": {
        "id_geo": "53565831768916",
        "tipo": "PCH",
        "pais": "Brasil",
        "fonte": "ANEEL,jun/2025",
        "pot_mw": 15.0,
        "leyenda": "en proyecto",
        "institucio": "ISA",
        "limraisg": "s",
        "amzbiog": "n",
        "empresa": "RBO Energia S.A.",
        "nombre": "Violeta",
        "estagio": "DRS"
      },
      "geometry": {
        "type": "Point",
        "coordinates": [-53.565833332999944, -17.689166666999938, 0.0]
      }
    },
    {
      "type": "Feature",
      "properties": {
        "id_geo": "59432501385916",
        "tipo": "PCH",
        "pais": "Brasil",
        "fonte": "ANEEL,jun/2025",
        "pot_mw": 13.403,
        "leyenda": "planeada",
        "institucio": "ISA",
        "limraisg": "s",
        "amzbiog": "n",
        "empresa": "Hidroelétrica Santa Luzia Ltda.",
        "nombre": "Santa Luzia (Antiga Presente de Deus)",
        "estagio": "Construção não iniciada"
      },
      "geometry": {
        "type": "Point",
        "coordinates": [-59.4325, -13.859166666999954, 0.0]
      }
    },
    {
      "type": "Feature",
      "properties": {
        "id_geo": "46520231196357",
        "tipo": "PCH",
        "pais": "Brasil",
        "fonte": "ANEEL,jun/2025",
        "pot_mw": 5.5,
        "leyenda": "planeada",
        "institucio": "ISA",
        "limraisg": "s",
        "amzbiog": "n",
        "empresa": "Agrícola Sete Campos Ltda.",
        "nombre": "Cachoeira",
        "estagio": "Construção não iniciada"
      },
      "geometry": {
        "type": "Point",
        "coordinates": [-46.520230555999944, -11.963575, 0.0]
      }
    },
    {
      "type": "Feature",
      "properties": {
        "id_geo": "59026801322383",
        "tipo": "PCH",
        "pais": "Brasil",
        "fonte": "ANEEL,jun/2025",
        "pot_mw": 26.118,
        "leyenda": "en operación",
        "institucio": "ISA",
        "limraisg": "s",
        "amzbiog": "n",
        "empresa": "Segredo Energia S.A.",
        "nombre": "Segredo",
        "estagio": "Operação"
      },
      "geometry": {
        "type": "Point",
        "coordinates": [-59.026805555999942, -13.223833332999959, 0.0]
      }
    },
    {
      "type": "Feature",
      "properties": {
        "id_geo": "51196838556555",
        "tipo": "UHE",
        "pais": "Brasil",
        "fonte": "ANEEL,jun/2025",
        "pot_mw": 252.0,
        "leyenda": "en operación",
        "institucio": "ISA",
        "limraisg": "s",
        "amzbiog": "s",
        "empresa": "Ferreira Gomes Energia S.A",
        "nombre": "Ferreira Gomes",
        "estagio": "Operação"
      },
      "geometry": {
        "type": "Point",
        "coordinates": [-51.196833332999972, 0.855655556000045, 0.0]
      }
    },
    {
      "type": "Feature",
      "properties": {
        "id_geo": "66180008804888",
        "tipo": "PCH",
        "pais": "Brasil",
        "fonte": "ANEEL,jun/2025",
        "pot_mw": 25.0,
        "leyenda": "en proyecto",
        "institucio": "ISA",
        "limraisg": "s",
        "amzbiog": "s",
        "empresa": "NORTE SUL GERACAO DE ENERGIA LTDA",
        "nombre": "Cachoeira Caracol",
        "estagio": "DRS"
      },
      "geometry": {
        "type": "Point",
        "coordinates": [-66.180000082999982, -8.804888948999974, 0.0]
      }
    },
    {
      "type": "Feature",
      "properties": {
        "id_geo": "63233751023041",
        "tipo": "PCH",
        "pais": "Brasil",
        "fonte": "ANEEL,jun/2025",
        "pot_mw": 17.01,
        "leyenda": "en operación",
        "institucio": "ISA",
        "limraisg": "s",
        "amzbiog": "s",
        "empresa": "Canaã Geração de Energia S.A",
        "nombre": "Santa Cruz de Monte Negro",
        "estagio": "Operação"
      },
      "geometry": {
        "type": "Point",
        "coordinates": [-63.23375, -10.230416666999929, 0.0]
      }
    },
    {
      "type": "Feature",
      "properties": {
        "id_geo": "56349091481353",
        "tipo": "PCH",
        "pais": "Brasil",
        "fonte": "ANEEL,jun/2025",
        "pot_mw": 20.283,
        "leyenda": "en proyecto",
        "institucio": "ISA",
        "limraisg": "s",
        "amzbiog": "n",
        "empresa": "Maturati Participações S.A., Meta Serviços e Projetos Ltda.",
        "nombre": "Perudá Montante",
        "estagio": "DRS"
      },
      "geometry": {
        "type": "Point",
        "coordinates": [-56.34909167099994, -14.813536099999965, 0.0]
      }
    },
    {
      "type": "Feature",
      "properties": {
        "id_geo": "61084021223069",
        "tipo": "PCH",
        "pais": "Brasil",
        "fonte": "ANEEL,jun/2025",
        "pot_mw": 21.0,
        "leyenda": "planeada",
        "institucio": "ISA",
        "limraisg": "s",
        "amzbiog": "s",
        "empresa": "Construtora Aterpa S.A., Construtora Centro Minas Ltda.",
        "nombre": "Urubu",
        "estagio": "Construção não iniciada"
      },
      "geometry": {
        "type": "Point",
        "coordinates": [-61.084027779999985, -12.230694445999973, 0.0]
      }
    },
    {
      "type": "Feature",
      "properties": {
        "id_geo": "46211811430822",
        "tipo": "PCH",
        "pais": "Brasil",
        "fonte": "ANEEL,jun/2025",
        "pot_mw": 9.0,
        "leyenda": "liberado para la construción",
        "institucio": "ISA",
        "limraisg": "s",
        "amzbiog": "n",
        "empresa": "Centrais Elétricas Rio das Almas Ltda.",
        "nombre": "Piracanjuba Eixo 1",
        "estagio": "Eixo Disponível"
      },
      "geometry": {
        "type": "Point",
        "coordinates": [-46.211814721999986, -14.308220277999965, 0.0]
      }
    },
    {
      "type": "Feature",
      "properties": {
        "id_geo": "56240554527781",
        "tipo": "UHE",
        "pais": "Brasil",
        "fonte": "ANEEL,jun/2025",
        "pot_mw": 8040.0,
        "leyenda": "planeada",
        "institucio": "ISA",
        "limraisg": "s",
        "amzbiog": "s",
        "empresa": "Centrais Elétricas Brasileiras S.A. – Eletrobras, Centrais Elétricas do Norte do Brasil S.A. – Eletronorte, Construções e Comércio Camargo Corrêa S.A., EDF Consultoria em Projetos de Geração de Energia Ltda.",
        "nombre": "São Luiz do Tapajós",
        "estagio": "EVTE aceito"
      },
      "geometry": {
        "type": "Point",
        "coordinates": [-56.240554588999942, -4.527781020999953, 0.0]
      }
    },
    {
      "type": "Feature",
      "properties": {
        "id_geo": "57060141051988",
        "tipo": "UHE",
        "pais": "Brasil",
        "fonte": "ANEEL,jun/2025",
        "pot_mw": 1400.0,
        "leyenda": "planeada",
        "institucio": "ISA",
        "limraisg": "s",
        "amzbiog": "s",
        "empresa": "Centrais Elétricas do Norte do Brasil S/A - ELETRONORTE",
        "nombre": "Cachoeira Porteira",
        "estagio": "Extinta"
      },
      "geometry": {
        "type": "Point",
        "coordinates": [-57.060143507999953, -1.051988130999973, 0.0]
      }
    },
    {
      "type": "Feature",
      "properties": {
        "id_geo": "54752779704722",
        "tipo": "PCH",
        "pais": "Brasil",
        "fonte": "ANEEL,jun/2025",
        "pot_mw": 5.2,
        "leyenda": "liberado para la construción",
        "institucio": "ISA",
        "limraisg": "s",
        "amzbiog": "s",
        "empresa": "Vila Energia Renovável S/S Ltda., Prospecto Participações e Negócios Ltda.",
        "nombre": "Pedra Branca",
        "estagio": "Eixo Disponível"
      },
      "geometry": {
        "type": "Point",
        "coordinates": [-54.752777734999938, -9.704722279999942, 0.0]
      }
    },
    {
      "type": "Feature",
      "properties": {
        "id_geo": "52667205503915",
        "tipo": "UHE",
        "pais": "Brasil",
        "fonte": "ANEEL,jun/2025",
        "pot_mw": 831.1,
        "leyenda": "liberado para la construción",
        "institucio": "ISA",
        "limraisg": "s",
        "amzbiog": "s",
        "empresa": null,
        "nombre": "Açaipé B",
        "estagio": "Eixo Disponível"
      },
      "geometry": {
        "type": "Point",
        "coordinates": [-52.66720578099995, -0.550391564999927, 0.0]
      }
    },
    {
      "type": "Feature",
      "properties": {
        "id_geo": "46923901135748",
        "tipo": "PCH",
        "pais": "Brasil",
        "fonte": "ANEEL,jun/2025",
        "pot_mw": 7.67,
        "leyenda": "en proyecto",
        "institucio": "ISA",
        "limraisg": "s",
        "amzbiog": "n",
        "empresa": "Soares Barros Engenharia - Eireli",
        "nombre": "3 Alta",
        "estagio": "DRS"
      },
      "geometry": {
        "type": "Point",
        "coordinates": [-46.923908723999944, -11.357481075999942, 0.0]
      }
    },
    {
      "type": "Feature",
      "properties": {
        "id_geo": "55007774354999",
        "tipo": "PCH",
        "pais": "Brasil",
        "fonte": "ANEEL,jun/2025",
        "pot_mw": 5.8,
        "leyenda": "en proyecto",
        "institucio": "ISA",
        "limraisg": "s",
        "amzbiog": "s",
        "empresa": "T3 Pagamentos Ltda., Brilhar Participações Ltda.",
        "nombre": "Aruanã",
        "estagio": "DRI"
      },
      "geometry": {
        "type": "Point",
        "coordinates": [-55.007777777999934, -4.355, 0.0]
      }
    },
    {
      "type": "Feature",
      "properties": {
        "id_geo": "46704221169161",
        "tipo": "PCH",
        "pais": "Brasil",
        "fonte": "ANEEL,jun/2025",
        "pot_mw": 14.0,
        "leyenda": "en operación",
        "institucio": "ISA",
        "limraisg": "s",
        "amzbiog": "n",
        "empresa": "Água Limpa Energia S.A.",
        "nombre": "Água Limpa",
        "estagio": "Operação"
      },
      "geometry": {
        "type": "Point",
        "coordinates": [-46.70422057899998, -11.691614370999957, 0.0]
      }
    },
    {
      "type": "Feature",
      "properties": {
        "id_geo": "55250274220277",
        "tipo": "PCH",
        "pais": "Brasil",
        "fonte": "ANEEL,jun/2025",
        "pot_mw": 6.5,
        "leyenda": "en proyecto",
        "institucio": "ISA",
        "limraisg": "s",
        "amzbiog": "s",
        "empresa": "Energias Complementares do Brasil – Geração de Energia Elétrica S.A.",
        "nombre": "Bacupari",
        "estagio": "DRS"
      },
      "geometry": {
        "type": "Point",
        "coordinates": [-55.250277777999941, -4.220277777999968, 0.0]
      }
    },
    {
      "type": "Feature",
      "properties": {
        "id_geo": "53232068622722",
        "tipo": "UHE",
        "pais": "Brasil",
        "fonte": "ANEEL,jun/2025",
        "pot_mw": 531.7,
        "leyenda": "liberado para la construción",
        "institucio": "ISA",
        "limraisg": "s",
        "amzbiog": "s",
        "empresa": null,
        "nombre": "A36PA060",
        "estagio": "Eixo Disponível"
      },
      "geometry": {
        "type": "Point",
        "coordinates": [-53.23206388899996, -0.862272221999945, 0.0]
      }
    },
    {
      "type": "Feature",
      "properties": {
        "id_geo": "58398891286738",
        "tipo": "PCH",
        "pais": "Brasil",
        "fonte": "ANEEL,jun/2025",
        "pot_mw": 24.0,
        "leyenda": "en proyecto",
        "institucio": "ISA",
        "limraisg": "s",
        "amzbiog": "n",
        "empresa": "Atiaia Energia S.A.",
        "nombre": "Foz do Buriti",
        "estagio": "DRS"
      },
      "geometry": {
        "type": "Point",
        "coordinates": [-58.398890588999961, -12.867382518999932, 0.0]
      }
    },
    {
      "type": "Feature",
      "properties": {
        "id_geo": "47364449266388",
        "tipo": "PCH",
        "pais": "Brasil",
        "fonte": "ANEEL,jun/2025",
        "pot_mw": 23.0,
        "leyenda": "planeada",
        "institucio": "ISA",
        "limraisg": "s",
        "amzbiog": "n",
        "empresa": null,
        "nombre": "Perdida 1",
        "estagio": "PB Aprovado"
      },
      "geometry": {
        "type": "Point",
        "coordinates": [-47.364444443999957, -9.266388888999927, 0.0]
      }
    },
    {
      "type": "Feature",
      "properties": {
        "id_geo": "47164726993611",
        "tipo": "PCH",
        "pais": "Brasil",
        "fonte": "ANEEL,jun/2025",
        "pot_mw": 5.7,
        "leyenda": "liberado para la construción",
        "institucio": "ISA",
        "limraisg": "s",
        "amzbiog": "n",
        "empresa": null,
        "nombre": "Cachoeira da Ilha",
        "estagio": "Eixo Disponível"
      },
      "geometry": {
        "type": "Point",
        "coordinates": [-47.164722221999966, -6.99361111099995, 0.0]
      }
    },
    {
      "type": "Feature",
      "properties": {
        "id_geo": "57967201479298",
        "tipo": "PCH",
        "pais": "Brasil",
        "fonte": "ANEEL,jun/2025",
        "pot_mw": 27.4,
        "leyenda": "en operación",
        "institucio": "ISA",
        "limraisg": "s",
        "amzbiog": "s",
        "empresa": "Várzea do Juba Energética S.A.",
        "nombre": "Graça Brennand (Antiga Terra Santa)",
        "estagio": "Operação"
      },
      "geometry": {
        "type": "Point",
        "coordinates": [-57.967200000999981, -14.792986110999948, 0.0]
      }
    },
    {
      "type": "Feature",
      "properties": {
        "id_geo": "57087509206667",
        "tipo": "UHE",
        "pais": "Brasil",
        "fonte": "ANEEL,jun/2025",
        "pot_mw": 275.0,
        "leyenda": "planeada",
        "institucio": "ISA",
        "limraisg": "s",
        "amzbiog": "s",
        "empresa": "Empresa de Pesquisa Energética - EPE",
        "nombre": "Foz do Apiacás",
        "estagio": "EVTE aceito"
      },
      "geometry": { "type": "Point", "coordinates": [-57.0875, -9.206667, 0.0] }
    },
    {
      "type": "Feature",
      "properties": {
        "id_geo": "47892491508666",
        "tipo": "PCH",
        "pais": "Brasil",
        "fonte": "ANEEL,jun/2025",
        "pot_mw": 7.0,
        "leyenda": "en proyecto",
        "institucio": "ISA",
        "limraisg": "s",
        "amzbiog": "n",
        "empresa": null,
        "nombre": "Cocal",
        "estagio": "DRS"
      },
      "geometry": {
        "type": "Point",
        "coordinates": [-47.8925, -15.086666666999974, 0.0]
      }
    },
    {
      "type": "Feature",
      "properties": {
        "id_geo": "46783051181416",
        "tipo": "PCH",
        "pais": "Brasil",
        "fonte": "ANEEL,jun/2025",
        "pot_mw": 30.0,
        "leyenda": "en operación",
        "institucio": "ISA",
        "limraisg": "s",
        "amzbiog": "n",
        "empresa": "Porto Franco Energética S.A.",
        "nombre": "Porto Franco",
        "estagio": "Operação"
      },
      "geometry": {
        "type": "Point",
        "coordinates": [-46.783055555999965, -11.814166666999938, 0.0]
      }
    },
    {
      "type": "Feature",
      "properties": {
        "id_geo": "60624961003484",
        "tipo": "UHE",
        "pais": "Brasil",
        "fonte": "ANEEL,jun/2025",
        "pot_mw": 131.0,
        "leyenda": "liberado para la construción",
        "institucio": "ISA",
        "limraisg": "s",
        "amzbiog": "s",
        "empresa": null,
        "nombre": "Ilha São Pedro",
        "estagio": "Eixo Disponível"
      },
      "geometry": {
        "type": "Point",
        "coordinates": [-60.62496273499994, -10.034840368999937, 0.0]
      }
    },
    {
      "type": "Feature",
      "properties": {
        "id_geo": "49305271533027",
        "tipo": "PCH",
        "pais": "Brasil",
        "fonte": "ANEEL,jun/2025",
        "pot_mw": 10.5,
        "leyenda": "liberado para la construción",
        "institucio": "ISA",
        "limraisg": "s",
        "amzbiog": "n",
        "empresa": null,
        "nombre": "Guariba",
        "estagio": "Eixo Disponível"
      },
      "geometry": {
        "type": "Point",
        "coordinates": [-49.305277777999947, -15.330277777999981, 0.0]
      }
    },
    {
      "type": "Feature",
      "properties": {
        "id_geo": "57436101288705",
        "tipo": "PCH",
        "pais": "Brasil",
        "fonte": "ANEEL,jun/2025",
        "pot_mw": 6.7,
        "leyenda": "liberado para la construción",
        "institucio": "ISA",
        "limraisg": "s",
        "amzbiog": "s",
        "empresa": null,
        "nombre": "Membeca II",
        "estagio": "Eixo Disponível"
      },
      "geometry": {
        "type": "Point",
        "coordinates": [-57.436108332999936, -12.88705, 0.0]
      }
    },
    {
      "type": "Feature",
      "properties": {
        "id_geo": "54951768768536",
        "tipo": "PCH",
        "pais": "Brasil",
        "fonte": "ANEEL,jun/2025",
        "pot_mw": 10.0,
        "leyenda": "en operación",
        "institucio": "ISA",
        "limraisg": "s",
        "amzbiog": "s",
        "empresa": "Buriti Energia S.A",
        "nombre": "Salto Buriti",
        "estagio": "Operação"
      },
      "geometry": {
        "type": "Point",
        "coordinates": [-54.951768783999967, -8.768536322999978, 0.0]
      }
    },
    {
      "type": "Feature",
      "properties": {
        "id_geo": "53980691525971",
        "tipo": "PCH",
        "pais": "Brasil",
        "fonte": "ANEEL,jun/2025",
        "pot_mw": 28.0,
        "leyenda": "en proyecto",
        "institucio": "ISA",
        "limraisg": "s",
        "amzbiog": "n",
        "empresa": "Entre Rios Energia Ltda.",
        "nombre": "Entre Rios",
        "estagio": "DRS"
      },
      "geometry": {
        "type": "Point",
        "coordinates": [-53.980694616999983, -15.259716626999932, 0.0]
      }
    },
    {
      "type": "Feature",
      "properties": {
        "id_geo": "55913931299529",
        "tipo": "PCH",
        "pais": "Brasil",
        "fonte": "ANEEL,jun/2025",
        "pot_mw": 11.8,
        "leyenda": "en proyecto",
        "institucio": "ISA",
        "limraisg": "s",
        "amzbiog": "n",
        "empresa": "São Gabriel Hideroenergia Ltda",
        "nombre": "A1E6",
        "estagio": "DRI"
      },
      "geometry": {
        "type": "Point",
        "coordinates": [-55.913936110999941, -12.9953, 0.0]
      }
    },
    {
      "type": "Feature",
      "properties": {
        "id_geo": "66148208801980",
        "tipo": "PCH",
        "pais": "Brasil",
        "fonte": "ANEEL,jun/2025",
        "pot_mw": 27.0,
        "leyenda": "en proyecto",
        "institucio": "ISA",
        "limraisg": "s",
        "amzbiog": "s",
        "empresa": "NORTE SUL GERACAO DE ENERGIA LTDA",
        "nombre": "Cachoeira São José",
        "estagio": "DRS"
      },
      "geometry": {
        "type": "Point",
        "coordinates": [-66.148205900999983, -8.801980923999963, 0.0]
      }
    },
    {
      "type": "Feature",
      "properties": {
        "id_geo": "58637751539260",
        "tipo": "PCH",
        "pais": "Brasil",
        "fonte": "ANEEL,jun/2025",
        "pot_mw": 19.41,
        "leyenda": "en operación",
        "institucio": "ISA",
        "limraisg": "s",
        "amzbiog": "s",
        "empresa": "Companhia Hidroelétrica Figueirópolis",
        "nombre": "Figueirópolis",
        "estagio": "Operação"
      },
      "geometry": {
        "type": "Point",
        "coordinates": [-58.637758330999986, -15.392608339999981, 0.0]
      }
    },
    {
      "type": "Feature",
      "properties": {
        "id_geo": "55024164206388",
        "tipo": "PCH",
        "pais": "Brasil",
        "fonte": "ANEEL,jun/2025",
        "pot_mw": 20.0,
        "leyenda": "en proyecto",
        "institucio": "ISA",
        "limraisg": "s",
        "amzbiog": "s",
        "empresa": "Cienge - Engenharia e Comércio Ltda.",
        "nombre": "Mangaratiba",
        "estagio": "DRS"
      },
      "geometry": {
        "type": "Point",
        "coordinates": [-55.024166651999963, -4.206388894999975, 0.0]
      }
    },
    {
      "type": "Feature",
      "properties": {
        "id_geo": "45763475747472",
        "tipo": "PCH",
        "pais": "Brasil",
        "fonte": "ANEEL,jun/2025",
        "pot_mw": 9.1,
        "leyenda": "en proyecto",
        "institucio": "ISA",
        "limraisg": "s",
        "amzbiog": "n",
        "empresa": "Rodrigo Pedroso Energia Ltda.",
        "nombre": "Aurora",
        "estagio": "DRS"
      },
      "geometry": {
        "type": "Point",
        "coordinates": [-45.763472221999962, -5.747472221999942, 0.0]
      }
    },
    {
      "type": "Feature",
      "properties": {
        "id_geo": "47809871010027",
        "tipo": "PCH",
        "pais": "Brasil",
        "fonte": "ANEEL,jun/2025",
        "pot_mw": 20.0016,
        "leyenda": "en proyecto",
        "institucio": "ISA",
        "limraisg": "s",
        "amzbiog": "n",
        "empresa": "Central Rio da Conceição Energia SPE Ltda.",
        "nombre": "São Silvestre",
        "estagio": "DRI"
      },
      "geometry": {
        "type": "Point",
        "coordinates": [-47.809872221999967, -10.100272221999944, 0.0]
      }
    },
    {
      "type": "Feature",
      "properties": {
        "id_geo": "53661661784249",
        "tipo": "PCH",
        "pais": "Brasil",
        "fonte": "ANEEL,jun/2025",
        "pot_mw": 16.0,
        "leyenda": "en proyecto",
        "institucio": "ISA",
        "limraisg": "s",
        "amzbiog": "n",
        "empresa": "RBO Energia S.A",
        "nombre": "Primavera",
        "estagio": "DRS"
      },
      "geometry": {
        "type": "Point",
        "coordinates": [-53.661666666999963, -17.8425, 0.0]
      }
    },
    {
      "type": "Feature",
      "properties": {
        "id_geo": "58323308225972",
        "tipo": "UHE",
        "pais": "Brasil",
        "fonte": "ANEEL,jun/2025",
        "pot_mw": 3509.0,
        "leyenda": "liberado para la construción",
        "institucio": "ISA",
        "limraisg": "s",
        "amzbiog": "s",
        "empresa": null,
        "nombre": "JRN-117a (São Simão Alto)",
        "estagio": "Eixo Disponível"
      },
      "geometry": {
        "type": "Point",
        "coordinates": [-58.323305552999955, -8.225972222999928, 0.0]
      }
    },
    {
      "type": "Feature",
      "properties": {
        "id_geo": "50895271631638",
        "tipo": "PCH",
        "pais": "Brasil",
        "fonte": "ANEEL,jun/2025",
        "pot_mw": 11.6,
        "leyenda": "liberado para la construción",
        "institucio": "ISA",
        "limraisg": "s",
        "amzbiog": "n",
        "empresa": null,
        "nombre": "Israelândia",
        "estagio": "Eixo Disponível"
      },
      "geometry": {
        "type": "Point",
        "coordinates": [-50.895277777999979, -16.316388888999938, 0.0]
      }
    },
    {
      "type": "Feature",
      "properties": {
        "id_geo": "55006944121113",
        "tipo": "PCH",
        "pais": "Brasil",
        "fonte": "ANEEL,jun/2025",
        "pot_mw": 11.0,
        "leyenda": "en proyecto",
        "institucio": "ISA",
        "limraisg": "s",
        "amzbiog": "s",
        "empresa": "Cienge - Engenharia e Comércio Ltda.",
        "nombre": "Carnaúba",
        "estagio": "DRS"
      },
      "geometry": {
        "type": "Point",
        "coordinates": [-55.006943254999953, -4.12111349099996, 0.0]
      }
    },
    {
      "type": "Feature",
      "properties": {
        "id_geo": "51299993066666",
        "tipo": "PCH",
        "pais": "Brasil",
        "fonte": "ANEEL,jun/2025",
        "pot_mw": 14.0,
        "leyenda": "liberado para la construción",
        "institucio": "ISA",
        "limraisg": "s",
        "amzbiog": "s",
        "empresa": null,
        "nombre": "Varador",
        "estagio": "Eixo Disponível"
      },
      "geometry": {
        "type": "Point",
        "coordinates": [-51.3, 3.06666666700005, 0.0]
      }
    },
    {
      "type": "Feature",
      "properties": {
        "id_geo": "49551681521586",
        "tipo": "PCH",
        "pais": "Brasil",
        "fonte": "ANEEL,jun/2025",
        "pot_mw": 18.0,
        "leyenda": "en proyecto",
        "institucio": "ISA",
        "limraisg": "s",
        "amzbiog": "n",
        "empresa": "EDP – Energias do Brasil S.A.",
        "nombre": "Rialma",
        "estagio": "DRS"
      },
      "geometry": {
        "type": "Point",
        "coordinates": [-49.551687157999936, -15.215868852999961, 0.0]
      }
    },
    {
      "type": "Feature",
      "properties": {
        "id_geo": "47654561185121",
        "tipo": "PCH",
        "pais": "Brasil",
        "fonte": "ANEEL,jun/2025",
        "pot_mw": 12.4,
        "leyenda": "liberado para la construción",
        "institucio": "ISA",
        "limraisg": "s",
        "amzbiog": "n",
        "empresa": null,
        "nombre": "ABC",
        "estagio": "Eixo Disponível"
      },
      "geometry": {
        "type": "Point",
        "coordinates": [-47.654565995999974, -11.85121522999998, 0.0]
      }
    },
    {
      "type": "Feature",
      "properties": {
        "id_geo": "48166731514598",
        "tipo": "PCH",
        "pais": "Brasil",
        "fonte": "ANEEL,jun/2025",
        "pot_mw": 27.0,
        "leyenda": "planeada",
        "institucio": "ISA",
        "limraisg": "s",
        "amzbiog": "n",
        "empresa": "Brasil Central Energia Ltda.",
        "nombre": "Palma",
        "estagio": "Construção não iniciada"
      },
      "geometry": {
        "type": "Point",
        "coordinates": [-48.16673807899997, -15.145988738999961, 0.0]
      }
    },
    {
      "type": "Feature",
      "properties": {
        "id_geo": "58682901288396",
        "tipo": "PCH",
        "pais": "Brasil",
        "fonte": "ANEEL,jun/2025",
        "pot_mw": 8.5014,
        "leyenda": "en proyecto",
        "institucio": "ISA",
        "limraisg": "s",
        "amzbiog": "n",
        "empresa": "Sapezal Energia Ltda.",
        "nombre": "SU-118",
        "estagio": "DRS"
      },
      "geometry": {
        "type": "Point",
        "coordinates": [-58.682908332999943, -12.883966666999981, 0.0]
      }
    },
    {
      "type": "Feature",
      "properties": {
        "id_geo": "54963339683613",
        "tipo": "PCH",
        "pais": "Brasil",
        "fonte": "ANEEL,jun/2025",
        "pot_mw": 14.0,
        "leyenda": "en operación",
        "institucio": "ISA",
        "limraisg": "s",
        "amzbiog": "s",
        "empresa": "Novo Mundo Energética S.A",
        "nombre": "Braço Norte IV",
        "estagio": "Operação"
      },
      "geometry": {
        "type": "Point",
        "coordinates": [-54.96333382399996, -9.683613027999968, 0.0]
      }
    },
    {
      "type": "Feature",
      "properties": {
        "id_geo": "49036715312997",
        "tipo": "UHE",
        "pais": "Brasil",
        "fonte": "ANEEL,jun/2025",
        "pot_mw": 2160.0,
        "leyenda": "planeada",
        "institucio": "ISA",
        "limraisg": "s",
        "amzbiog": "s",
        "empresa": "Centrais Elétricas do Norte do Brasil S.A. – Eletronorte e Construções e Comércio Camargo Corrêa S.A.",
        "nombre": "Marabá",
        "estagio": "EVTE aceito"
      },
      "geometry": {
        "type": "Point",
        "coordinates": [-49.036713719999966, -5.312997885999948, 0.0]
      }
    },
    {
      "type": "Feature",
      "properties": {
        "id_geo": "58134441134250",
        "tipo": "UHE",
        "pais": "Brasil",
        "fonte": "ANEEL,jun/2025",
        "pot_mw": 241.2,
        "leyenda": "liberado para la construción",
        "institucio": "ISA",
        "limraisg": "s",
        "amzbiog": "s",
        "empresa": null,
        "nombre": "Kabiara",
        "estagio": "Eixo Disponível"
      },
      "geometry": {
        "type": "Point",
        "coordinates": [-58.134444443999939, -11.3425, 0.0]
      }
    },
    {
      "type": "Feature",
      "properties": {
        "id_geo": "57052229190275",
        "tipo": "UHE",
        "pais": "Brasil",
        "fonte": "ANEEL,jun/2025",
        "pot_mw": 700.0,
        "leyenda": "en operación",
        "institucio": "ISA",
        "limraisg": "s",
        "amzbiog": "s",
        "empresa": "Empresa de Energia São Manoel S.A.",
        "nombre": "São Manoel",
        "estagio": "Operação"
      },
      "geometry": {
        "type": "Point",
        "coordinates": [-57.052227175999974, -9.190275411999949, 0.0]
      }
    },
    {
      "type": "Feature",
      "properties": {
        "id_geo": "55316551645171",
        "tipo": "PCH",
        "pais": "Brasil",
        "fonte": "ANEEL,jun/2025",
        "pot_mw": 5.2,
        "leyenda": "en operación",
        "institucio": "ISA",
        "limraisg": "s",
        "amzbiog": "n",
        "empresa": "PCH Mantovilis SPE S.A.",
        "nombre": "Mantovilis",
        "estagio": "Operação"
      },
      "geometry": {
        "type": "Point",
        "coordinates": [-55.316555555999969, -16.451719443999934, 0.0]
      }
    },
    {
      "type": "Feature",
      "properties": {
        "id_geo": "61235281190441",
        "tipo": "PCH",
        "pais": "Brasil",
        "fonte": "ANEEL,jun/2025",
        "pot_mw": 25.7,
        "leyenda": "en operación",
        "institucio": "ISA",
        "limraisg": "s",
        "amzbiog": "s",
        "empresa": "Eletro Cesar Geração de Energia Ltda.",
        "nombre": "Primavera",
        "estagio": "Operação"
      },
      "geometry": {
        "type": "Point",
        "coordinates": [-61.23528357899994, -11.904419560999941, 0.0]
      }
    },
    {
      "type": "Feature",
      "properties": {
        "id_geo": "56923829960956",
        "tipo": "PCH",
        "pais": "Brasil",
        "fonte": "ANEEL,jun/2025",
        "pot_mw": 8.0,
        "leyenda": "liberado para la construción",
        "institucio": "ISA",
        "limraisg": "s",
        "amzbiog": "s",
        "empresa": null,
        "nombre": "Salto Paraíso",
        "estagio": "Eixo Disponível"
      },
      "geometry": {
        "type": "Point",
        "coordinates": [-56.923828920999938, -9.960956374999967, 0.0]
      }
    },
    {
      "type": "Feature",
      "properties": {
        "id_geo": "50999992416666",
        "tipo": "PCH",
        "pais": "Brasil",
        "fonte": "ANEEL,jun/2025",
        "pot_mw": 9.0,
        "leyenda": "liberado para la construción",
        "institucio": "ISA",
        "limraisg": "s",
        "amzbiog": "s",
        "empresa": null,
        "nombre": "Trapiche",
        "estagio": "Eixo Disponível"
      },
      "geometry": {
        "type": "Point",
        "coordinates": [-51.0, 2.416666667000072, 0.0]
      }
    },
    {
      "type": "Feature",
      "properties": {
        "id_geo": "54432561753774",
        "tipo": "PCH",
        "pais": "Brasil",
        "fonte": "ANEEL,jun/2025",
        "pot_mw": 24.0,
        "leyenda": "en operación",
        "institucio": "ISA",
        "limraisg": "s",
        "amzbiog": "n",
        "empresa": "Santa Gabriela Energética S.A.",
        "nombre": "Santa Gabriela",
        "estagio": "Operação"
      },
      "geometry": {
        "type": "Point",
        "coordinates": [-54.432565807999936, -17.537748750999981, 0.0]
      }
    },
    {
      "type": "Feature",
      "properties": {
        "id_geo": "58729761513005",
        "tipo": "PCH",
        "pais": "Brasil",
        "fonte": "ANEEL,jun/2025",
        "pot_mw": 26.0,
        "leyenda": "en operación",
        "institucio": "ISA",
        "limraisg": "s",
        "amzbiog": "s",
        "empresa": "Ombreiras Energética S.A.",
        "nombre": "Ombreiras",
        "estagio": "Operação"
      },
      "geometry": {
        "type": "Point",
        "coordinates": [-58.729769942999951, -15.130051503999937, 0.0]
      }
    },
    {
      "type": "Feature",
      "properties": {
        "id_geo": "46989211154209",
        "tipo": "PCH",
        "pais": "Brasil",
        "fonte": "ANEEL,jun/2025",
        "pot_mw": 8.0,
        "leyenda": "en operación",
        "institucio": "ISA",
        "limraisg": "s",
        "amzbiog": "n",
        "empresa": "Central Geradora Hidrelétrica Manuel Alves Ltda.",
        "nombre": "Manuel Alves",
        "estagio": "Operação"
      },
      "geometry": {
        "type": "Point",
        "coordinates": [-46.989211110999975, -11.542097221999938, 0.0]
      }
    },
    {
      "type": "Feature",
      "properties": {
        "id_geo": "46441908622941",
        "tipo": "PCH",
        "pais": "Brasil",
        "fonte": "ANEEL,jun/2025",
        "pot_mw": 6.47,
        "leyenda": "liberado para la construción",
        "institucio": "ISA",
        "limraisg": "s",
        "amzbiog": "n",
        "empresa": null,
        "nombre": "A2E7",
        "estagio": "Eixo Disponível"
      },
      "geometry": {
        "type": "Point",
        "coordinates": [-46.441905555999938, -8.622941666999964, 0.0]
      }
    },
    {
      "type": "Feature",
      "properties": {
        "id_geo": "54876663923055",
        "tipo": "PCH",
        "pais": "Brasil",
        "fonte": "ANEEL,jun/2025",
        "pot_mw": 6.9,
        "leyenda": "liberado para la construción",
        "institucio": "ISA",
        "limraisg": "s",
        "amzbiog": "s",
        "empresa": null,
        "nombre": "Jaboticabal",
        "estagio": "Eixo Disponível"
      },
      "geometry": {
        "type": "Point",
        "coordinates": [-54.876666666999938, -3.923055555999952, 0.0]
      }
    },
    {
      "type": "Feature",
      "properties": {
        "id_geo": "53847802272777",
        "tipo": "UHE",
        "pais": "Brasil",
        "fonte": "ANEEL,jun/2025",
        "pot_mw": 140.5,
        "leyenda": "liberado para la construción",
        "institucio": "ISA",
        "limraisg": "s",
        "amzbiog": "s",
        "empresa": null,
        "nombre": "A26PA184",
        "estagio": "Eixo Disponível"
      },
      "geometry": {
        "type": "Point",
        "coordinates": [-53.847808332999932, 0.022727778000046, 0.0]
      }
    },
    {
      "type": "Feature",
      "properties": {
        "id_geo": "58975381307416",
        "tipo": "PCH",
        "pais": "Brasil",
        "fonte": "ANEEL,jun/2025",
        "pot_mw": 15.4,
        "leyenda": "en operación",
        "institucio": "ISA",
        "limraisg": "s",
        "amzbiog": "n",
        "empresa": "Parecis Energia S.A.",
        "nombre": "Parecis",
        "estagio": "Operação"
      },
      "geometry": {
        "type": "Point",
        "coordinates": [-58.975388888999987, -13.074166666999929, 0.0]
      }
    },
    {
      "type": "Feature",
      "properties": {
        "id_geo": "54735571666701",
        "tipo": "PCH",
        "pais": "Brasil",
        "fonte": "ANEEL,jun/2025",
        "pot_mw": 26.6,
        "leyenda": "en operación",
        "institucio": "ISA",
        "limraisg": "s",
        "amzbiog": "n",
        "empresa": "Tupan Energia Elétrica Ltda",
        "nombre": "Rondonópolis",
        "estagio": "Operação"
      },
      "geometry": {
        "type": "Point",
        "coordinates": [-54.735575013999949, -16.667013925999981, 0.0]
      }
    },
    {
      "type": "Feature",
      "properties": {
        "id_geo": "47793911069882",
        "tipo": "PCH",
        "pais": "Brasil",
        "fonte": "ANEEL,jun/2025",
        "pot_mw": 29.064,
        "leyenda": "en operación",
        "institucio": "ISA",
        "limraisg": "s",
        "amzbiog": "n",
        "empresa": "Isamu Ikeda Energia S.A.",
        "nombre": "Isamu Ikeda",
        "estagio": "Operação"
      },
      "geometry": {
        "type": "Point",
        "coordinates": [-47.793913836999934, -10.698828404999972, 0.0]
      }
    },
    {
      "type": "Feature",
      "properties": {
        "id_geo": "49211111483666",
        "tipo": "UHE",
        "pais": "Brasil",
        "fonte": "ANEEL,jun/2025",
        "pot_mw": 142.0,
        "leyenda": "liberado para la construción",
        "institucio": "ISA",
        "limraisg": "s",
        "amzbiog": "n",
        "empresa": null,
        "nombre": "Buriti Queimado",
        "estagio": "Eixo Disponível"
      },
      "geometry": {
        "type": "Point",
        "coordinates": [-49.211111, -14.836667, 0.0]
      }
    },
    {
      "type": "Feature",
      "properties": {
        "id_geo": "59583888891666",
        "tipo": "PCH",
        "pais": "Brasil",
        "fonte": "ANEEL,jun/2025",
        "pot_mw": 8.0,
        "leyenda": "liberado para la construción",
        "institucio": "ISA",
        "limraisg": "s",
        "amzbiog": "s",
        "empresa": null,
        "nombre": "40 Ilhas",
        "estagio": "Eixo Disponível"
      },
      "geometry": {
        "type": "Point",
        "coordinates": [-59.583888888999979, -0.889166666999927, 0.0]
      }
    },
    {
      "type": "Feature",
      "properties": {
        "id_geo": "55391664344444",
        "tipo": "PCH",
        "pais": "Brasil",
        "fonte": "ANEEL,jun/2025",
        "pot_mw": 27.0,
        "leyenda": "en proyecto",
        "institucio": "ISA",
        "limraisg": "s",
        "amzbiog": "s",
        "empresa": "Cienge - Engenharia e Comércio Ltda.",
        "nombre": "Sapopema",
        "estagio": "DRS"
      },
      "geometry": {
        "type": "Point",
        "coordinates": [-55.39166645499995, -4.344444425999939, 0.0]
      }
    },
    {
      "type": "Feature",
      "properties": {
        "id_geo": "58334411134072",
        "tipo": "UHE",
        "pais": "Brasil",
        "fonte": "ANEEL,jun/2025",
        "pot_mw": 225.0,
        "leyenda": "liberado para la construción",
        "institucio": "ISA",
        "limraisg": "s",
        "amzbiog": "s",
        "empresa": null,
        "nombre": "JRN-577",
        "estagio": "Eixo Disponível"
      },
      "geometry": {
        "type": "Point",
        "coordinates": [-58.334416666999971, -11.340722221999954, 0.0]
      }
    },
    {
      "type": "Feature",
      "properties": {
        "id_geo": "47552079456913",
        "tipo": "PCH",
        "pais": "Brasil",
        "fonte": "ANEEL,jun/2025",
        "pot_mw": 6.0,
        "leyenda": "liberado para la construción",
        "institucio": "ISA",
        "limraisg": "s",
        "amzbiog": "n",
        "empresa": "Agrícola Sete Campos Ltda.",
        "nombre": "Arraia Alta",
        "estagio": "Eixo Disponível"
      },
      "geometry": {
        "type": "Point",
        "coordinates": [-47.55207226999994, -9.456913888999964, 0.0]
      }
    },
    {
      "type": "Feature",
      "properties": {
        "id_geo": "55300554101944",
        "tipo": "PCH",
        "pais": "Brasil",
        "fonte": "ANEEL,jun/2025",
        "pot_mw": 6.0,
        "leyenda": "liberado para la construción",
        "institucio": "ISA",
        "limraisg": "s",
        "amzbiog": "s",
        "empresa": null,
        "nombre": "Mangabeira",
        "estagio": "Eixo Disponível"
      },
      "geometry": {
        "type": "Point",
        "coordinates": [-55.300555555999949, -4.101944443999969, 0.0]
      }
    },
    {
      "type": "Feature",
      "properties": {
        "id_geo": "57760901497078",
        "tipo": "PCH",
        "pais": "Brasil",
        "fonte": "ANEEL,jun/2025",
        "pot_mw": 10.227,
        "leyenda": "en proyecto",
        "institucio": "ISA",
        "limraisg": "s",
        "amzbiog": "s",
        "empresa": "Tapirapuã Energética Ltda.",
        "nombre": "Tapirapuã",
        "estagio": "DRS"
      },
      "geometry": {
        "type": "Point",
        "coordinates": [-57.760903204999977, -14.970780213999944, 0.0]
      }
    },
    {
      "type": "Feature",
      "properties": {
        "id_geo": "55766001098480",
        "tipo": "UHE",
        "pais": "Brasil",
        "fonte": "ANEEL,jun/2025",
        "pot_mw": 300.0,
        "leyenda": "en operación",
        "institucio": "ISA",
        "limraisg": "s",
        "amzbiog": "s",
        "empresa": "Copel Geração e Transmissão S.A.",
        "nombre": "Colíder",
        "estagio": "Operação"
      },
      "geometry": {
        "type": "Point",
        "coordinates": [-55.766004998999961, -10.984805276999964, 0.0]
      }
    },
    {
      "type": "Feature",
      "properties": {
        "id_geo": "55833594793569",
        "tipo": "PCH",
        "pais": "Brasil",
        "fonte": "ANEEL,jun/2025",
        "pot_mw": 8.5,
        "leyenda": "en proyecto",
        "institucio": "ISA",
        "limraisg": "s",
        "amzbiog": "s",
        "empresa": "T3 Pagamentos Ltda., Brilhar Participações Ltda.",
        "nombre": "Iara",
        "estagio": "DRS"
      },
      "geometry": {
        "type": "Point",
        "coordinates": [-55.8336, -4.793569443999957, 0.0]
      }
    },
    {
      "type": "Feature",
      "properties": {
        "id_geo": "55512774388333",
        "tipo": "PCH",
        "pais": "Brasil",
        "fonte": "ANEEL,jun/2025",
        "pot_mw": 8.0,
        "leyenda": "en proyecto",
        "institucio": "ISA",
        "limraisg": "s",
        "amzbiog": "s",
        "empresa": "Cienge - Engenharia e Comércio Ltda",
        "nombre": "Candeia",
        "estagio": "DRS"
      },
      "geometry": {
        "type": "Point",
        "coordinates": [-55.512777777999986, -4.388333332999935, 0.0]
      }
    },
    {
      "type": "Feature",
      "properties": {
        "id_geo": "57880831253025",
        "tipo": "PCH",
        "pais": "Brasil",
        "fonte": "ANEEL,jun/2025",
        "pot_mw": 30.0,
        "leyenda": "en operación",
        "institucio": "ISA",
        "limraisg": "s",
        "amzbiog": "s",
        "empresa": "Cravari Geração de Energia S.A.",
        "nombre": "Bocaiúva",
        "estagio": "Operação"
      },
      "geometry": {
        "type": "Point",
        "coordinates": [-57.880839133999984, -12.530252894999933, 0.0]
      }
    },
    {
      "type": "Feature",
      "properties": {
        "id_geo": "56289631526611",
        "tipo": "PCH",
        "pais": "Brasil",
        "fonte": "ANEEL,jun/2025",
        "pot_mw": 20.137,
        "leyenda": "en proyecto",
        "institucio": "ISA",
        "limraisg": "s",
        "amzbiog": "n",
        "empresa": "CER – Companhia de Energias Renováveis, Maturati Participações S.A., Meta Serviços e Projetos Ltda.",
        "nombre": "Iratambé II",
        "estagio": "DRS"
      },
      "geometry": {
        "type": "Point",
        "coordinates": [-56.289638762999971, -15.266111008999928, 0.0]
      }
    },
    {
      "type": "Feature",
      "properties": {
        "id_geo": "47357671367598",
        "tipo": "PCH",
        "pais": "Brasil",
        "fonte": "ANEEL,jun/2025",
        "pot_mw": 30.0,
        "leyenda": "planeada",
        "institucio": "ISA",
        "limraisg": "s",
        "amzbiog": "n",
        "empresa": "Centrais Construções Pesadas S.A.",
        "nombre": "Santa Mônica",
        "estagio": "Construção não iniciada"
      },
      "geometry": {
        "type": "Point",
        "coordinates": [-47.357677381999963, -13.675982554999962, 0.0]
      }
    },
    {
      "type": "Feature",
      "properties": {
        "id_geo": "52261441659794",
        "tipo": "PCH",
        "pais": "Brasil",
        "fonte": "ANEEL,jun/2025",
        "pot_mw": 29.5,
        "leyenda": "en proyecto",
        "institucio": "ISA",
        "limraisg": "s",
        "amzbiog": "n",
        "empresa": "NS Empreendimentos Imobiliários",
        "nombre": "Foz do Paraíso",
        "estagio": "DRS"
      },
      "geometry": {
        "type": "Point",
        "coordinates": [-52.261444443999949, -16.59794444399995, 0.0]
      }
    },
    {
      "type": "Feature",
      "properties": {
        "id_geo": "48238171280843",
        "tipo": "UHE",
        "pais": "Brasil",
        "fonte": "ANEEL,jun/2025",
        "pot_mw": 243.2,
        "leyenda": "en operación",
        "institucio": "ISA",
        "limraisg": "s",
        "amzbiog": "n",
        "empresa": "Engie Brasil Energia S.A.",
        "nombre": "São Salvador",
        "estagio": "Operação"
      },
      "geometry": {
        "type": "Point",
        "coordinates": [-48.238179671999944, -12.808435394999947, 0.0]
      }
    },
    {
      "type": "Feature",
      "properties": {
        "id_geo": "46320971437103",
        "tipo": "PCH",
        "pais": "Brasil",
        "fonte": "ANEEL,jun/2025",
        "pot_mw": 11.6,
        "leyenda": "en operación",
        "institucio": "ISA",
        "limraisg": "s",
        "amzbiog": "n",
        "empresa": "Rialma Companhia Energética III S.A.",
        "nombre": "Santa Edwiges III",
        "estagio": "Operação"
      },
      "geometry": {
        "type": "Point",
        "coordinates": [-46.320978024999931, -14.371036077999975, 0.0]
      }
    },
    {
      "type": "Feature",
      "properties": {
        "id_geo": "55221664185277",
        "tipo": "PCH",
        "pais": "Brasil",
        "fonte": "ANEEL,jun/2025",
        "pot_mw": 8.8,
        "leyenda": "liberado para la construción",
        "institucio": "ISA",
        "limraisg": "s",
        "amzbiog": "s",
        "empresa": null,
        "nombre": "Girassol",
        "estagio": "Eixo Disponível"
      },
      "geometry": {
        "type": "Point",
        "coordinates": [-55.221666666999965, -4.185277777999943, 0.0]
      }
    },
    {
      "type": "Feature",
      "properties": {
        "id_geo": "58518041309539",
        "tipo": "PCH",
        "pais": "Brasil",
        "fonte": "ANEEL,jun/2025",
        "pot_mw": 21.76,
        "leyenda": "liberado para la construción",
        "institucio": "ISA",
        "limraisg": "s",
        "amzbiog": "n",
        "empresa": null,
        "nombre": "A2E14",
        "estagio": "Eixo Disponível"
      },
      "geometry": {
        "type": "Point",
        "coordinates": [-58.51804722199995, -13.095391666999944, 0.0]
      }
    },
    {
      "type": "Feature",
      "properties": {
        "id_geo": "53102921736019",
        "tipo": "PCH",
        "pais": "Brasil",
        "fonte": "ANEEL,jun/2025",
        "pot_mw": 9.002,
        "leyenda": "en proyecto",
        "institucio": "ISA",
        "limraisg": "s",
        "amzbiog": "n",
        "empresa": "Construtora Central Do Brasil S.A",
        "nombre": "Urtiga",
        "estagio": "DRS"
      },
      "geometry": {
        "type": "Point",
        "coordinates": [-53.10292777799998, -17.360191666999981, 0.0]
      }
    },
    {
      "type": "Feature",
      "properties": {
        "id_geo": "58468621510917",
        "tipo": "PCH",
        "pais": "Brasil",
        "fonte": "ANEEL,jun/2025",
        "pot_mw": 6.2,
        "leyenda": "en proyecto",
        "institucio": "ISA",
        "limraisg": "s",
        "amzbiog": "s",
        "empresa": "São José Energia PCHs Ltda.",
        "nombre": "Cabaçal 4",
        "estagio": "DRS"
      },
      "geometry": {
        "type": "Point",
        "coordinates": [-58.468625, -15.109177777999946, 0.0]
      }
    },
    {
      "type": "Feature",
      "properties": {
        "id_geo": "54771111659611",
        "tipo": "PCH",
        "pais": "Brasil",
        "fonte": "ANEEL,jun/2025",
        "pot_mw": 18.0,
        "leyenda": "liberado para la construción",
        "institucio": "ISA",
        "limraisg": "s",
        "amzbiog": "n",
        "empresa": null,
        "nombre": "João Basso",
        "estagio": "Eixo Disponível"
      },
      "geometry": {
        "type": "Point",
        "coordinates": [-54.771111110999982, -16.596111110999971, 0.0]
      }
    },
    {
      "type": "Feature",
      "properties": {
        "id_geo": "59344161466305",
        "tipo": "PCH",
        "pais": "Brasil",
        "fonte": "ANEEL,jun/2025",
        "pot_mw": 5.25,
        "leyenda": "en proyecto",
        "institucio": "ISA",
        "limraisg": "s",
        "amzbiog": "s",
        "empresa": "Frigorífico Nutribras S.A., Enebras Projetos de Usinas Hidrelétricas Ltda., Carlos Sergio Arantes",
        "nombre": "Edmundo Arantes Júnior",
        "estagio": "DRI"
      },
      "geometry": {
        "type": "Point",
        "coordinates": [-59.344166666999968, -14.663055555999961, 0.0]
      }
    },
    {
      "type": "Feature",
      "properties": {
        "id_geo": "57363881358111",
        "tipo": "PCH",
        "pais": "Brasil",
        "fonte": "ANEEL,jun/2025",
        "pot_mw": 24.6,
        "leyenda": "liberado para la construción",
        "institucio": "ISA",
        "limraisg": "s",
        "amzbiog": "n",
        "empresa": null,
        "nombre": "Ponte de Pedra",
        "estagio": "Eixo Disponível"
      },
      "geometry": {
        "type": "Point",
        "coordinates": [-57.363888888999952, -13.581111110999927, 0.0]
      }
    },
    {
      "type": "Feature",
      "properties": {
        "id_geo": "57604921306235",
        "tipo": "PCH",
        "pais": "Brasil",
        "fonte": "ANEEL,jun/2025",
        "pot_mw": 5.4,
        "leyenda": "en proyecto",
        "institucio": "ISA",
        "limraisg": "s",
        "amzbiog": "s",
        "empresa": "Global Energia Elétrica S.A.",
        "nombre": "Membeca VI",
        "estagio": "DRS"
      },
      "geometry": {
        "type": "Point",
        "coordinates": [-57.604927777999933, -13.062358332999963, 0.0]
      }
    },
    {
      "type": "Feature",
      "properties": {
        "id_geo": "46628811266416",
        "tipo": "PCH",
        "pais": "Brasil",
        "fonte": "ANEEL,jun/2025",
        "pot_mw": 6.6,
        "leyenda": "liberado para la construción",
        "institucio": "ISA",
        "limraisg": "s",
        "amzbiog": "n",
        "empresa": null,
        "nombre": "Serra",
        "estagio": "Eixo Disponível"
      },
      "geometry": {
        "type": "Point",
        "coordinates": [-46.628816666999967, -12.664169443999981, 0.0]
      }
    },
    {
      "type": "Feature",
      "properties": {
        "id_geo": "53534331801861",
        "tipo": "PCH",
        "pais": "Brasil",
        "fonte": "ANEEL,jun/2025",
        "pot_mw": 13.0,
        "leyenda": "en proyecto",
        "institucio": "ISA",
        "limraisg": "s",
        "amzbiog": "n",
        "empresa": "Renova PCH Ltda.",
        "nombre": "Taquarizinho",
        "estagio": "DRS"
      },
      "geometry": {
        "type": "Point",
        "coordinates": [-53.534330555999986, -18.018619443999967, 0.0]
      }
    },
    {
      "type": "Feature",
      "properties": {
        "id_geo": "55994891426257",
        "tipo": "PCH",
        "pais": "Brasil",
        "fonte": "ANEEL,jun/2025",
        "pot_mw": 12.002,
        "leyenda": "en proyecto",
        "institucio": "ISA",
        "limraisg": "s",
        "amzbiog": "n",
        "empresa": "Novo Norte Ambiental Energia e Constultoria Ltda.",
        "nombre": "Serrinha",
        "estagio": "DRS"
      },
      "geometry": {
        "type": "Point",
        "coordinates": [-55.994891666999933, -14.26257222199996, 0.0]
      }
    },
    {
      "type": "Feature",
      "properties": {
        "id_geo": "60472031249216",
        "tipo": "PCH",
        "pais": "Brasil",
        "fonte": "ANEEL,jun/2025",
        "pot_mw": 11.12,
        "leyenda": "en operación",
        "institucio": "ISA",
        "limraisg": "s",
        "amzbiog": "s",
        "empresa": "JFG Energia S/A",
        "nombre": "Cachoeira",
        "estagio": "Operação"
      },
      "geometry": {
        "type": "Point",
        "coordinates": [-60.472035333999941, -12.492164619999926, 0.0]
      }
    },
    {
      "type": "Feature",
      "properties": {
        "id_geo": "57398711362703",
        "tipo": "PCH",
        "pais": "Brasil",
        "fonte": "ANEEL,jun/2025",
        "pot_mw": 21.9,
        "leyenda": "en proyecto",
        "institucio": "ISA",
        "limraisg": "s",
        "amzbiog": "n",
        "empresa": "Empreendimentos Patrimoniais Santa Gisele Ltda.",
        "nombre": "Bacuri",
        "estagio": "DRS"
      },
      "geometry": {
        "type": "Point",
        "coordinates": [-57.398717628999975, -13.627030821999938, 0.0]
      }
    },
    {
      "type": "Feature",
      "properties": {
        "id_geo": "58616501269144",
        "tipo": "PCH",
        "pais": "Brasil",
        "fonte": "ANEEL,jun/2025",
        "pot_mw": 8.1019,
        "leyenda": "en proyecto",
        "institucio": "ISA",
        "limraisg": "s",
        "amzbiog": "n",
        "empresa": "Sapezal Energia Ltda.",
        "nombre": "SU-75",
        "estagio": "DRS"
      },
      "geometry": {
        "type": "Point",
        "coordinates": [-58.616502777999983, -12.691441666999935, 0.0]
      }
    },
    {
      "type": "Feature",
      "properties": {
        "id_geo": "54976111610166",
        "tipo": "PCH",
        "pais": "Brasil",
        "fonte": "ANEEL,jun/2025",
        "pot_mw": 8.2,
        "leyenda": "liberado para la construción",
        "institucio": "ISA",
        "limraisg": "s",
        "amzbiog": "n",
        "empresa": null,
        "nombre": "Água Branca",
        "estagio": "Eixo Disponível"
      },
      "geometry": {
        "type": "Point",
        "coordinates": [-54.976111110999966, -16.101666666999961, 0.0]
      }
    },
    {
      "type": "Feature",
      "properties": {
        "id_geo": "57906331459843",
        "tipo": "PCH",
        "pais": "Brasil",
        "fonte": "ANEEL,jun/2025",
        "pot_mw": 12.5,
        "leyenda": "en proyecto",
        "institucio": "ISA",
        "limraisg": "s",
        "amzbiog": "s",
        "empresa": "Itamarati Norte S.A - Agropecuária",
        "nombre": "Formoso I",
        "estagio": "DRS"
      },
      "geometry": {
        "type": "Point",
        "coordinates": [-57.906339776999971, -14.598434502999964, 0.0]
      }
    },
    {
      "type": "Feature",
      "properties": {
        "id_geo": "58472241301128",
        "tipo": "PCH",
        "pais": "Brasil",
        "fonte": "ANEEL,jun/2025",
        "pot_mw": 13.2,
        "leyenda": "liberado para la construción",
        "institucio": "ISA",
        "limraisg": "s",
        "amzbiog": "n",
        "empresa": null,
        "nombre": "A2E15",
        "estagio": "Eixo Disponível"
      },
      "geometry": {
        "type": "Point",
        "coordinates": [-58.472243979999973, -13.011280925999927, 0.0]
      }
    },
    {
      "type": "Feature",
      "properties": {
        "id_geo": "47683951107299",
        "tipo": "PCH",
        "pais": "Brasil",
        "fonte": "ANEEL,jun/2025",
        "pot_mw": 6.5,
        "leyenda": "en proyecto",
        "institucio": "ISA",
        "limraisg": "s",
        "amzbiog": "n",
        "empresa": "Central Rio da Conceição Energia Ltda.",
        "nombre": "Gameleira",
        "estagio": "DRI"
      },
      "geometry": {
        "type": "Point",
        "coordinates": [-47.683952777999934, -11.07299166699994, 0.0]
      }
    },
    {
      "type": "Feature",
      "properties": {
        "id_geo": "54944441621759",
        "tipo": "PCH",
        "pais": "Brasil",
        "fonte": "ANEEL,jun/2025",
        "pot_mw": 29.988,
        "leyenda": "en operación",
        "institucio": "ISA",
        "limraisg": "s",
        "amzbiog": "n",
        "empresa": "Usinas Elétricas do Oeste S.A.",
        "nombre": "São Lourenço (Antiga Zé Fernando)",
        "estagio": "Operação"
      },
      "geometry": {
        "type": "Point",
        "coordinates": [-54.944440430999975, -16.217597379999972, 0.0]
      }
    },
    {
      "type": "Feature",
      "properties": {
        "id_geo": "59683561401973",
        "tipo": "PCH",
        "pais": "Brasil",
        "fonte": "ANEEL,jun/2025",
        "pot_mw": 9.75,
        "leyenda": "en proyecto",
        "institucio": "ISA",
        "limraisg": "s",
        "amzbiog": "s",
        "empresa": "Césio Silva Lemos",
        "nombre": "CC-44-03",
        "estagio": "DRS"
      },
      "geometry": {
        "type": "Point",
        "coordinates": [-59.683568717999947, -14.019733175999932, 0.0]
      }
    },
    {
      "type": "Feature",
      "properties": {
        "id_geo": "47291451187302",
        "tipo": "PCH",
        "pais": "Brasil",
        "fonte": "ANEEL,jun/2025",
        "pot_mw": 6.1,
        "leyenda": "liberado para la construción",
        "institucio": "ISA",
        "limraisg": "s",
        "amzbiog": "n",
        "empresa": null,
        "nombre": "Sossego",
        "estagio": "Eixo Disponível"
      },
      "geometry": {
        "type": "Point",
        "coordinates": [-47.29145909999994, -11.873027777999937, 0.0]
      }
    },
    {
      "type": "Feature",
      "properties": {
        "id_geo": "64646149267508",
        "tipo": "UHE",
        "pais": "Brasil",
        "fonte": "ANEEL,jun/2025",
        "pot_mw": 3750.0,
        "leyenda": "en operación",
        "institucio": "ISA",
        "limraisg": "s",
        "amzbiog": "s",
        "empresa": "Jirau Energia S.A.",
        "nombre": "Jirau",
        "estagio": "Operação"
      },
      "geometry": {
        "type": "Point",
        "coordinates": [-64.646142645999987, -9.267508118999956, 0.0]
      }
    },
    {
      "type": "Feature",
      "properties": {
        "id_geo": "54830731709064",
        "tipo": "UHE",
        "pais": "Brasil",
        "fonte": "ANEEL,jun/2025",
        "pot_mw": 157.37,
        "leyenda": "en operación",
        "institucio": "ISA",
        "limraisg": "s",
        "amzbiog": "n",
        "empresa": "Elera Renováveis S.A.",
        "nombre": "Itiquira (Casas de Forças I e II)",
        "estagio": "Operação"
      },
      "geometry": {
        "type": "Point",
        "coordinates": [-54.830736110999965, -17.090647221999973, 0.0]
      }
    },
    {
      "type": "Feature",
      "properties": {
        "id_geo": "50693051641277",
        "tipo": "PCH",
        "pais": "Brasil",
        "fonte": "ANEEL,jun/2025",
        "pot_mw": 7.8,
        "leyenda": "liberado para la construción",
        "institucio": "ISA",
        "limraisg": "s",
        "amzbiog": "n",
        "empresa": null,
        "nombre": "Bandeira",
        "estagio": "Eixo Disponível"
      },
      "geometry": {
        "type": "Point",
        "coordinates": [-50.693055555999933, -16.412777777999963, 0.0]
      }
    },
    {
      "type": "Feature",
      "properties": {
        "id_geo": "59785896461799",
        "tipo": "UHE",
        "pais": "Brasil",
        "fonte": "ANEEL,jun/2025",
        "pot_mw": 140.5,
        "leyenda": "planeada",
        "institucio": "ISA",
        "limraisg": "s",
        "amzbiog": "s",
        "empresa": "Mega Comercializadora de Energia e Gás Ltda.",
        "nombre": "J1",
        "estagio": "EVTE em elaboração"
      },
      "geometry": { "type": "Point", "coordinates": [-59.7859, -6.4618, 0.0] }
    },
    {
      "type": "Feature",
      "properties": {
        "id_geo": "55091941184722",
        "tipo": "PCH",
        "pais": "Brasil",
        "fonte": "ANEEL,jun/2025",
        "pot_mw": 20.0,
        "leyenda": "liberado para la construción",
        "institucio": "ISA",
        "limraisg": "s",
        "amzbiog": "s",
        "empresa": null,
        "nombre": "Frieira",
        "estagio": "Eixo Disponível"
      },
      "geometry": {
        "type": "Point",
        "coordinates": [-55.091944443999978, -1.184722221999948, 0.0]
      }
    },
    {
      "type": "Feature",
      "properties": {
        "id_geo": "54748371671296",
        "tipo": "PCH",
        "pais": "Brasil",
        "fonte": "ANEEL,jun/2025",
        "pot_mw": 24.435,
        "leyenda": "en operación",
        "institucio": "ISA",
        "limraisg": "s",
        "amzbiog": "n",
        "empresa": "Hidropower Energia S.A.",
        "nombre": "Engenheiro José Gelásio da Rocha",
        "estagio": "Operação"
      },
      "geometry": {
        "type": "Point",
        "coordinates": [-54.74837023799995, -16.712966973999983, 0.0]
      }
    },
    {
      "type": "Feature",
      "properties": {
        "id_geo": "58727771523555",
        "tipo": "UHE",
        "pais": "Brasil",
        "fonte": "ANEEL,jun/2025",
        "pot_mw": 121.5,
        "leyenda": "en operación",
        "institucio": "ISA",
        "limraisg": "s",
        "amzbiog": "s",
        "empresa": "Cinco Estrelas Agropecuária e Participações Ltda., JAURU ENERGETICA S.A.",
        "nombre": "Jauru",
        "estagio": "Operação"
      },
      "geometry": {
        "type": "Point",
        "coordinates": [-58.727777777999961, -15.235555555999952, 0.0]
      }
    },
    {
      "type": "Feature",
      "properties": {
        "id_geo": "50626661649805",
        "tipo": "PCH",
        "pais": "Brasil",
        "fonte": "ANEEL,jun/2025",
        "pot_mw": 8.9,
        "leyenda": "liberado para la construción",
        "institucio": "ISA",
        "limraisg": "s",
        "amzbiog": "n",
        "empresa": null,
        "nombre": "Queixada",
        "estagio": "Eixo Disponível"
      },
      "geometry": {
        "type": "Point",
        "coordinates": [-50.626666741999941, -16.49805564899998, 0.0]
      }
    },
    {
      "type": "Feature",
      "properties": {
        "id_geo": "58806111310902",
        "tipo": "PCH",
        "pais": "Brasil",
        "fonte": "ANEEL,jun/2025",
        "pot_mw": 5.35,
        "leyenda": "en proyecto",
        "institucio": "ISA",
        "limraisg": "s",
        "amzbiog": "n",
        "empresa": "Agropecuária Global Ltda.",
        "nombre": "SU-160",
        "estagio": "DRI"
      },
      "geometry": {
        "type": "Point",
        "coordinates": [-58.80611111099995, -13.109027777999927, 0.0]
      }
    },
    {
      "type": "Feature",
      "properties": {
        "id_geo": "46262488404939",
        "tipo": "PCH",
        "pais": "Brasil",
        "fonte": "ANEEL,jun/2025",
        "pot_mw": 12.64,
        "leyenda": "liberado para la construción",
        "institucio": "ISA",
        "limraisg": "s",
        "amzbiog": "n",
        "empresa": null,
        "nombre": "Três Barras (antiga A2E10)",
        "estagio": "Eixo Disponível"
      },
      "geometry": {
        "type": "Point",
        "coordinates": [-46.262488225999959, -8.40493930599996, 0.0]
      }
    },
    {
      "type": "Feature",
      "properties": {
        "id_geo": "53822031018944",
        "tipo": "UHE",
        "pais": "Brasil",
        "fonte": "ANEEL,jun/2025",
        "pot_mw": 104.1,
        "leyenda": "liberado para la construción",
        "institucio": "ISA",
        "limraisg": "s",
        "amzbiog": "s",
        "empresa": null,
        "nombre": "A34PA250",
        "estagio": "Eixo Disponível"
      },
      "geometry": {
        "type": "Point",
        "coordinates": [-53.822038888999941, 0.101894444000038, 0.0]
      }
    },
    {
      "type": "Feature",
      "properties": {
        "id_geo": "56851071440272",
        "tipo": "PCH",
        "pais": "Brasil",
        "fonte": "ANEEL,jun/2025",
        "pot_mw": 7.7,
        "leyenda": "en proyecto",
        "institucio": "ISA",
        "limraisg": "s",
        "amzbiog": "s",
        "empresa": "Apoema Energética Ltda.",
        "nombre": "Jaçanã Alta",
        "estagio": "DRS"
      },
      "geometry": {
        "type": "Point",
        "coordinates": [-56.851076189999958, -14.402722573999938, 0.0]
      }
    },
    {
      "type": "Feature",
      "properties": {
        "id_geo": "46261468506097",
        "tipo": "PCH",
        "pais": "Brasil",
        "fonte": "ANEEL,jun/2025",
        "pot_mw": 8.5,
        "leyenda": "liberado para la construción",
        "institucio": "ISA",
        "limraisg": "s",
        "amzbiog": "n",
        "empresa": null,
        "nombre": "A2E9",
        "estagio": "Eixo Disponível"
      },
      "geometry": {
        "type": "Point",
        "coordinates": [-46.26146388899997, -8.506097221999937, 0.0]
      }
    },
    {
      "type": "Feature",
      "properties": {
        "id_geo": "56468085084642",
        "tipo": "UHE",
        "pais": "Brasil",
        "fonte": "ANEEL,jun/2025",
        "pot_mw": 802.0,
        "leyenda": "planeada",
        "institucio": "ISA",
        "limraisg": "s",
        "amzbiog": "s",
        "empresa": "Centrais Eletricas do Norte do Brasil S.A. – Eletronorte e Construções e Comércio Camargo Corrêa S.A., Cemig Geração e Transmissão S.A., Copel Geração e Transmissão S.A., GDF Suez Energy Latin America Participações Ltda.",
        "nombre": "Cachoeira do Caí",
        "estagio": "EVTE em elaboração"
      },
      "geometry": {
        "type": "Point",
        "coordinates": [-56.468083, -5.084642, 0.0]
      }
    },
    {
      "type": "Feature",
      "properties": {
        "id_geo": "57673611034472",
        "tipo": "PCH",
        "pais": "Brasil",
        "fonte": "ANEEL,jun/2025",
        "pot_mw": 28.8,
        "leyenda": "en proyecto",
        "institucio": "ISA",
        "limraisg": "s",
        "amzbiog": "s",
        "empresa": "São João da Barra Energética S.A.",
        "nombre": "São João da Barra",
        "estagio": "DRS"
      },
      "geometry": {
        "type": "Point",
        "coordinates": [-57.673611080999933, -10.344722379999951, 0.0]
      }
    },
    {
      "type": "Feature",
      "properties": {
        "id_geo": "63952188796685",
        "tipo": "UHE",
        "pais": "Brasil",
        "fonte": "ANEEL,jun/2025",
        "pot_mw": 3568.0,
        "leyenda": "en operación",
        "institucio": "ISA",
        "limraisg": "s",
        "amzbiog": "s",
        "empresa": "Santo Antônio Energia S.A.",
        "nombre": "Santo Antônio",
        "estagio": "Operação"
      },
      "geometry": {
        "type": "Point",
        "coordinates": [-63.952184961999933, -8.796685313999944, 0.0]
      }
    },
    {
      "type": "Feature",
      "properties": {
        "id_geo": "55838814714262",
        "tipo": "PCH",
        "pais": "Brasil",
        "fonte": "ANEEL,jun/2025",
        "pot_mw": 7.5,
        "leyenda": "liberado para la construción",
        "institucio": "ISA",
        "limraisg": "s",
        "amzbiog": "s",
        "empresa": null,
        "nombre": "Trairão",
        "estagio": "Eixo Disponível"
      },
      "geometry": {
        "type": "Point",
        "coordinates": [-55.838813888999937, -4.714262062999978, 0.0]
      }
    },
    {
      "type": "Feature",
      "properties": {
        "id_geo": "58926091284858",
        "tipo": "PCH",
        "pais": "Brasil",
        "fonte": "ANEEL,jun/2025",
        "pot_mw": 30.0,
        "leyenda": "en operación",
        "institucio": "ISA",
        "limraisg": "s",
        "amzbiog": "n",
        "empresa": "Telegráfica Energia S/A",
        "nombre": "Telegráfica",
        "estagio": "Operação"
      },
      "geometry": {
        "type": "Point",
        "coordinates": [-58.92609166799997, -12.848586226999942, 0.0]
      }
    },
    {
      "type": "Feature",
      "properties": {
        "id_geo": "47122691174607",
        "tipo": "PCH",
        "pais": "Brasil",
        "fonte": "ANEEL,jun/2025",
        "pot_mw": 5.7,
        "leyenda": "liberado para la construción",
        "institucio": "ISA",
        "limraisg": "s",
        "amzbiog": "n",
        "empresa": null,
        "nombre": "Alto Plano",
        "estagio": "Eixo Disponível"
      },
      "geometry": {
        "type": "Point",
        "coordinates": [-47.122699030999968, -11.746077420999939, 0.0]
      }
    },
    {
      "type": "Feature",
      "properties": {
        "id_geo": "61987509446944",
        "tipo": "PCH",
        "pais": "Brasil",
        "fonte": "ANEEL,jun/2025",
        "pot_mw": 10.5,
        "leyenda": "planeada",
        "institucio": "ISA",
        "limraisg": "s",
        "amzbiog": "s",
        "empresa": "Propower Geradora de Energia Ltda.",
        "nombre": "Machadinho I",
        "estagio": "Construção não iniciada"
      },
      "geometry": {
        "type": "Point",
        "coordinates": [-61.9875, -9.446944443999939, 0.0]
      }
    },
    {
      "type": "Feature",
      "properties": {
        "id_geo": "51774993126764",
        "tipo": "UHE",
        "pais": "Brasil",
        "fonte": "ANEEL,jun/2025",
        "pot_mw": 11233.1,
        "leyenda": "en operación",
        "institucio": "ISA",
        "limraisg": "s",
        "amzbiog": "s",
        "empresa": "Norte Energia S.A.",
        "nombre": "Belo Monte",
        "estagio": "Operação"
      },
      "geometry": {
        "type": "Point",
        "coordinates": [-51.775, -3.126764087999959, 0.0]
      }
    },
    {
      "type": "Feature",
      "properties": {
        "id_geo": "56921405187487",
        "tipo": "UHE",
        "pais": "Brasil",
        "fonte": "ANEEL,jun/2025",
        "pot_mw": 1649.92,
        "leyenda": "planeada",
        "institucio": "ISA",
        "limraisg": "s",
        "amzbiog": "s",
        "empresa": "Centrais Elétricas Brasileiras S.A. - ELETROBRÁS, Centrais Elétricas do Norte do Brasil S.A. - ELETRONORTE, Construções e Comércio Camargo Corrêa S.A. - CCCC, Eletricité de France S.A. - EDF, Cemig Geração e Transmissão S.A. - CEMIG GT",
        "nombre": "Jatobá",
        "estagio": "EVTE aceito"
      },
      "geometry": {
        "type": "Point",
        "coordinates": [-56.921403168999973, -5.187487676999979, 0.0]
      }
    },
    {
      "type": "Feature",
      "properties": {
        "id_geo": "55266384139722",
        "tipo": "PCH",
        "pais": "Brasil",
        "fonte": "ANEEL,jun/2025",
        "pot_mw": 5.5,
        "leyenda": "liberado para la construción",
        "institucio": "ISA",
        "limraisg": "s",
        "amzbiog": "s",
        "empresa": null,
        "nombre": "Jurubeba",
        "estagio": "Eixo Disponível"
      },
      "geometry": {
        "type": "Point",
        "coordinates": [-55.266388888999984, -4.139722221999932, 0.0]
      }
    },
    {
      "type": "Feature",
      "properties": {
        "id_geo": "47973241359818",
        "tipo": "PCH",
        "pais": "Brasil",
        "fonte": "ANEEL,jun/2025",
        "pot_mw": 5.4,
        "leyenda": "liberado para la construción",
        "institucio": "ISA",
        "limraisg": "s",
        "amzbiog": "n",
        "empresa": null,
        "nombre": "Larguinha",
        "estagio": "Eixo Disponível"
      },
      "geometry": {
        "type": "Point",
        "coordinates": [-47.973248746999957, -13.598185914999931, 0.0]
      }
    },
    {
      "type": "Feature",
      "properties": {
        "id_geo": "46764441178361",
        "tipo": "PCH",
        "pais": "Brasil",
        "fonte": "ANEEL,jun/2025",
        "pot_mw": 10.0,
        "leyenda": "liberado para la construción",
        "institucio": "ISA",
        "limraisg": "s",
        "amzbiog": "n",
        "empresa": null,
        "nombre": "Caetana",
        "estagio": "Eixo Disponível"
      },
      "geometry": {
        "type": "Point",
        "coordinates": [-46.76444444699996, -11.78361111199996, 0.0]
      }
    },
    {
      "type": "Feature",
      "properties": {
        "id_geo": "48304851383386",
        "tipo": "UHE",
        "pais": "Brasil",
        "fonte": "ANEEL,jun/2025",
        "pot_mw": 1275.0,
        "leyenda": "en operación",
        "institucio": "ISA",
        "limraisg": "s",
        "amzbiog": "n",
        "empresa": "Furnas Centrais Elétricas S/A.",
        "nombre": "Serra da Mesa",
        "estagio": "Operação"
      },
      "geometry": {
        "type": "Point",
        "coordinates": [-48.304857606999974, -13.833863619999931, 0.0]
      }
    },
    {
      "type": "Feature",
      "properties": {
        "id_geo": "58170051055722",
        "tipo": "UHE",
        "pais": "Brasil",
        "fonte": "ANEEL,jun/2025",
        "pot_mw": 252.0,
        "leyenda": "liberado para la construción",
        "institucio": "ISA",
        "limraisg": "s",
        "amzbiog": "s",
        "empresa": null,
        "nombre": "ARN-026",
        "estagio": "Eixo Disponível"
      },
      "geometry": {
        "type": "Point",
        "coordinates": [-58.170055553999987, -10.55722222199995, 0.0]
      }
    },
    {
      "type": "Feature",
      "properties": {
        "id_geo": "59336211468740",
        "tipo": "PCH",
        "pais": "Brasil",
        "fonte": "ANEEL,jun/2025",
        "pot_mw": 8.1,
        "leyenda": "en proyecto",
        "institucio": "ISA",
        "limraisg": "s",
        "amzbiog": "s",
        "empresa": "Frigorífico Nutribras S.A., Enebras Projetos de Usinas Hidrelétricas Ltda.",
        "nombre": "Atoleiro",
        "estagio": "DRI"
      },
      "geometry": {
        "type": "Point",
        "coordinates": [-59.336216666999974, -14.687402777999978, 0.0]
      }
    },
    {
      "type": "Feature",
      "properties": {
        "id_geo": "48023671381487",
        "tipo": "PCH",
        "pais": "Brasil",
        "fonte": "ANEEL,jun/2025",
        "pot_mw": 19.24,
        "leyenda": "liberado para la construción",
        "institucio": "ISA",
        "limraisg": "s",
        "amzbiog": "n",
        "empresa": null,
        "nombre": "Prata III",
        "estagio": "Eixo Disponível"
      },
      "geometry": {
        "type": "Point",
        "coordinates": [-48.023677777999978, -13.814877777999982, 0.0]
      }
    },
    {
      "type": "Feature",
      "properties": {
        "id_geo": "56277011534111",
        "tipo": "PCH",
        "pais": "Brasil",
        "fonte": "ANEEL,jun/2025",
        "pot_mw": 29.624,
        "leyenda": "en proyecto",
        "institucio": "ISA",
        "limraisg": "s",
        "amzbiog": "n",
        "empresa": "CER – Companhia de Energias Renováveis, Maturati Participações S.A., Meta Serviços e Projetos Ltda.",
        "nombre": "Iratambé I",
        "estagio": "DRS"
      },
      "geometry": {
        "type": "Point",
        "coordinates": [-56.27701517099996, -15.34111420499994, 0.0]
      }
    },
    {
      "type": "Feature",
      "properties": {
        "id_geo": "46199931430639",
        "tipo": "PCH",
        "pais": "Brasil",
        "fonte": "ANEEL,jun/2025",
        "pot_mw": 13.4,
        "leyenda": "en operación",
        "institucio": "ISA",
        "limraisg": "s",
        "amzbiog": "n",
        "empresa": "Riachão Energética S.A.",
        "nombre": "Riachão (Antiga Santa Edwiges I)",
        "estagio": "Operação"
      },
      "geometry": {
        "type": "Point",
        "coordinates": [-46.199933593999958, -14.306394195999928, 0.0]
      }
    },
    {
      "type": "Feature",
      "properties": {
        "id_geo": "45599165765555",
        "tipo": "PCH",
        "pais": "Brasil",
        "fonte": "ANEEL,jun/2025",
        "pot_mw": 12.2,
        "leyenda": "liberado para la construción",
        "institucio": "ISA",
        "limraisg": "s",
        "amzbiog": "n",
        "empresa": null,
        "nombre": "Engenho",
        "estagio": "Eixo Disponível"
      },
      "geometry": {
        "type": "Point",
        "coordinates": [-45.599166666999963, -5.765555555999981, 0.0]
      }
    },
    {
      "type": "Feature",
      "properties": {
        "id_geo": "55529581573944",
        "tipo": "PCH",
        "pais": "Brasil",
        "fonte": "ANEEL,jun/2025",
        "pot_mw": 18.0,
        "leyenda": "en operación",
        "institucio": "ISA",
        "limraisg": "s",
        "amzbiog": "n",
        "empresa": "São Tadeu Energética S.A.",
        "nombre": "São Tadeu I",
        "estagio": "Operação"
      },
      "geometry": {
        "type": "Point",
        "coordinates": [-55.529588888999967, -15.73945, 0.0]
      }
    },
    {
      "type": "Feature",
      "properties": {
        "id_geo": "46668151167563",
        "tipo": "PCH",
        "pais": "Brasil",
        "fonte": "ANEEL,jun/2025",
        "pot_mw": 14.04,
        "leyenda": "en operación",
        "institucio": "ISA",
        "limraisg": "s",
        "amzbiog": "n",
        "empresa": "Socibe Energia S.A.",
        "nombre": "Agro Trafo",
        "estagio": "Operação"
      },
      "geometry": {
        "type": "Point",
        "coordinates": [-46.668158333999941, -11.675638890999949, 0.0]
      }
    },
    {
      "type": "Feature",
      "properties": {
        "id_geo": "44569167232222",
        "tipo": "UHE",
        "pais": "Brasil",
        "fonte": "ANEEL,jun/2025",
        "pot_mw": 134.0,
        "leyenda": "planeada",
        "institucio": "ISA",
        "limraisg": "s",
        "amzbiog": "n",
        "empresa": "Companhia Hidro Elétrica do São Francisco – CHESF, Construtora Queiroz Galvão S.A.",
        "nombre": "Uruçuí",
        "estagio": "EVTE aceito"
      },
      "geometry": {
        "type": "Point",
        "coordinates": [-44.569166666999934, -7.232222221999962, 0.0]
      }
    },
    {
      "type": "Feature",
      "properties": {
        "id_geo": "55234644097592",
        "tipo": "PCH",
        "pais": "Brasil",
        "fonte": "ANEEL,jun/2025",
        "pot_mw": 34.0,
        "leyenda": "liberado para la construción",
        "institucio": "ISA",
        "limraisg": "s",
        "amzbiog": "s",
        "empresa": null,
        "nombre": "Sumaúma",
        "estagio": "Eixo Disponível"
      },
      "geometry": {
        "type": "Point",
        "coordinates": [-55.234645157999978, -4.097592023999937, 0.0]
      }
    },
    {
      "type": "Feature",
      "properties": {
        "id_geo": "56828521439177",
        "tipo": "PCH",
        "pais": "Brasil",
        "fonte": "ANEEL,jun/2025",
        "pot_mw": 14.758,
        "leyenda": "en operación",
        "institucio": "ISA",
        "limraisg": "s",
        "amzbiog": "s",
        "empresa": "Firenze Energética Ltda.",
        "nombre": "Santana I",
        "estagio": "Operação"
      },
      "geometry": {
        "type": "Point",
        "coordinates": [-56.828526526999951, -14.391776533999973, 0.0]
      }
    },
    {
      "type": "Feature",
      "properties": {
        "id_geo": "59457451022234",
        "tipo": "UHE",
        "pais": "Brasil",
        "fonte": "ANEEL,jun/2025",
        "pot_mw": 115.5,
        "leyenda": "liberado para la construción",
        "institucio": "ISA",
        "limraisg": "s",
        "amzbiog": "s",
        "empresa": null,
        "nombre": "Ilha Três Quedas",
        "estagio": "Eixo Disponível"
      },
      "geometry": {
        "type": "Point",
        "coordinates": [-59.457455954999944, -10.222342843999968, 0.0]
      }
    },
    {
      "type": "Feature",
      "properties": {
        "id_geo": "46068887164637",
        "tipo": "PCH",
        "pais": "Brasil",
        "fonte": "ANEEL,jun/2025",
        "pot_mw": 9.0,
        "leyenda": "en proyecto",
        "institucio": "ISA",
        "limraisg": "s",
        "amzbiog": "n",
        "empresa": "PEC Energia S.A.",
        "nombre": "Cachoeira",
        "estagio": "DRS"
      },
      "geometry": {
        "type": "Point",
        "coordinates": [-46.068887838999956, -7.164637869999979, 0.0]
      }
    },
    {
      "type": "Feature",
      "properties": {
        "id_geo": "58645001279141",
        "tipo": "PCH",
        "pais": "Brasil",
        "fonte": "ANEEL,jun/2025",
        "pot_mw": 9.15,
        "leyenda": "en proyecto",
        "institucio": "ISA",
        "limraisg": "s",
        "amzbiog": "n",
        "empresa": "Sapezal Energia Ltda.",
        "nombre": "SU-93",
        "estagio": "DRS"
      },
      "geometry": {
        "type": "Point",
        "coordinates": [-58.645008334999943, -12.791416668999943, 0.0]
      }
    },
    {
      "type": "Feature",
      "properties": {
        "id_geo": "46817661215250",
        "tipo": "PCH",
        "pais": "Brasil",
        "fonte": "ANEEL,jun/2025",
        "pot_mw": 25.6,
        "leyenda": "en operación",
        "institucio": "ISA",
        "limraisg": "s",
        "amzbiog": "n",
        "empresa": "Lagoa Grande Energética S.A.",
        "nombre": "Lagoa Grande",
        "estagio": "Operação"
      },
      "geometry": {
        "type": "Point",
        "coordinates": [-46.81766111099995, -12.152508332999957, 0.0]
      }
    },
    {
      "type": "Feature",
      "properties": {
        "id_geo": "58072771341666",
        "tipo": "PCH",
        "pais": "Brasil",
        "fonte": "ANEEL,jun/2025",
        "pot_mw": 11.8,
        "leyenda": "en proyecto",
        "institucio": "ISA",
        "limraisg": "s",
        "amzbiog": "n",
        "empresa": "Moxy Administração e Participações – Eireli, Flor de Lótus Participações Ltda.",
        "nombre": "Bom Jesus",
        "estagio": "DRI"
      },
      "geometry": {
        "type": "Point",
        "coordinates": [-58.072777777999931, -13.416666666999959, 0.0]
      }
    },
    {
      "type": "Feature",
      "properties": {
        "id_geo": "57612521310146",
        "tipo": "PCH",
        "pais": "Brasil",
        "fonte": "ANEEL,jun/2025",
        "pot_mw": 5.9,
        "leyenda": "en proyecto",
        "institucio": "ISA",
        "limraisg": "s",
        "amzbiog": "s",
        "empresa": "Global  Energia Elétrica S.A.",
        "nombre": "Membeca VIII",
        "estagio": "DRS"
      },
      "geometry": {
        "type": "Point",
        "coordinates": [-57.612525, -13.101466666999954, 0.0]
      }
    },
    {
      "type": "Feature",
      "properties": {
        "id_geo": "55785271487117",
        "tipo": "UHE",
        "pais": "Brasil",
        "fonte": "ANEEL,jun/2025",
        "pot_mw": 210.0,
        "leyenda": "en operación",
        "institucio": "ISA",
        "limraisg": "s",
        "amzbiog": "n",
        "empresa": "Produtores Energétios de Manso S.A., CENTRAIS ELETRICAS BRASILEIRAS SA ELETROBRAS",
        "nombre": "Manso",
        "estagio": "Operação"
      },
      "geometry": {
        "type": "Point",
        "coordinates": [-55.785276538999938, -14.871175064999932, 0.0]
      }
    },
    {
      "type": "Feature",
      "properties": {
        "id_geo": "57859161464333",
        "tipo": "PCH",
        "pais": "Brasil",
        "fonte": "ANEEL,jun/2025",
        "pot_mw": 13.5,
        "leyenda": "en proyecto",
        "institucio": "ISA",
        "limraisg": "s",
        "amzbiog": "s",
        "empresa": "Itamarati Norte S.A. - Agropecuária",
        "nombre": "Formoso II",
        "estagio": "DRS"
      },
      "geometry": {
        "type": "Point",
        "coordinates": [-57.85916668599998, -14.643333283999937, 0.0]
      }
    },
    {
      "type": "Feature",
      "properties": {
        "id_geo": "58433621295259",
        "tipo": "PCH",
        "pais": "Brasil",
        "fonte": "ANEEL,jun/2025",
        "pot_mw": 14.85,
        "leyenda": "liberado para la construción",
        "institucio": "ISA",
        "limraisg": "s",
        "amzbiog": "n",
        "empresa": null,
        "nombre": "A2E16",
        "estagio": "Eixo Disponível"
      },
      "geometry": {
        "type": "Point",
        "coordinates": [-58.433625, -12.952597221999952, 0.0]
      }
    },
    {
      "type": "Feature",
      "properties": {
        "id_geo": "53381381793138",
        "tipo": "PCH",
        "pais": "Brasil",
        "fonte": "ANEEL,jun/2025",
        "pot_mw": 20.88,
        "leyenda": "en operación",
        "institucio": "ISA",
        "limraisg": "s",
        "amzbiog": "n",
        "empresa": "Lajari Energética S.A.",
        "nombre": "Lajari",
        "estagio": "Operação"
      },
      "geometry": {
        "type": "Point",
        "coordinates": [-53.381388888999936, -17.931388888999948, 0.0]
      }
    },
    {
      "type": "Feature",
      "properties": {
        "id_geo": "54068951520286",
        "tipo": "PCH",
        "pais": "Brasil",
        "fonte": "ANEEL,jun/2025",
        "pot_mw": 5.4,
        "leyenda": "en proyecto",
        "institucio": "ISA",
        "limraisg": "s",
        "amzbiog": "n",
        "empresa": "Hidroelétrica Geóloga Lucimar Gomes Ltda.",
        "nombre": "Córrego Fundo",
        "estagio": "DRI"
      },
      "geometry": {
        "type": "Point",
        "coordinates": [-54.06895, -15.202861110999947, 0.0]
      }
    },
    {
      "type": "Feature",
      "properties": {
        "id_geo": "47963331533222",
        "tipo": "PCH",
        "pais": "Brasil",
        "fonte": "ANEEL,jun/2025",
        "pot_mw": 12.0,
        "leyenda": "planeada",
        "institucio": "ISA",
        "limraisg": "s",
        "amzbiog": "n",
        "empresa": "Viva Ambiental e Serviços Ltda.",
        "nombre": "Piquete",
        "estagio": "PB aceito"
      },
      "geometry": {
        "type": "Point",
        "coordinates": [-47.96333333299998, -15.332222221999928, 0.0]
      }
    },
    {
      "type": "Feature",
      "properties": {
        "id_geo": "56687261385581",
        "tipo": "PCH",
        "pais": "Brasil",
        "fonte": "ANEEL,jun/2025",
        "pot_mw": 13.3,
        "leyenda": "planeada",
        "institucio": "ISA",
        "limraisg": "s",
        "amzbiog": "n",
        "empresa": "Hidroeletrica Diamantino Ltda",
        "nombre": "Diamantino (Antiga Sumidouro)",
        "estagio": "Construção não iniciada"
      },
      "geometry": {
        "type": "Point",
        "coordinates": [-56.687261110999941, -13.85581111099998, 0.0]
      }
    },
    {
      "type": "Feature",
      "properties": {
        "id_geo": "58711221528734",
        "tipo": "PCH",
        "pais": "Brasil",
        "fonte": "ANEEL,jun/2025",
        "pot_mw": 19.0,
        "leyenda": "en operación",
        "institucio": "ISA",
        "limraisg": "s",
        "amzbiog": "s",
        "empresa": "Salto Jauru Energética S.A.",
        "nombre": "Salto",
        "estagio": "Operação"
      },
      "geometry": {
        "type": "Point",
        "coordinates": [-58.711227604999976, -15.28734062999996, 0.0]
      }
    },
    {
      "type": "Feature",
      "properties": {
        "id_geo": "55034118749690",
        "tipo": "PCH",
        "pais": "Brasil",
        "fonte": "ANEEL,jun/2025",
        "pot_mw": 20.0,
        "leyenda": "en operación",
        "institucio": "ISA",
        "limraisg": "s",
        "amzbiog": "s",
        "empresa": "Eletricidade Paraense S.A.",
        "nombre": "Salto Três de Maio",
        "estagio": "Operação"
      },
      "geometry": {
        "type": "Point",
        "coordinates": [-55.034119075999968, -8.749690491999957, 0.0]
      }
    },
    {
      "type": "Feature",
      "properties": {
        "id_geo": "53826111671333",
        "tipo": "PCH",
        "pais": "Brasil",
        "fonte": "ANEEL,jun/2025",
        "pot_mw": 25.57,
        "leyenda": "liberado para la construción",
        "institucio": "ISA",
        "limraisg": "s",
        "amzbiog": "n",
        "empresa": null,
        "nombre": "Santiago",
        "estagio": "Eixo Disponível"
      },
      "geometry": {
        "type": "Point",
        "coordinates": [-53.826111110999932, -16.71333333299998, 0.0]
      }
    },
    {
      "type": "Feature",
      "properties": {
        "id_geo": "50978611647166",
        "tipo": "PCH",
        "pais": "Brasil",
        "fonte": "ANEEL,jun/2025",
        "pot_mw": 9.6,
        "leyenda": "liberado para la construción",
        "institucio": "ISA",
        "limraisg": "s",
        "amzbiog": "n",
        "empresa": null,
        "nombre": "Caldeirão Jusante",
        "estagio": "Eixo Disponível"
      },
      "geometry": {
        "type": "Point",
        "coordinates": [-50.978611110999964, -16.471666666999965, 0.0]
      }
    },
    {
      "type": "Feature",
      "properties": {
        "id_geo": "47772491461972",
        "tipo": "PCH",
        "pais": "Brasil",
        "fonte": "ANEEL,jun/2025",
        "pot_mw": 5.25,
        "leyenda": "planeada",
        "institucio": "ISA",
        "limraisg": "s",
        "amzbiog": "n",
        "empresa": "RC Administração e Participações S/A",
        "nombre": "Buritizinho",
        "estagio": "PB aceito"
      },
      "geometry": {
        "type": "Point",
        "coordinates": [-47.7725, -14.61972222199995, 0.0]
      }
    },
    {
      "type": "Feature",
      "properties": {
        "id_geo": "53612771776111",
        "tipo": "PCH",
        "pais": "Brasil",
        "fonte": "ANEEL,jun/2025",
        "pot_mw": 16.5,
        "leyenda": "en proyecto",
        "institucio": "ISA",
        "limraisg": "s",
        "amzbiog": "n",
        "empresa": "RBO Energia S.A.",
        "nombre": "Orquídea",
        "estagio": "DRS"
      },
      "geometry": {
        "type": "Point",
        "coordinates": [-53.612777777999952, -17.761111110999934, 0.0]
      }
    },
    {
      "type": "Feature",
      "properties": {
        "id_geo": "58394271052433",
        "tipo": "UHE",
        "pais": "Brasil",
        "fonte": "ANEEL,jun/2025",
        "pot_mw": 510.0,
        "leyenda": "liberado para la construción",
        "institucio": "ISA",
        "limraisg": "s",
        "amzbiog": "s",
        "empresa": null,
        "nombre": "JRN-466",
        "estagio": "Eixo Disponível"
      },
      "geometry": {
        "type": "Point",
        "coordinates": [-58.394277777999946, -10.524333332999959, 0.0]
      }
    },
    {
      "type": "Feature",
      "properties": {
        "id_geo": "46230187845847",
        "tipo": "PCH",
        "pais": "Brasil",
        "fonte": "ANEEL,jun/2025",
        "pot_mw": 16.57,
        "leyenda": "liberado para la construción",
        "institucio": "ISA",
        "limraisg": "s",
        "amzbiog": "n",
        "empresa": null,
        "nombre": "Ferrugem (antiga A2E13)",
        "estagio": "Eixo Disponível"
      },
      "geometry": {
        "type": "Point",
        "coordinates": [-46.230180550999933, -7.845847219999939, 0.0]
      }
    },
    {
      "type": "Feature",
      "properties": {
        "id_geo": "59507541445730",
        "tipo": "PCH",
        "pais": "Brasil",
        "fonte": "ANEEL,jun/2025",
        "pot_mw": 27.0,
        "leyenda": "en operación",
        "institucio": "ISA",
        "limraisg": "s",
        "amzbiog": "s",
        "empresa": "Galera Centrais Elétricas S.A.",
        "nombre": "Salto Corgão",
        "estagio": "Operação"
      },
      "geometry": {
        "type": "Point",
        "coordinates": [-59.507541935999939, -14.457306529999926, 0.0]
      }
    },
    {
      "type": "Feature",
      "properties": {
        "id_geo": "56980621535181",
        "tipo": "PCH",
        "pais": "Brasil",
        "fonte": "ANEEL,jun/2025",
        "pot_mw": 9.5,
        "leyenda": "en proyecto",
        "institucio": "ISA",
        "limraisg": "s",
        "amzbiog": "n",
        "empresa": "Prospecto Participações e Negócios Ltda.",
        "nombre": "Araras",
        "estagio": "DRS"
      },
      "geometry": {
        "type": "Point",
        "coordinates": [-56.980628108999952, -15.351814958999967, 0.0]
      }
    },
    {
      "type": "Feature",
      "properties": {
        "id_geo": "51876943801944",
        "tipo": "PCH",
        "pais": "Brasil",
        "fonte": "ANEEL,jun/2025",
        "pot_mw": 7.5,
        "leyenda": "en construcción",
        "institucio": "ISA",
        "limraisg": "s",
        "amzbiog": "s",
        "empresa": "Sociedade Amapaense de Produção de Energia Elétrica Ltda.",
        "nombre": "Salto Cafesoca",
        "estagio": "Construção"
      },
      "geometry": {
        "type": "Point",
        "coordinates": [-51.876944443999946, 3.801944444000071, 0.0]
      }
    },
    {
      "type": "Feature",
      "properties": {
        "id_geo": "48143321340238",
        "tipo": "UHE",
        "pais": "Brasil",
        "fonte": "ANEEL,jun/2025",
        "pot_mw": 450.0,
        "leyenda": "en operación",
        "institucio": "ISA",
        "limraisg": "s",
        "amzbiog": "n",
        "empresa": "Engie Brasil Energia S.A.",
        "nombre": "Cana Brava",
        "estagio": "Operação"
      },
      "geometry": {
        "type": "Point",
        "coordinates": [-48.143329311999935, -13.402387141999952, 0.0]
      }
    },
    {
      "type": "Feature",
      "properties": {
        "id_geo": "59671276975151",
        "tipo": "PCH",
        "pais": "Brasil",
        "fonte": "ANEEL,jun/2025",
        "pot_mw": 15.8,
        "leyenda": "en proyecto",
        "institucio": "ISA",
        "limraisg": "s",
        "amzbiog": "s",
        "empresa": "Eletrossol – Centrais Elétricas Cassol Ltda.",
        "nombre": "J3",
        "estagio": "DRI"
      },
      "geometry": {
        "type": "Point",
        "coordinates": [-59.671274368999946, -6.97515126299993, 0.0]
      }
    },
    {
      "type": "Feature",
      "properties": {
        "id_geo": "47773751440826",
        "tipo": "PCH",
        "pais": "Brasil",
        "fonte": "ANEEL,jun/2025",
        "pot_mw": 26.1,
        "leyenda": "en proyecto",
        "institucio": "ISA",
        "limraisg": "s",
        "amzbiog": "n",
        "empresa": "RC Administração e Participações S/A",
        "nombre": "Bom Sucesso",
        "estagio": "DRS"
      },
      "geometry": {
        "type": "Point",
        "coordinates": [-47.773755555999969, -14.408269443999927, 0.0]
      }
    },
    {
      "type": "Feature",
      "properties": {
        "id_geo": "47052491010361",
        "tipo": "PCH",
        "pais": "Brasil",
        "fonte": "ANEEL,jun/2025",
        "pot_mw": 19.7,
        "leyenda": "liberado para la construción",
        "institucio": "ISA",
        "limraisg": "s",
        "amzbiog": "n",
        "empresa": null,
        "nombre": "Brejão Jusante",
        "estagio": "Eixo Disponível"
      },
      "geometry": {
        "type": "Point",
        "coordinates": [-47.0525, -10.103611110999964, 0.0]
      }
    },
    {
      "type": "Feature",
      "properties": {
        "id_geo": "53841871400514",
        "tipo": "PCH",
        "pais": "Brasil",
        "fonte": "ANEEL,jun/2025",
        "pot_mw": 6.1,
        "leyenda": "liberado para la construción",
        "institucio": "ISA",
        "limraisg": "s",
        "amzbiog": "n",
        "empresa": null,
        "nombre": "Barreiro",
        "estagio": "Eixo Disponível"
      },
      "geometry": {
        "type": "Point",
        "coordinates": [-53.84187099199994, -14.005148652999935, 0.0]
      }
    },
    {
      "type": "Feature",
      "properties": {
        "id_geo": "45088385344761",
        "tipo": "PCH",
        "pais": "Brasil",
        "fonte": "ANEEL,jun/2025",
        "pot_mw": 13.7,
        "leyenda": "en proyecto",
        "institucio": "ISA",
        "limraisg": "s",
        "amzbiog": "n",
        "empresa": "Rodrigo Pedroso Energia Ltda.",
        "nombre": "Côco",
        "estagio": "DRS"
      },
      "geometry": {
        "type": "Point",
        "coordinates": [-45.088388898999938, -5.34476107699993, 0.0]
      }
    },
    {
      "type": "Feature",
      "properties": {
        "id_geo": "47466486589097",
        "tipo": "UHE",
        "pais": "Brasil",
        "fonte": "ANEEL,jun/2025",
        "pot_mw": 1087.0,
        "leyenda": "en operación",
        "institucio": "ISA",
        "limraisg": "s",
        "amzbiog": "n",
        "empresa": "Companhia Energética Estretio S.A., Estreito Energia S.A., Estreito Participações S.A., Vale S.A.",
        "nombre": "Estreito",
        "estagio": "Operação"
      },
      "geometry": {
        "type": "Point",
        "coordinates": [-47.466480033999972, -6.589097409999965, 0.0]
      }
    },
    {
      "type": "Feature",
      "properties": {
        "id_geo": "58094241539929",
        "tipo": "PCH",
        "pais": "Brasil",
        "fonte": "ANEEL,jun/2025",
        "pot_mw": 13.5,
        "leyenda": "en proyecto",
        "institucio": "ISA",
        "limraisg": "s",
        "amzbiog": "s",
        "empresa": "São José Energia PCHs Ltda.",
        "nombre": "Cabaçal 1",
        "estagio": "DRS"
      },
      "geometry": {
        "type": "Point",
        "coordinates": [-58.094241666999949, -15.399291666999943, 0.0]
      }
    },
    {
      "type": "Feature",
      "properties": {
        "id_geo": "47842621357844",
        "tipo": "PCH",
        "pais": "Brasil",
        "fonte": "ANEEL,jun/2025",
        "pot_mw": 5.8,
        "leyenda": "liberado para la construción",
        "institucio": "ISA",
        "limraisg": "s",
        "amzbiog": "n",
        "empresa": null,
        "nombre": "Da Serra",
        "estagio": "Eixo Disponível"
      },
      "geometry": {
        "type": "Point",
        "coordinates": [-47.842629448999958, -13.578449095999929, 0.0]
      }
    },
    {
      "type": "Feature",
      "properties": {
        "id_geo": "59449441381472",
        "tipo": "PCH",
        "pais": "Brasil",
        "fonte": "ANEEL,jun/2025",
        "pot_mw": 10.307,
        "leyenda": "planeada",
        "institucio": "ISA",
        "limraisg": "s",
        "amzbiog": "n",
        "empresa": "Hidroelétrica Santa Luzia Ltda.",
        "nombre": "Santo Antônio (Antiga Comodoro)",
        "estagio": "Construção não iniciada"
      },
      "geometry": {
        "type": "Point",
        "coordinates": [-59.449444443999937, -13.814722221999943, 0.0]
      }
    },
    {
      "type": "Feature",
      "properties": {
        "id_geo": "55484444424722",
        "tipo": "PCH",
        "pais": "Brasil",
        "fonte": "ANEEL,jun/2025",
        "pot_mw": 22.0,
        "leyenda": "en proyecto",
        "institucio": "ISA",
        "limraisg": "s",
        "amzbiog": "s",
        "empresa": "Cienge - Engenharia e Comércio Ltda.",
        "nombre": "Jaborandi",
        "estagio": "DRS"
      },
      "geometry": {
        "type": "Point",
        "coordinates": [-55.484444450999945, -4.424722181999925, 0.0]
      }
    },
    {
      "type": "Feature",
      "properties": {
        "id_geo": "55014991618249",
        "tipo": "PCH",
        "pais": "Brasil",
        "fonte": "ANEEL,jun/2025",
        "pot_mw": 6.5,
        "leyenda": "en operación",
        "institucio": "ISA",
        "limraisg": "s",
        "amzbiog": "n",
        "empresa": "Energética PCH Beleza Ltda.",
        "nombre": "Beleza",
        "estagio": "Operação"
      },
      "geometry": { "type": "Point", "coordinates": [-55.015, -16.1825, 0.0] }
    },
    {
      "type": "Feature",
      "properties": {
        "id_geo": "53617701624591",
        "tipo": "PCH",
        "pais": "Brasil",
        "fonte": "ANEEL,jun/2025",
        "pot_mw": 18.0009,
        "leyenda": "en proyecto",
        "institucio": "ISA",
        "limraisg": "s",
        "amzbiog": "n",
        "empresa": "PEC Energia S.A.",
        "nombre": "Foz do Bandeira",
        "estagio": "DRS"
      },
      "geometry": {
        "type": "Point",
        "coordinates": [-53.617705555999976, -16.245919443999981, 0.0]
      }
    },
    {
      "type": "Feature",
      "properties": {
        "id_geo": "57644671226846",
        "tipo": "UHE",
        "pais": "Brasil",
        "fonte": "ANEEL,jun/2025",
        "pot_mw": 134.0,
        "leyenda": "liberado para la construción",
        "institucio": "ISA",
        "limraisg": "s",
        "amzbiog": "s",
        "empresa": null,
        "nombre": "Roncador",
        "estagio": "Eixo Disponível"
      },
      "geometry": {
        "type": "Point",
        "coordinates": [-57.644670327999961, -12.268466914999976, 0.0]
      }
    },
    {
      "type": "Feature",
      "properties": {
        "id_geo": "56423861493153",
        "tipo": "PCH",
        "pais": "Brasil",
        "fonte": "ANEEL,jun/2025",
        "pot_mw": 19.89,
        "leyenda": "en proyecto",
        "institucio": "ISA",
        "limraisg": "s",
        "amzbiog": "n",
        "empresa": "Maturati Participações S.A., Meta Serviços e Projetos Ltda.",
        "nombre": "Angatu II Montante",
        "estagio": "DRS"
      },
      "geometry": {
        "type": "Point",
        "coordinates": [-56.423869443999934, -14.931536110999957, 0.0]
      }
    },
    {
      "type": "Feature",
      "properties": {
        "id_geo": "48017101513377",
        "tipo": "PCH",
        "pais": "Brasil",
        "fonte": "ANEEL,jun/2025",
        "pot_mw": 9.99,
        "leyenda": "planeada",
        "institucio": "ISA",
        "limraisg": "s",
        "amzbiog": "n",
        "empresa": "Construtora LJA Ltda",
        "nombre": "Muçungo",
        "estagio": "Construção não iniciada"
      },
      "geometry": {
        "type": "Point",
        "coordinates": [-48.017108332999953, -15.133777221999935, 0.0]
      }
    },
    {
      "type": "Feature",
      "properties": {
        "id_geo": "62146241192638",
        "tipo": "PCH",
        "pais": "Brasil",
        "fonte": "ANEEL,jun/2025",
        "pot_mw": 9.801,
        "leyenda": "en operación",
        "institucio": "ISA",
        "limraisg": "s",
        "amzbiog": "s",
        "empresa": "Hidroelétrica Cachimbo Alto Ltda.",
        "nombre": "Cachoeira Cachimbo Alto",
        "estagio": "Operação"
      },
      "geometry": {
        "type": "Point",
        "coordinates": [-62.146247221999943, -11.92638055599997, 0.0]
      }
    },
    {
      "type": "Feature",
      "properties": {
        "id_geo": "66169708840300",
        "tipo": "PCH",
        "pais": "Brasil",
        "fonte": "ANEEL,jun/2025",
        "pot_mw": 30.0,
        "leyenda": "en proyecto",
        "institucio": "ISA",
        "limraisg": "s",
        "amzbiog": "s",
        "empresa": "NORTE SUL GERACAO DE ENERGIA LTDA",
        "nombre": "Cachoeira do Meio",
        "estagio": "DRS"
      },
      "geometry": {
        "type": "Point",
        "coordinates": [-66.169706928999972, -8.840300605999971, 0.0]
      }
    },
    {
      "type": "Feature",
      "properties": {
        "id_geo": "55028054388611",
        "tipo": "PCH",
        "pais": "Brasil",
        "fonte": "ANEEL,jun/2025",
        "pot_mw": 5.1,
        "leyenda": "liberado para la construción",
        "institucio": "ISA",
        "limraisg": "s",
        "amzbiog": "s",
        "empresa": null,
        "nombre": "Manacá",
        "estagio": "Eixo Disponível"
      },
      "geometry": {
        "type": "Point",
        "coordinates": [-55.02805555599997, -4.388611110999932, 0.0]
      }
    },
    {
      "type": "Feature",
      "properties": {
        "id_geo": "49900001573361",
        "tipo": "PCH",
        "pais": "Brasil",
        "fonte": "ANEEL,jun/2025",
        "pot_mw": 13.0,
        "leyenda": "liberado para la construción",
        "institucio": "ISA",
        "limraisg": "s",
        "amzbiog": "n",
        "empresa": null,
        "nombre": "Capoeira",
        "estagio": "Eixo Disponível"
      },
      "geometry": {
        "type": "Point",
        "coordinates": [-49.9, -15.733611110999959, 0.0]
      }
    },
    {
      "type": "Feature",
      "properties": {
        "id_geo": "54410731537817",
        "tipo": "PCH",
        "pais": "Brasil",
        "fonte": "ANEEL,jun/2025",
        "pot_mw": 18.0,
        "leyenda": "en proyecto",
        "institucio": "ISA",
        "limraisg": "s",
        "amzbiog": "n",
        "empresa": "Hidroelétrica Vila União Ltda.",
        "nombre": "Vila União",
        "estagio": "DRS"
      },
      "geometry": {
        "type": "Point",
        "coordinates": [-54.410733332999939, -15.378175, 0.0]
      }
    },
    {
      "type": "Feature",
      "properties": {
        "id_geo": "46369171341219",
        "tipo": "PCH",
        "pais": "Brasil",
        "fonte": "ANEEL,jun/2025",
        "pot_mw": 24.66,
        "leyenda": "en operación",
        "institucio": "ISA",
        "limraisg": "s",
        "amzbiog": "n",
        "empresa": "Santa Cruz Power Corporation Usinas Hidroelétricas S.A.",
        "nombre": "São Domingos II",
        "estagio": "Operação"
      },
      "geometry": {
        "type": "Point",
        "coordinates": [-46.369172467999931, -13.412197338999931, 0.0]
      }
    },
    {
      "type": "Feature",
      "properties": {
        "id_geo": "54732009540477",
        "tipo": "PCH",
        "pais": "Brasil",
        "fonte": "ANEEL,jun/2025",
        "pot_mw": 9.5,
        "leyenda": "planeada",
        "institucio": "ISA",
        "limraisg": "s",
        "amzbiog": "s",
        "empresa": "Prospecto Participações e Negócios Ltda., Vila Energia Renovável S/S Ltda, KA Energia Ltda.",
        "nombre": "Braço Sul",
        "estagio": "Construção não iniciada"
      },
      "geometry": {
        "type": "Point",
        "coordinates": [-54.732005555999933, -9.540477777999968, 0.0]
      }
    },
    {
      "type": "Feature",
      "properties": {
        "id_geo": "60959718421426",
        "tipo": "UHE",
        "pais": "Brasil",
        "fonte": "ANEEL,jun/2025",
        "pot_mw": 361.1,
        "leyenda": "liberado para la construción",
        "institucio": "ISA",
        "limraisg": "s",
        "amzbiog": "s",
        "empresa": null,
        "nombre": "Inferninho",
        "estagio": "Eixo Disponível"
      },
      "geometry": {
        "type": "Point",
        "coordinates": [-60.959719709999945, -8.421426183999927, 0.0]
      }
    },
    {
      "type": "Feature",
      "properties": {
        "id_geo": "53774322055333",
        "tipo": "UHE",
        "pais": "Brasil",
        "fonte": "ANEEL,jun/2025",
        "pot_mw": 225.7,
        "leyenda": "liberado para la construción",
        "institucio": "ISA",
        "limraisg": "s",
        "amzbiog": "s",
        "empresa": null,
        "nombre": "A17PA118",
        "estagio": "Eixo Disponível"
      },
      "geometry": {
        "type": "Point",
        "coordinates": [-53.774327777999986, -0.205533332999948, 0.0]
      }
    },
    {
      "type": "Feature",
      "properties": {
        "id_geo": "56777999351509",
        "tipo": "UHE",
        "pais": "Brasil",
        "fonte": "ANEEL,jun/2025",
        "pot_mw": 1819.8,
        "leyenda": "en operación",
        "institucio": "ISA",
        "limraisg": "s",
        "amzbiog": "s",
        "empresa": "Companhia Hidrelétrica Teles Pires",
        "nombre": "Teles Pires",
        "estagio": "Operação"
      },
      "geometry": {
        "type": "Point",
        "coordinates": [-56.777993610999943, -9.35150944399993, 0.0]
      }
    },
    {
      "type": "Feature",
      "properties": {
        "id_geo": "53139441716972",
        "tipo": "UHE",
        "pais": "Brasil",
        "fonte": "ANEEL,jun/2025",
        "pot_mw": 150.0,
        "leyenda": "planeada",
        "institucio": "ISA",
        "limraisg": "s",
        "amzbiog": "n",
        "empresa": "Pacto Geração e Transmissão S.A., Mega Comercializadora de Energia Elétrica Ltda.,",
        "nombre": "Couto Magalhães",
        "estagio": "EVTE em elaboração"
      },
      "geometry": {
        "type": "Point",
        "coordinates": [-53.139444443999935, -17.169722221999962, 0.0]
      }
    },
    {
      "type": "Feature",
      "properties": {
        "id_geo": "51399651644150",
        "tipo": "PCH",
        "pais": "Brasil",
        "fonte": "ANEEL,jun/2025",
        "pot_mw": 30.0,
        "leyenda": "en operación",
        "institucio": "ISA",
        "limraisg": "s",
        "amzbiog": "n",
        "empresa": "Rialma Companhia Energética IV S.A.",
        "nombre": "Santo Antônio do Caiapó",
        "estagio": "Operação"
      },
      "geometry": {
        "type": "Point",
        "coordinates": [-51.399655761999952, -16.441508448999969, 0.0]
      }
    },
    {
      "type": "Feature",
      "properties": {
        "id_geo": "58749001504388",
        "tipo": "PCH",
        "pais": "Brasil",
        "fonte": "ANEEL,jun/2025",
        "pot_mw": 21.96,
        "leyenda": "en operación",
        "institucio": "ISA",
        "limraisg": "s",
        "amzbiog": "s",
        "empresa": "Alto Jauru Energética S/A.",
        "nombre": "Antônio Brennand (Antiga Alto Jauru)",
        "estagio": "Operação"
      },
      "geometry": {
        "type": "Point",
        "coordinates": [-58.749007469999981, -15.043885127999943, 0.0]
      }
    },
    {
      "type": "Feature",
      "properties": {
        "id_geo": "53581901333332",
        "tipo": "PCH",
        "pais": "Brasil",
        "fonte": "ANEEL,jun/2025",
        "pot_mw": 11.2,
        "leyenda": "en proyecto",
        "institucio": "ISA",
        "limraisg": "s",
        "amzbiog": "s",
        "empresa": "Energebrasil Hidrelétrica Ltda.",
        "nombre": "Santa Cruz",
        "estagio": "DRS"
      },
      "geometry": {
        "type": "Point",
        "coordinates": [-53.581901658999982, -13.333320017999938, 0.0]
      }
    },
    {
      "type": "Feature",
      "properties": {
        "id_geo": "54412071538114",
        "tipo": "PCH",
        "pais": "Brasil",
        "fonte": "ANEEL,jun/2025",
        "pot_mw": 8.12,
        "leyenda": "en operación",
        "institucio": "ISA",
        "limraisg": "s",
        "amzbiog": "n",
        "empresa": "Primavera Energia S.A.",
        "nombre": "Primavera",
        "estagio": "Operação"
      },
      "geometry": {
        "type": "Point",
        "coordinates": [-54.412077777999968, -15.381144443999972, 0.0]
      }
    },
    {
      "type": "Feature",
      "properties": {
        "id_geo": "59030141354433",
        "tipo": "PCH",
        "pais": "Brasil",
        "fonte": "ANEEL,jun/2025",
        "pot_mw": 7.6,
        "leyenda": "en operación",
        "institucio": "ISA",
        "limraisg": "s",
        "amzbiog": "n",
        "empresa": "Maggi Energia S.A.",
        "nombre": "Santa Lúcia II",
        "estagio": "Operação"
      },
      "geometry": {
        "type": "Point",
        "coordinates": [-59.030147985999974, -13.544332079999947, 0.0]
      }
    },
    {
      "type": "Feature",
      "properties": {
        "id_geo": "58598751340539",
        "tipo": "PCH",
        "pais": "Brasil",
        "fonte": "ANEEL,jun/2025",
        "pot_mw": 10.0,
        "leyenda": "en operación",
        "institucio": "ISA",
        "limraisg": "s",
        "amzbiog": "n",
        "empresa": "Electra Buriti SPE S.A.",
        "nombre": "Buriti",
        "estagio": "Operação"
      },
      "geometry": {
        "type": "Point",
        "coordinates": [-58.598755558999983, -13.405394440999942, 0.0]
      }
    },
    {
      "type": "Feature",
      "properties": {
        "id_geo": "46596441193889",
        "tipo": "PCH",
        "pais": "Brasil",
        "fonte": "ANEEL,jun/2025",
        "pot_mw": 8.0,
        "leyenda": "en proyecto",
        "institucio": "ISA",
        "limraisg": "s",
        "amzbiog": "n",
        "empresa": "Agrícola Sete Campos Ltda.",
        "nombre": "Ribeirão do Salto",
        "estagio": "DRS"
      },
      "geometry": {
        "type": "Point",
        "coordinates": [-46.596449998999958, -11.93889444399997, 0.0]
      }
    },
    {
      "type": "Feature",
      "properties": {
        "id_geo": "58004721367749",
        "tipo": "PCH",
        "pais": "Brasil",
        "fonte": "ANEEL,jun/2025",
        "pot_mw": 6.3,
        "leyenda": "liberado para la construción",
        "institucio": "ISA",
        "limraisg": "s",
        "amzbiog": "n",
        "empresa": null,
        "nombre": "Tiradentes",
        "estagio": "Eixo Disponível"
      },
      "geometry": {
        "type": "Point",
        "coordinates": [-58.004722221999941, -13.6775, 0.0]
      }
    },
    {
      "type": "Feature",
      "properties": {
        "id_geo": "49734161565138",
        "tipo": "PCH",
        "pais": "Brasil",
        "fonte": "ANEEL,jun/2025",
        "pot_mw": 9.3,
        "leyenda": "liberado para la construción",
        "institucio": "ISA",
        "limraisg": "s",
        "amzbiog": "n",
        "empresa": null,
        "nombre": "Heitoraí",
        "estagio": "Eixo Disponível"
      },
      "geometry": {
        "type": "Point",
        "coordinates": [-49.734166666999954, -15.651388888999975, 0.0]
      }
    },
    {
      "type": "Feature",
      "properties": {
        "id_geo": "54960658742277",
        "tipo": "PCH",
        "pais": "Brasil",
        "fonte": "ANEEL,jun/2025",
        "pot_mw": 30.0,
        "leyenda": "en operación",
        "institucio": "ISA",
        "limraisg": "s",
        "amzbiog": "s",
        "empresa": "Curuá Energia S.A.",
        "nombre": "Salto Curuá",
        "estagio": "Operação"
      },
      "geometry": {
        "type": "Point",
        "coordinates": [-54.960656813999947, -8.74227799199997, 0.0]
      }
    },
    {
      "type": "Feature",
      "properties": {
        "id_geo": "59914581390441",
        "tipo": "PCH",
        "pais": "Brasil",
        "fonte": "ANEEL,jun/2025",
        "pot_mw": 10.0,
        "leyenda": "en proyecto",
        "institucio": "ISA",
        "limraisg": "s",
        "amzbiog": "s",
        "empresa": "Campo Roxo Administração e Participação S/S Ltda.",
        "nombre": "Piolhinho",
        "estagio": "DRS"
      },
      "geometry": {
        "type": "Point",
        "coordinates": [-59.914583332999939, -13.904416666999964, 0.0]
      }
    },
    {
      "type": "Feature",
      "properties": {
        "id_geo": "55043361609635",
        "tipo": "PCH",
        "pais": "Brasil",
        "fonte": "ANEEL,jun/2025",
        "pot_mw": 13.05,
        "leyenda": "en operación",
        "institucio": "ISA",
        "limraisg": "s",
        "amzbiog": "n",
        "empresa": "Usina Elétrica do Prata S.A.",
        "nombre": "Água Brava",
        "estagio": "Operação"
      },
      "geometry": {
        "type": "Point",
        "coordinates": [-55.04336944399995, -16.096352777999982, 0.0]
      }
    },
    {
      "type": "Feature",
      "properties": {
        "id_geo": "53256311385209",
        "tipo": "PCH",
        "pais": "Brasil",
        "fonte": "ANEEL,jun/2025",
        "pot_mw": 29.02,
        "leyenda": "en operación",
        "institucio": "ISA",
        "limraisg": "s",
        "amzbiog": "n",
        "empresa": "Paranatinga Energia S.A.",
        "nombre": "Paranatinga II",
        "estagio": "Operação"
      },
      "geometry": {
        "type": "Point",
        "coordinates": [-53.256311110999945, -13.85209361099993, 0.0]
      }
    },
    {
      "type": "Feature",
      "properties": {
        "id_geo": "61039721245666",
        "tipo": "PCH",
        "pais": "Brasil",
        "fonte": "ANEEL,jun/2025",
        "pot_mw": 8.7,
        "leyenda": "en proyecto",
        "institucio": "ISA",
        "limraisg": "s",
        "amzbiog": "s",
        "empresa": "Hidroeletrica Pimenta Buento Ltda",
        "nombre": "MU 2",
        "estagio": "DRI"
      },
      "geometry": {
        "type": "Point",
        "coordinates": [-61.039722221999966, -12.456666666999979, 0.0]
      }
    },
    {
      "type": "Feature",
      "properties": {
        "id_geo": "46859071247449",
        "tipo": "PCH",
        "pais": "Brasil",
        "fonte": "ANEEL,jun/2025",
        "pot_mw": 9.8,
        "leyenda": "liberado para la construción",
        "institucio": "ISA",
        "limraisg": "s",
        "amzbiog": "n",
        "empresa": null,
        "nombre": "Fazenda Sapê",
        "estagio": "Eixo Disponível"
      },
      "geometry": {
        "type": "Point",
        "coordinates": [-46.859072221999952, -12.4745, 0.0]
      }
    },
    {
      "type": "Feature",
      "properties": {
        "id_geo": "58314726502222",
        "tipo": "UHE",
        "pais": "Brasil",
        "fonte": "ANEEL,jun/2025",
        "pot_mw": 3336.0,
        "leyenda": "liberado para la construción",
        "institucio": "ISA",
        "limraisg": "s",
        "amzbiog": "s",
        "empresa": null,
        "nombre": "Chacorão",
        "estagio": "Eixo Disponível"
      },
      "geometry": {
        "type": "Point",
        "coordinates": [-58.314722221999943, -6.502222221999943, 0.0]
      }
    },
    {
      "type": "Feature",
      "properties": {
        "id_geo": "55983054428439",
        "tipo": "PCH",
        "pais": "Brasil",
        "fonte": "ANEEL,jun/2025",
        "pot_mw": 23.0,
        "leyenda": "en proyecto",
        "institucio": "ISA",
        "limraisg": "s",
        "amzbiog": "s",
        "empresa": "Cachoeira di Ebrio Geradora de energia Spe Ltda",
        "nombre": "Cachoeira do Ébrio",
        "estagio": "DRS"
      },
      "geometry": {
        "type": "Point",
        "coordinates": [-55.983057419999966, -4.428439005999962, 0.0]
      }
    },
    {
      "type": "Feature",
      "properties": {
        "id_geo": "57497841295136",
        "tipo": "PCH",
        "pais": "Brasil",
        "fonte": "ANEEL,jun/2025",
        "pot_mw": 6.6,
        "leyenda": "liberado para la construción",
        "institucio": "ISA",
        "limraisg": "s",
        "amzbiog": "s",
        "empresa": null,
        "nombre": "Membeca IV",
        "estagio": "Eixo Disponível"
      },
      "geometry": {
        "type": "Point",
        "coordinates": [-57.497841666999932, -12.951366666999945, 0.0]
      }
    },
    {
      "type": "Feature",
      "properties": {
        "id_geo": "59076261279355",
        "tipo": "UHE",
        "pais": "Brasil",
        "fonte": "ANEEL,jun/2025",
        "pot_mw": 107.0,
        "leyenda": "planeada",
        "institucio": "ISA",
        "limraisg": "s",
        "amzbiog": "n",
        "empresa": "Pan Partners Administração Patrimonial Ltda.",
        "nombre": "JUI-029b",
        "estagio": "EVTE em elaboração"
      },
      "geometry": {
        "type": "Point",
        "coordinates": [-59.076261110999951, -12.793558332999964, 0.0]
      }
    },
    {
      "type": "Feature",
      "properties": {
        "id_geo": "46363691289282",
        "tipo": "PCH",
        "pais": "Brasil",
        "fonte": "ANEEL,jun/2025",
        "pot_mw": 5.8,
        "leyenda": "en proyecto",
        "institucio": "ISA",
        "limraisg": "s",
        "amzbiog": "n",
        "empresa": "Energetica Mosquito S/A.",
        "nombre": "São Bartolomeu",
        "estagio": "DRS"
      },
      "geometry": {
        "type": "Point",
        "coordinates": [-46.363694022999937, -12.892828237999936, 0.0]
      }
    },
    {
      "type": "Feature",
      "properties": {
        "id_geo": "57756941467943",
        "tipo": "PCH",
        "pais": "Brasil",
        "fonte": "ANEEL,jun/2025",
        "pot_mw": 28.0,
        "leyenda": "en proyecto",
        "institucio": "ISA",
        "limraisg": "s",
        "amzbiog": "s",
        "empresa": "J. Malucelli Energia S.A.\r\nEnergia S.A.",
        "nombre": "Paiaguás",
        "estagio": "DRS"
      },
      "geometry": {
        "type": "Point",
        "coordinates": [-57.756948334999947, -14.679438690999973, 0.0]
      }
    },
    {
      "type": "Feature",
      "properties": {
        "id_geo": "53687731791125",
        "tipo": "PCH",
        "pais": "Brasil",
        "fonte": "ANEEL,jun/2025",
        "pot_mw": 14.0,
        "leyenda": "en proyecto",
        "institucio": "ISA",
        "limraisg": "s",
        "amzbiog": "n",
        "empresa": "PEC Energia S.A.",
        "nombre": "Hortência",
        "estagio": "DRS"
      },
      "geometry": {
        "type": "Point",
        "coordinates": [-53.687736110999936, -17.911252777999948, 0.0]
      }
    },
    {
      "type": "Feature",
      "properties": {
        "id_geo": "55455031626254",
        "tipo": "PCH",
        "pais": "Brasil",
        "fonte": "ANEEL,jun/2025",
        "pot_mw": 10.0,
        "leyenda": "en proyecto",
        "institucio": "ISA",
        "limraisg": "s",
        "amzbiog": "n",
        "empresa": "Santo Antônio Energética SPE S/A",
        "nombre": "Colibri",
        "estagio": "DRS"
      },
      "geometry": {
        "type": "Point",
        "coordinates": [-55.45503055599994, -16.262541666999937, 0.0]
      }
    },
    {
      "type": "Feature",
      "properties": {
        "id_geo": "59446471448975",
        "tipo": "PCH",
        "pais": "Brasil",
        "fonte": "ANEEL,jun/2025",
        "pot_mw": 13.0,
        "leyenda": "en proyecto",
        "institucio": "ISA",
        "limraisg": "s",
        "amzbiog": "n",
        "empresa": "Rio Galera Energética S.A.",
        "nombre": "Galera",
        "estagio": "DRS"
      },
      "geometry": {
        "type": "Point",
        "coordinates": [-59.446472221999954, -14.489758332999941, 0.0]
      }
    },
    {
      "type": "Feature",
      "properties": {
        "id_geo": "58579931322853",
        "tipo": "PCH",
        "pais": "Brasil",
        "fonte": "ANEEL,jun/2025",
        "pot_mw": 10.65,
        "leyenda": "liberado para la construción",
        "institucio": "ISA",
        "limraisg": "s",
        "amzbiog": "n",
        "empresa": null,
        "nombre": "A2E13",
        "estagio": "Eixo Disponível"
      },
      "geometry": {
        "type": "Point",
        "coordinates": [-58.579938888999948, -13.228533332999973, 0.0]
      }
    },
    {
      "type": "Feature",
      "properties": {
        "id_geo": "46351411298615",
        "tipo": "PCH",
        "pais": "Brasil",
        "fonte": "ANEEL,jun/2025",
        "pot_mw": 5.6,
        "leyenda": "liberado para la construción",
        "institucio": "ISA",
        "limraisg": "s",
        "amzbiog": "n",
        "empresa": null,
        "nombre": "Pouso Alto",
        "estagio": "Eixo Disponível"
      },
      "geometry": {
        "type": "Point",
        "coordinates": [-46.351413824999952, -12.986154212999963, 0.0]
      }
    },
    {
      "type": "Feature",
      "properties": {
        "id_geo": "53764991521875",
        "tipo": "PCH",
        "pais": "Brasil",
        "fonte": "ANEEL,jun/2025",
        "pot_mw": 7.5,
        "leyenda": "liberado para la construción",
        "institucio": "ISA",
        "limraisg": "s",
        "amzbiog": "n",
        "empresa": null,
        "nombre": "Matrinxã",
        "estagio": "Eixo Disponível"
      },
      "geometry": {
        "type": "Point",
        "coordinates": [-53.765, -15.218755555999962, 0.0]
      }
    },
    {
      "type": "Feature",
      "properties": {
        "id_geo": "62181101191025",
        "tipo": "PCH",
        "pais": "Brasil",
        "fonte": "ANEEL,jun/2025",
        "pot_mw": 6.9,
        "leyenda": "en operación",
        "institucio": "ISA",
        "limraisg": "s",
        "amzbiog": "s",
        "empresa": "Hidrossol Hidroelétricas Cassol Ltda.",
        "nombre": "Rio Branco",
        "estagio": "Operação"
      },
      "geometry": {
        "type": "Point",
        "coordinates": [-62.181109153999955, -11.910258039999974, 0.0]
      }
    },
    {
      "type": "Feature",
      "properties": {
        "id_geo": "52624161628361",
        "tipo": "UHE",
        "pais": "Brasil",
        "fonte": "ANEEL,jun/2025",
        "pot_mw": 408.0,
        "leyenda": "liberado para la construción",
        "institucio": "ISA",
        "limraisg": "s",
        "amzbiog": "n",
        "empresa": null,
        "nombre": "Torixoréu",
        "estagio": "Eixo Disponível"
      },
      "geometry": {
        "type": "Point",
        "coordinates": [-52.62416666699994, -16.283611110999971, 0.0]
      }
    },
    {
      "type": "Feature",
      "properties": {
        "id_geo": "58621801483868",
        "tipo": "PCH",
        "pais": "Brasil",
        "fonte": "ANEEL,jun/2025",
        "pot_mw": 9.9,
        "leyenda": "en construcción",
        "institucio": "ISA",
        "limraisg": "s",
        "amzbiog": "n",
        "empresa": "PCH Jauru S.A.",
        "nombre": "Estivadinho 3",
        "estagio": "Construção"
      },
      "geometry": {
        "type": "Point",
        "coordinates": [-58.621808329999965, -14.83868887999995, 0.0]
      }
    },
    {
      "type": "Feature",
      "properties": {
        "id_geo": "60469891239462",
        "tipo": "PCH",
        "pais": "Brasil",
        "fonte": "ANEEL,jun/2025",
        "pot_mw": 10.0,
        "leyenda": "liberado para la construción",
        "institucio": "ISA",
        "limraisg": "s",
        "amzbiog": "s",
        "empresa": null,
        "nombre": "Foz do Ávila",
        "estagio": "Eixo Disponível"
      },
      "geometry": {
        "type": "Point",
        "coordinates": [-60.46989972199998, -12.394623055999944, 0.0]
      }
    },
    {
      "type": "Feature",
      "properties": {
        "id_geo": "58703491292355",
        "tipo": "PCH",
        "pais": "Brasil",
        "fonte": "ANEEL,jun/2025",
        "pot_mw": 5.75,
        "leyenda": "liberado para la construción",
        "institucio": "ISA",
        "limraisg": "s",
        "amzbiog": "n",
        "empresa": null,
        "nombre": "SU-127",
        "estagio": "Eixo Disponível"
      },
      "geometry": {
        "type": "Point",
        "coordinates": [-58.7035, -12.92355555599994, 0.0]
      }
    },
    {
      "type": "Feature",
      "properties": {
        "id_geo": "46770041189098",
        "tipo": "PCH",
        "pais": "Brasil",
        "fonte": "ANEEL,jun/2025",
        "pot_mw": 16.0,
        "leyenda": "en operación",
        "institucio": "ISA",
        "limraisg": "s",
        "amzbiog": "n",
        "empresa": "Boa Sorte Energética S.A.",
        "nombre": "Boa Sorte",
        "estagio": "Operação"
      },
      "geometry": {
        "type": "Point",
        "coordinates": [-46.770049674999939, -11.890989023999964, 0.0]
      }
    },
    {
      "type": "Feature",
      "properties": {
        "id_geo": "50928051617777",
        "tipo": "PCH",
        "pais": "Brasil",
        "fonte": "ANEEL,jun/2025",
        "pot_mw": 13.0,
        "leyenda": "liberado para la construción",
        "institucio": "ISA",
        "limraisg": "s",
        "amzbiog": "n",
        "empresa": null,
        "nombre": "Jaupaci",
        "estagio": "Eixo Disponível"
      },
      "geometry": {
        "type": "Point",
        "coordinates": [-50.928055555999947, -16.17777777799995, 0.0]
      }
    },
    {
      "type": "Feature",
      "properties": {
        "id_geo": "62179631198543",
        "tipo": "PCH",
        "pais": "Brasil",
        "fonte": "ANEEL,jun/2025",
        "pot_mw": 5.28,
        "leyenda": "en operación",
        "institucio": "ISA",
        "limraisg": "s",
        "amzbiog": "s",
        "empresa": "Hidroluz Centrais Elétricas Ltda.",
        "nombre": "Saldanha",
        "estagio": "Operação"
      },
      "geometry": {
        "type": "Point",
        "coordinates": [-62.179630431999954, -11.985439336999946, 0.0]
      }
    },
    {
      "type": "Feature",
      "properties": {
        "id_geo": "46752831173815",
        "tipo": "PCH",
        "pais": "Brasil",
        "fonte": "ANEEL,jun/2025",
        "pot_mw": 5.04,
        "leyenda": "en operación",
        "institucio": "ISA",
        "limraisg": "s",
        "amzbiog": "n",
        "empresa": "Tocantins Energética S.A.",
        "nombre": "Diacal II",
        "estagio": "Operação"
      },
      "geometry": {
        "type": "Point",
        "coordinates": [-46.752832976999969, -11.738158968999926, 0.0]
      }
    },
    {
      "type": "Feature",
      "properties": {
        "id_geo": "63759169986388",
        "tipo": "PCH",
        "pais": "Brasil",
        "fonte": "ANEEL,jun/2025",
        "pot_mw": 12.3,
        "leyenda": "planeada",
        "institucio": "ISA",
        "limraisg": "s",
        "amzbiog": "s",
        "empresa": "Propower Geradora de Energia Ltda.",
        "nombre": "Cachoeira Formosa",
        "estagio": "Construção não iniciada"
      },
      "geometry": {
        "type": "Point",
        "coordinates": [-63.759166666999988, -9.986388888999954, 0.0]
      }
    },
    {
      "type": "Feature",
      "properties": {
        "id_geo": "59034011331742",
        "tipo": "PCH",
        "pais": "Brasil",
        "fonte": "ANEEL,jun/2025",
        "pot_mw": 22.302,
        "leyenda": "en operación",
        "institucio": "ISA",
        "limraisg": "s",
        "amzbiog": "n",
        "empresa": "Jesuíta Energia S.A.",
        "nombre": "Jesuíta",
        "estagio": "Operação"
      },
      "geometry": {
        "type": "Point",
        "coordinates": [-59.034016666999946, -13.317427777999967, 0.0]
      }
    },
    {
      "type": "Feature",
      "properties": {
        "id_geo": "57819891487859",
        "tipo": "PCH",
        "pais": "Brasil",
        "fonte": "ANEEL,jun/2025",
        "pot_mw": 10.5,
        "leyenda": "liberado para la construción",
        "institucio": "ISA",
        "limraisg": "s",
        "amzbiog": "s",
        "empresa": "Corredeira Energética Ltda.",
        "nombre": "Corredeira",
        "estagio": "Eixo Disponível"
      },
      "geometry": {
        "type": "Point",
        "coordinates": [-57.819891168999959, -14.878594686999975, 0.0]
      }
    },
    {
      "type": "Feature",
      "properties": {
        "id_geo": "56200271360361",
        "tipo": "PCH",
        "pais": "Brasil",
        "fonte": "ANEEL,jun/2025",
        "pot_mw": 14.0,
        "leyenda": "en operación",
        "institucio": "ISA",
        "limraisg": "s",
        "amzbiog": "s",
        "empresa": "Agroenergética Mato Grosso Ltda. - ME",
        "nombre": "Nova Mutum",
        "estagio": "Operação"
      },
      "geometry": {
        "type": "Point",
        "coordinates": [-56.200277777999986, -13.603611110999964, 0.0]
      }
    },
    {
      "type": "Feature",
      "properties": {
        "id_geo": "47729241441859",
        "tipo": "PCH",
        "pais": "Brasil",
        "fonte": "ANEEL,jun/2025",
        "pot_mw": 29.3,
        "leyenda": "en proyecto",
        "institucio": "ISA",
        "limraisg": "s",
        "amzbiog": "n",
        "empresa": "RC Administração e Participações S/A",
        "nombre": "Harmonia",
        "estagio": "DRS"
      },
      "geometry": {
        "type": "Point",
        "coordinates": [-47.72924444399996, -14.41859444399995, 0.0]
      }
    },
    {
      "type": "Feature",
      "properties": {
        "id_geo": "48333336133332",
        "tipo": "UHE",
        "pais": "Brasil",
        "fonte": "ANEEL,jun/2025",
        "pot_mw": 1080.0,
        "leyenda": "liberado para la construción",
        "institucio": "ISA",
        "limraisg": "s",
        "amzbiog": "s",
        "empresa": null,
        "nombre": "Santa Isabel",
        "estagio": "Eixo Disponível"
      },
      "geometry": {
        "type": "Point",
        "coordinates": [-48.333333, -6.133333, 0.0]
      }
    },
    {
      "type": "Feature",
      "properties": {
        "id_geo": "54925551025277",
        "tipo": "PCH",
        "pais": "Brasil",
        "fonte": "ANEEL,jun/2025",
        "pot_mw": 30.0,
        "leyenda": "liberado para la construción",
        "institucio": "ISA",
        "limraisg": "s",
        "amzbiog": "s",
        "empresa": null,
        "nombre": "Sororoca",
        "estagio": "Eixo Disponível"
      },
      "geometry": {
        "type": "Point",
        "coordinates": [-54.925555555999949, -1.025277777999975, 0.0]
      }
    },
    {
      "type": "Feature",
      "properties": {
        "id_geo": "53577911632942",
        "tipo": "PCH",
        "pais": "Brasil",
        "fonte": "ANEEL,jun/2025",
        "pot_mw": 15.5016,
        "leyenda": "en proyecto",
        "institucio": "ISA",
        "limraisg": "s",
        "amzbiog": "n",
        "empresa": "PEC Energia S.A.",
        "nombre": "Chico França",
        "estagio": "DRS"
      },
      "geometry": {
        "type": "Point",
        "coordinates": [-53.577919443999974, -16.329425, 0.0]
      }
    },
    {
      "type": "Feature",
      "properties": {
        "id_geo": "53186781580198",
        "tipo": "PCH",
        "pais": "Brasil",
        "fonte": "ANEEL,jun/2025",
        "pot_mw": 24.25,
        "leyenda": "en proyecto",
        "institucio": "ISA",
        "limraisg": "s",
        "amzbiog": "n",
        "empresa": "Garças Energia e Participações S.A.",
        "nombre": "Esperança",
        "estagio": "DRS"
      },
      "geometry": {
        "type": "Point",
        "coordinates": [-53.186788888999956, -15.801980555999933, 0.0]
      }
    },
    {
      "type": "Feature",
      "properties": {
        "id_geo": "58377631103138",
        "tipo": "UHE",
        "pais": "Brasil",
        "fonte": "ANEEL,jun/2025",
        "pot_mw": 415.0,
        "leyenda": "liberado para la construción",
        "institucio": "ISA",
        "limraisg": "s",
        "amzbiog": "s",
        "empresa": null,
        "nombre": "JRN-530",
        "estagio": "Eixo Disponível"
      },
      "geometry": {
        "type": "Point",
        "coordinates": [-58.377638889999957, -11.03138888999996, 0.0]
      }
    },
    {
      "type": "Feature",
      "properties": {
        "id_geo": "55195179689076",
        "tipo": "PCH",
        "pais": "Brasil",
        "fonte": "ANEEL,jun/2025",
        "pot_mw": 13.0,
        "leyenda": "en construcción",
        "institucio": "ISA",
        "limraisg": "s",
        "amzbiog": "s",
        "empresa": "Usina Elétrica do Nhandu S.A.",
        "nombre": "Nhandu",
        "estagio": "Construção"
      },
      "geometry": {
        "type": "Point",
        "coordinates": [-55.195170698999959, -9.689076908999937, 0.0]
      }
    },
    {
      "type": "Feature",
      "properties": {
        "id_geo": "54973459631645",
        "tipo": "PCH",
        "pais": "Brasil",
        "fonte": "ANEEL,jun/2025",
        "pot_mw": 14.16,
        "leyenda": "en operación",
        "institucio": "ISA",
        "limraisg": "s",
        "amzbiog": "s",
        "empresa": "Guarantã Energética Ltda.",
        "nombre": "Braço Norte III",
        "estagio": "Operação"
      },
      "geometry": {
        "type": "Point",
        "coordinates": [-54.973459911999953, -9.631645119999973, 0.0]
      }
    },
    {
      "type": "Feature",
      "properties": {
        "id_geo": "51416941648111",
        "tipo": "PCH",
        "pais": "Brasil",
        "fonte": "ANEEL,jun/2025",
        "pot_mw": 16.0,
        "leyenda": "en operación",
        "institucio": "ISA",
        "limraisg": "s",
        "amzbiog": "n",
        "empresa": "Carnaúba Geração de Energia S.A",
        "nombre": "Rênic",
        "estagio": "Operação"
      },
      "geometry": {
        "type": "Point",
        "coordinates": [-51.416944443999967, -16.481111110999962, 0.0]
      }
    },
    {
      "type": "Feature",
      "properties": {
        "id_geo": "59109881494528",
        "tipo": "PCH",
        "pais": "Brasil",
        "fonte": "ANEEL,jun/2025",
        "pot_mw": 19.0,
        "leyenda": "en proyecto",
        "institucio": "ISA",
        "limraisg": "s",
        "amzbiog": "n",
        "empresa": "Otacílio Lucion Geração de Energia Elétrica SPE Ltda.",
        "nombre": "Otacílio Lucion",
        "estagio": "DRS"
      },
      "geometry": {
        "type": "Point",
        "coordinates": [-59.109888888999933, -14.945286110999973, 0.0]
      }
    },
    {
      "type": "Feature",
      "properties": {
        "id_geo": "63454238750980",
        "tipo": "UHE",
        "pais": "Brasil",
        "fonte": "ANEEL,jun/2025",
        "pot_mw": 216.75,
        "leyenda": "en operación",
        "institucio": "ISA",
        "limraisg": "s",
        "amzbiog": "s",
        "empresa": "Centrais Elétricas do Norte do Brasil S.A.",
        "nombre": "Samuel",
        "estagio": "Operação"
      },
      "geometry": {
        "type": "Point",
        "coordinates": [-63.454230638999945, -8.750980972999969, 0.0]
      }
    },
    {
      "type": "Feature",
      "properties": {
        "id_geo": "55418124156558",
        "tipo": "PCH",
        "pais": "Brasil",
        "fonte": "ANEEL,jun/2025",
        "pot_mw": 9.8,
        "leyenda": "en proyecto",
        "institucio": "ISA",
        "limraisg": "s",
        "amzbiog": "s",
        "empresa": "T3 Pagamentos Ltda., Brilhar Participações Ltda.",
        "nombre": "Pitombeira",
        "estagio": "DRS"
      },
      "geometry": {
        "type": "Point",
        "coordinates": [-55.418127777999985, -4.156558332999964, 0.0]
      }
    },
    {
      "type": "Feature",
      "properties": {
        "id_geo": "58438681511847",
        "tipo": "PCH",
        "pais": "Brasil",
        "fonte": "ANEEL,jun/2025",
        "pot_mw": 7.5,
        "leyenda": "en proyecto",
        "institucio": "ISA",
        "limraisg": "s",
        "amzbiog": "s",
        "empresa": "Cabaçal Geração de Energia Elétrica Ltda.",
        "nombre": "Cabaçal 3",
        "estagio": "DRS"
      },
      "geometry": {
        "type": "Point",
        "coordinates": [-58.438686110999981, -15.11847222199998, 0.0]
      }
    },
    {
      "type": "Feature",
      "properties": {
        "id_geo": "45275275514166",
        "tipo": "PCH",
        "pais": "Brasil",
        "fonte": "ANEEL,jun/2025",
        "pot_mw": 9.0,
        "leyenda": "liberado para la construción",
        "institucio": "ISA",
        "limraisg": "s",
        "amzbiog": "n",
        "empresa": null,
        "nombre": "Rocha Baixo",
        "estagio": "Eixo Disponível"
      },
      "geometry": {
        "type": "Point",
        "coordinates": [-45.275277777999975, -5.514166666999927, 0.0]
      }
    },
    {
      "type": "Feature",
      "properties": {
        "id_geo": "66149448834384",
        "tipo": "PCH",
        "pais": "Brasil",
        "fonte": "ANEEL,jun/2025",
        "pot_mw": 30.0,
        "leyenda": "en proyecto",
        "institucio": "ISA",
        "limraisg": "s",
        "amzbiog": "s",
        "empresa": "NORTE SUL GERACAO DE ENERGIA LTDA",
        "nombre": "Cachoeira Fortaleza",
        "estagio": "DRS"
      },
      "geometry": {
        "type": "Point",
        "coordinates": [-66.149448172999939, -8.834384135999926, 0.0]
      }
    },
    {
      "type": "Feature",
      "properties": {
        "id_geo": "57897271239530",
        "tipo": "PCH",
        "pais": "Brasil",
        "fonte": "ANEEL,jun/2025",
        "pot_mw": 20.0,
        "leyenda": "planeada",
        "institucio": "ISA",
        "limraisg": "s",
        "amzbiog": "s",
        "empresa": "Duplo Onze - Sociedade Brasileira de Participações em Energia Renovável Ltda.",
        "nombre": "Faveiro",
        "estagio": "PB Aprovado"
      },
      "geometry": {
        "type": "Point",
        "coordinates": [-57.897277777999932, -12.395302777999973, 0.0]
      }
    },
    {
      "type": "Feature",
      "properties": {
        "id_geo": "48649996616666",
        "tipo": "UHE",
        "pais": "Brasil",
        "fonte": "ANEEL,jun/2025",
        "pot_mw": 960.0,
        "leyenda": "liberado para la construción",
        "institucio": "ISA",
        "limraisg": "s",
        "amzbiog": "s",
        "empresa": null,
        "nombre": "Araguanã",
        "estagio": "Eixo Disponível"
      },
      "geometry": { "type": "Point", "coordinates": [-48.65, -6.616667, 0.0] }
    },
    {
      "type": "Feature",
      "properties": {
        "id_geo": "56450681514695",
        "tipo": "PCH",
        "pais": "Brasil",
        "fonte": "ANEEL,jun/2025",
        "pot_mw": 27.005,
        "leyenda": "en proyecto",
        "institucio": "ISA",
        "limraisg": "s",
        "amzbiog": "n",
        "empresa": "Maturati Participações S.A., Meta Serviços e Projetos Ltda.",
        "nombre": "Angatu I",
        "estagio": "DRS"
      },
      "geometry": {
        "type": "Point",
        "coordinates": [-56.450683331999983, -15.146955562999949, 0.0]
      }
    },
    {
      "type": "Feature",
      "properties": {
        "id_geo": "47873741359067",
        "tipo": "PCH",
        "pais": "Brasil",
        "fonte": "ANEEL,jun/2025",
        "pot_mw": 12.4,
        "leyenda": "liberado para la construción",
        "institucio": "ISA",
        "limraisg": "s",
        "amzbiog": "n",
        "empresa": null,
        "nombre": "Roda Grande I",
        "estagio": "Eixo Disponível"
      },
      "geometry": {
        "type": "Point",
        "coordinates": [-47.873746361999963, -13.590675860999966, 0.0]
      }
    },
    {
      "type": "Feature",
      "properties": {
        "id_geo": "59464161016333",
        "tipo": "UHE",
        "pais": "Brasil",
        "fonte": "ANEEL,jun/2025",
        "pot_mw": 261.0,
        "leyenda": "en operación",
        "institucio": "ISA",
        "limraisg": "s",
        "amzbiog": "s",
        "empresa": "Energética Águas da Pedra S.A.",
        "nombre": "Dardanelos",
        "estagio": "Operação"
      },
      "geometry": {
        "type": "Point",
        "coordinates": [-59.464166666999972, -10.163333332999969, 0.0]
      }
    },
    {
      "type": "Feature",
      "properties": {
        "id_geo": "55345131610456",
        "tipo": "PCH",
        "pais": "Brasil",
        "fonte": "ANEEL,jun/2025",
        "pot_mw": 5.94,
        "leyenda": "en operación",
        "institucio": "ISA",
        "limraisg": "s",
        "amzbiog": "n",
        "empresa": "Norte Participações e Investimentos S.A., Senj Energia Ltda.",
        "nombre": "Senador Jonas Pinheiro (Caeté)",
        "estagio": "Operação"
      },
      "geometry": {
        "type": "Point",
        "coordinates": [-55.345138344999953, -16.104566016999968, 0.0]
      }
    },
    {
      "type": "Feature",
      "properties": {
        "id_geo": "58493521510676",
        "tipo": "PCH",
        "pais": "Brasil",
        "fonte": "ANEEL,jun/2025",
        "pot_mw": 6.75,
        "leyenda": "en proyecto",
        "institucio": "ISA",
        "limraisg": "s",
        "amzbiog": "s",
        "empresa": "São José Energia PCHs Ltda.",
        "nombre": "Cabaçal 6",
        "estagio": "DRS"
      },
      "geometry": {
        "type": "Point",
        "coordinates": [-58.493522184999961, -15.106761120999977, 0.0]
      }
    },
    {
      "type": "Feature",
      "properties": {
        "id_geo": "57808691491341",
        "tipo": "PCH",
        "pais": "Brasil",
        "fonte": "ANEEL,jun/2025",
        "pot_mw": 11.0,
        "leyenda": "en proyecto",
        "institucio": "ISA",
        "limraisg": "s",
        "amzbiog": "s",
        "empresa": "Usina Velha Energética S.A.",
        "nombre": "Usina Velha",
        "estagio": "DRS"
      },
      "geometry": {
        "type": "Point",
        "coordinates": [-57.808691709999948, -14.913418946999968, 0.0]
      }
    },
    {
      "type": "Feature",
      "properties": {
        "id_geo": "53853306705833",
        "tipo": "UHE",
        "pais": "Brasil",
        "fonte": "ANEEL,jun/2025",
        "pot_mw": 186.3,
        "leyenda": "liberado para la construción",
        "institucio": "ISA",
        "limraisg": "s",
        "amzbiog": "s",
        "empresa": null,
        "nombre": "A29PA208",
        "estagio": "Eixo Disponível"
      },
      "geometry": {
        "type": "Point",
        "coordinates": [-53.853308332999973, -0.067058332999977, 0.0]
      }
    },
    {
      "type": "Feature",
      "properties": {
        "id_geo": "48051141422256",
        "tipo": "PCH",
        "pais": "Brasil",
        "fonte": "ANEEL,jun/2025",
        "pot_mw": 26.0,
        "leyenda": "en proyecto",
        "institucio": "ISA",
        "limraisg": "s",
        "amzbiog": "n",
        "empresa": "RC Administração e Participações S.A.",
        "nombre": "Colinas",
        "estagio": "DRS"
      },
      "geometry": {
        "type": "Point",
        "coordinates": [-48.051146546999973, -14.22256239799998, 0.0]
      }
    },
    {
      "type": "Feature",
      "properties": {
        "id_geo": "55321034105924",
        "tipo": "PCH",
        "pais": "Brasil",
        "fonte": "ANEEL,jun/2025",
        "pot_mw": 14.0,
        "leyenda": "liberado para la construción",
        "institucio": "ISA",
        "limraisg": "s",
        "amzbiog": "s",
        "empresa": null,
        "nombre": "Itacaré",
        "estagio": "Eixo Disponível"
      },
      "geometry": {
        "type": "Point",
        "coordinates": [-55.321037139999987, -4.105924047999963, 0.0]
      }
    },
    {
      "type": "Feature",
      "properties": {
        "id_geo": "46579881190781",
        "tipo": "PCH",
        "pais": "Brasil",
        "fonte": "ANEEL,jun/2025",
        "pot_mw": 9.4,
        "leyenda": "en proyecto",
        "institucio": "ISA",
        "limraisg": "s",
        "amzbiog": "n",
        "empresa": "Agrícola Sete Campos Ltda.",
        "nombre": "Eixo 2",
        "estagio": "DRS"
      },
      "geometry": {
        "type": "Point",
        "coordinates": [-46.579883332999941, -11.907819443999927, 0.0]
      }
    },
    {
      "type": "Feature",
      "properties": {
        "id_geo": "55453691535739",
        "tipo": "PCH",
        "pais": "Brasil",
        "fonte": "ANEEL,jun/2025",
        "pot_mw": 12.42,
        "leyenda": "en operación",
        "institucio": "ISA",
        "limraisg": "s",
        "amzbiog": "n",
        "empresa": "Apiacás Energia S/A",
        "nombre": "Casca III",
        "estagio": "Operação"
      },
      "geometry": {
        "type": "Point",
        "coordinates": [-55.453690489999985, -15.357394244999966, 0.0]
      }
    },
    {
      "type": "Feature",
      "properties": {
        "id_geo": "58530631253736",
        "tipo": "PCH",
        "pais": "Brasil",
        "fonte": "ANEEL,jun/2025",
        "pot_mw": 8.8,
        "leyenda": "liberado para la construción",
        "institucio": "ISA",
        "limraisg": "s",
        "amzbiog": "n",
        "empresa": null,
        "nombre": "SU-47",
        "estagio": "Eixo Disponível"
      },
      "geometry": {
        "type": "Point",
        "coordinates": [-58.530638888999931, -12.537361110999939, 0.0]
      }
    },
    {
      "type": "Feature",
      "properties": {
        "id_geo": "58181051306520",
        "tipo": "PCH",
        "pais": "Brasil",
        "fonte": "ANEEL,jun/2025",
        "pot_mw": 15.2,
        "leyenda": "en proyecto",
        "institucio": "ISA",
        "limraisg": "s",
        "amzbiog": "n",
        "empresa": "Pch Varzea Energetica Spe Ltda.",
        "nombre": "Várzea",
        "estagio": "DRS"
      },
      "geometry": {
        "type": "Point",
        "coordinates": [-58.181058332999953, -13.06520833299993, 0.0]
      }
    },
    {
      "type": "Feature",
      "properties": {
        "id_geo": "61032491877778",
        "tipo": "UHE",
        "pais": "Brasil",
        "fonte": "ANEEL,jun/2025",
        "pot_mw": 708.4,
        "leyenda": "planeada",
        "institucio": "ISA",
        "limraisg": "s",
        "amzbiog": "s",
        "empresa": "Empresa de Pesquisa Energética – EPE",
        "nombre": "Bem Querer J1A",
        "estagio": "EVTE em elaboração"
      },
      "geometry": {
        "type": "Point",
        "coordinates": [-61.0325, 1.87777896800003, 0.0]
      }
    },
    {
      "type": "Feature",
      "properties": {
        "id_geo": "57750551464194",
        "tipo": "PCH",
        "pais": "Brasil",
        "fonte": "ANEEL,jun/2025",
        "pot_mw": 13.5,
        "leyenda": "en proyecto",
        "institucio": "ISA",
        "limraisg": "s",
        "amzbiog": "s",
        "empresa": "J. Malucelli Energia S.A.",
        "nombre": "Sepotuba",
        "estagio": "DRS"
      },
      "geometry": {
        "type": "Point",
        "coordinates": [-57.750555555999938, -14.641944443999932, 0.0]
      }
    },
    {
      "type": "Feature",
      "properties": {
        "id_geo": "59141941337388",
        "tipo": "PCH",
        "pais": "Brasil",
        "fonte": "ANEEL,jun/2025",
        "pot_mw": 10.8,
        "leyenda": "en operación",
        "institucio": "ISA",
        "limraisg": "s",
        "amzbiog": "n",
        "empresa": "Divisa Energia S.A.",
        "nombre": "Divisa",
        "estagio": "Operação"
      },
      "geometry": {
        "type": "Point",
        "coordinates": [-59.141944443999932, -13.373888888999943, 0.0]
      }
    },
    {
      "type": "Feature",
      "properties": {
        "id_geo": "58277661293150",
        "tipo": "PCH",
        "pais": "Brasil",
        "fonte": "ANEEL,jun/2025",
        "pot_mw": 30.0,
        "leyenda": "liberado para la construción",
        "institucio": "ISA",
        "limraisg": "s",
        "amzbiog": "n",
        "empresa": null,
        "nombre": "Sacre 1",
        "estagio": "Eixo Disponível"
      },
      "geometry": {
        "type": "Point",
        "coordinates": [-58.277666666999949, -12.931505555999934, 0.0]
      }
    },
    {
      "type": "Feature",
      "properties": {
        "id_geo": "46683141263049",
        "tipo": "PCH",
        "pais": "Brasil",
        "fonte": "ANEEL,jun/2025",
        "pot_mw": 5.6,
        "leyenda": "liberado para la construción",
        "institucio": "ISA",
        "limraisg": "s",
        "amzbiog": "n",
        "empresa": null,
        "nombre": "Bonsucesso",
        "estagio": "Eixo Disponível"
      },
      "geometry": {
        "type": "Point",
        "coordinates": [-46.683141666999973, -12.630491666999944, 0.0]
      }
    },
    {
      "type": "Feature",
      "properties": {
        "id_geo": "58331661096305",
        "tipo": "UHE",
        "pais": "Brasil",
        "fonte": "ANEEL,jun/2025",
        "pot_mw": 193.7,
        "leyenda": "liberado para la construción",
        "institucio": "ISA",
        "limraisg": "s",
        "amzbiog": "s",
        "empresa": null,
        "nombre": "Cinta Larga",
        "estagio": "Eixo Disponível"
      },
      "geometry": {
        "type": "Point",
        "coordinates": [-58.331667, -10.963056, 0.0]
      }
    },
    {
      "type": "Feature",
      "properties": {
        "id_geo": "47532501100245",
        "tipo": "PCH",
        "pais": "Brasil",
        "fonte": "ANEEL,jun/2025",
        "pot_mw": 18.3,
        "leyenda": "liberado para la construción",
        "institucio": "ISA",
        "limraisg": "s",
        "amzbiog": "n",
        "empresa": null,
        "nombre": "Samaron",
        "estagio": "Eixo Disponível"
      },
      "geometry": {
        "type": "Point",
        "coordinates": [-47.532505555999933, -11.002452777999963, 0.0]
      }
    },
    {
      "type": "Feature",
      "properties": {
        "id_geo": "57882221279111",
        "tipo": "PCH",
        "pais": "Brasil",
        "fonte": "ANEEL,jun/2025",
        "pot_mw": 18.6,
        "leyenda": "liberado para la construción",
        "institucio": "ISA",
        "limraisg": "s",
        "amzbiog": "s",
        "empresa": null,
        "nombre": "Cedro",
        "estagio": "Eixo Disponível"
      },
      "geometry": {
        "type": "Point",
        "coordinates": [-57.88222222099995, -12.791111112999943, 0.0]
      }
    },
    {
      "type": "Feature",
      "properties": {
        "id_geo": "53653901534510",
        "tipo": "PCH",
        "pais": "Brasil",
        "fonte": "ANEEL,jun/2025",
        "pot_mw": 22.9,
        "leyenda": "liberado para la construción",
        "institucio": "ISA",
        "limraisg": "s",
        "amzbiog": "n",
        "empresa": null,
        "nombre": "Couro de Porco",
        "estagio": "Eixo Disponível"
      },
      "geometry": {
        "type": "Point",
        "coordinates": [-53.653902777999974, -15.345105555999965, 0.0]
      }
    },
    {
      "type": "Feature",
      "properties": {
        "id_geo": "57538961301016",
        "tipo": "PCH",
        "pais": "Brasil",
        "fonte": "ANEEL,jun/2025",
        "pot_mw": 8.1,
        "leyenda": "en proyecto",
        "institucio": "ISA",
        "limraisg": "s",
        "amzbiog": "s",
        "empresa": "Global Energia Elétrica S.A.",
        "nombre": "Membeca V",
        "estagio": "DRS"
      },
      "geometry": {
        "type": "Point",
        "coordinates": [-57.538969443999974, -13.010166666999964, 0.0]
      }
    },
    {
      "type": "Feature",
      "properties": {
        "id_geo": "58804691316850",
        "tipo": "PCH",
        "pais": "Brasil",
        "fonte": "ANEEL,jun/2025",
        "pot_mw": 5.3,
        "leyenda": "en proyecto",
        "institucio": "ISA",
        "limraisg": "s",
        "amzbiog": "n",
        "empresa": "Agropecuária Global Ltda.",
        "nombre": "SU-173",
        "estagio": "DRI"
      },
      "geometry": {
        "type": "Point",
        "coordinates": [-58.804694443999949, -13.1685, 0.0]
      }
    },
    {
      "type": "Feature",
      "properties": {
        "id_geo": "56981661033084",
        "tipo": "PCH",
        "pais": "Brasil",
        "fonte": "ANEEL,jun/2025",
        "pot_mw": 27.0,
        "leyenda": "en operación",
        "institucio": "ISA",
        "limraisg": "s",
        "amzbiog": "s",
        "empresa": "Enel Green Power Fazenda S.A",
        "nombre": "Da Fazenda",
        "estagio": "Operação"
      },
      "geometry": {
        "type": "Point",
        "coordinates": [-56.981663002999937, -10.330847242999937, 0.0]
      }
    },
    {
      "type": "Feature",
      "properties": {
        "id_geo": "46169077685619",
        "tipo": "PCH",
        "pais": "Brasil",
        "fonte": "ANEEL,jun/2025",
        "pot_mw": 23.0,
        "leyenda": "en proyecto",
        "institucio": "ISA",
        "limraisg": "s",
        "amzbiog": "n",
        "empresa": "Atiaia Energia S.A.",
        "nombre": "Gado Bravo",
        "estagio": "DRS"
      },
      "geometry": {
        "type": "Point",
        "coordinates": [-46.169072221999954, -7.685619444999929, 0.0]
      }
    },
    {
      "type": "Feature",
      "properties": {
        "id_geo": "51296668527777",
        "tipo": "UHE",
        "pais": "Brasil",
        "fonte": "ANEEL,jun/2025",
        "pot_mw": 219.0,
        "leyenda": "en operación",
        "institucio": "ISA",
        "limraisg": "s",
        "amzbiog": "s",
        "empresa": "Empresa de Energia Cachoeira Caldeirão S.A.",
        "nombre": "Cachoeira Caldeirão",
        "estagio": "Operação"
      },
      "geometry": {
        "type": "Point",
        "coordinates": [-51.296666666999954, 0.852777778000075, 0.0]
      }
    },
    {
      "type": "Feature",
      "properties": {
        "id_geo": "47399641194590",
        "tipo": "PCH",
        "pais": "Brasil",
        "fonte": "ANEEL,jun/2025",
        "pot_mw": 6.7,
        "leyenda": "liberado para la construción",
        "institucio": "ISA",
        "limraisg": "s",
        "amzbiog": "n",
        "empresa": null,
        "nombre": "Contas",
        "estagio": "Eixo Disponível"
      },
      "geometry": {
        "type": "Point",
        "coordinates": [-47.399647892999951, -11.945908332999977, 0.0]
      }
    },
    {
      "type": "Feature",
      "properties": {
        "id_geo": "58721381526111",
        "tipo": "PCH",
        "pais": "Brasil",
        "fonte": "ANEEL,jun/2025",
        "pot_mw": 28.0,
        "leyenda": "en operación",
        "institucio": "ISA",
        "limraisg": "s",
        "amzbiog": "s",
        "empresa": "Indiavaí Energética S.A.",
        "nombre": "Indiavaí",
        "estagio": "Operação"
      },
      "geometry": {
        "type": "Point",
        "coordinates": [-58.721388888999968, -15.261111110999934, 0.0]
      }
    },
    {
      "type": "Feature",
      "properties": {
        "id_geo": "55069441145833",
        "tipo": "PCH",
        "pais": "Brasil",
        "fonte": "ANEEL,jun/2025",
        "pot_mw": 30.0,
        "leyenda": "liberado para la construción",
        "institucio": "ISA",
        "limraisg": "s",
        "amzbiog": "s",
        "empresa": null,
        "nombre": "Precipício",
        "estagio": "Eixo Disponível"
      },
      "geometry": {
        "type": "Point",
        "coordinates": [-55.069444443999942, -1.145833332999928, 0.0]
      }
    },
    {
      "type": "Feature",
      "properties": {
        "id_geo": "60590401218337",
        "tipo": "PCH",
        "pais": "Brasil",
        "fonte": "ANEEL,jun/2025",
        "pot_mw": 15.0,
        "leyenda": "liberado para la construción",
        "institucio": "ISA",
        "limraisg": "s",
        "amzbiog": "s",
        "empresa": null,
        "nombre": "Corgão",
        "estagio": "Eixo Disponível"
      },
      "geometry": {
        "type": "Point",
        "coordinates": [-60.590400555999963, -12.183377499999949, 0.0]
      }
    },
    {
      "type": "Feature",
      "properties": {
        "id_geo": "56335831357027",
        "tipo": "PCH",
        "pais": "Brasil",
        "fonte": "ANEEL,jun/2025",
        "pot_mw": 18.0,
        "leyenda": "en proyecto",
        "institucio": "ISA",
        "limraisg": "s",
        "amzbiog": "s",
        "empresa": "Spe Pch Patos Servicos de Projetos de Geração de Energia Ltda",
        "nombre": "Patos",
        "estagio": "DRS"
      },
      "geometry": {
        "type": "Point",
        "coordinates": [-56.335833332999982, -13.570277777999934, 0.0]
      }
    },
    {
      "type": "Feature",
      "properties": {
        "id_geo": "46761961176255",
        "tipo": "PCH",
        "pais": "Brasil",
        "fonte": "ANEEL,jun/2025",
        "pot_mw": 6.0,
        "leyenda": "liberado para la construción",
        "institucio": "ISA",
        "limraisg": "s",
        "amzbiog": "n",
        "empresa": null,
        "nombre": "Poção",
        "estagio": "Eixo Disponível"
      },
      "geometry": {
        "type": "Point",
        "coordinates": [-46.761964298999942, -11.762558447999936, 0.0]
      }
    },
    {
      "type": "Feature",
      "properties": {
        "id_geo": "59456951016472",
        "tipo": "PCH",
        "pais": "Brasil",
        "fonte": "ANEEL,jun/2025",
        "pot_mw": 30.0,
        "leyenda": "en operación",
        "institucio": "ISA",
        "limraisg": "s",
        "amzbiog": "s",
        "empresa": "Centrais Elétricas Salto dos Dardanelos S.a.",
        "nombre": "Faxinal II",
        "estagio": "Operação"
      },
      "geometry": {
        "type": "Point",
        "coordinates": [-59.456955525999945, -10.164724326999931, 0.0]
      }
    },
    {
      "type": "Feature",
      "properties": {
        "id_geo": "47927229503333",
        "tipo": "PCH",
        "pais": "Brasil",
        "fonte": "ANEEL,jun/2025",
        "pot_mw": 56.7,
        "leyenda": "liberado para la construción",
        "institucio": "ISA",
        "limraisg": "s",
        "amzbiog": "n",
        "empresa": null,
        "nombre": "Rio Sono Baixo",
        "estagio": "Eixo Disponível"
      },
      "geometry": {
        "type": "Point",
        "coordinates": [-47.927222221999955, -9.503333332999944, 0.0]
      }
    },
    {
      "type": "Feature",
      "properties": {
        "id_geo": "46332688573755",
        "tipo": "PCH",
        "pais": "Brasil",
        "fonte": "ANEEL,jun/2025",
        "pot_mw": 7.1,
        "leyenda": "liberado para la construción",
        "institucio": "ISA",
        "limraisg": "s",
        "amzbiog": "n",
        "empresa": null,
        "nombre": "Ásia (Antiga A2E8)",
        "estagio": "Eixo Disponível"
      },
      "geometry": {
        "type": "Point",
        "coordinates": [-46.33268888899994, -8.573755555999981, 0.0]
      }
    },
    {
      "type": "Feature",
      "properties": {
        "id_geo": "53510271605593",
        "tipo": "PCH",
        "pais": "Brasil",
        "fonte": "ANEEL,jun/2025",
        "pot_mw": 12.6,
        "leyenda": "en proyecto",
        "institucio": "ISA",
        "limraisg": "s",
        "amzbiog": "n",
        "empresa": "Garças Energia e Participações S.A.",
        "nombre": "Caçununga",
        "estagio": "DRS"
      },
      "geometry": {
        "type": "Point",
        "coordinates": [-53.510279454999932, -16.055936076999956, 0.0]
      }
    },
    {
      "type": "Feature",
      "properties": {
        "id_geo": "49643123831597",
        "tipo": "UHE",
        "pais": "Brasil",
        "fonte": "ANEEL,jun/2025",
        "pot_mw": 8535.0,
        "leyenda": "en operación",
        "institucio": "ISA",
        "limraisg": "s",
        "amzbiog": "s",
        "empresa": "Centrais Elétricas do Norte do Brasil S.A.",
        "nombre": "Tucuruí",
        "estagio": "Operação"
      },
      "geometry": {
        "type": "Point",
        "coordinates": [-49.643120783999962, -3.831597612999929, 0.0]
      }
    },
    {
      "type": "Feature",
      "properties": {
        "id_geo": "56042491419621",
        "tipo": "PCH",
        "pais": "Brasil",
        "fonte": "ANEEL,jun/2025",
        "pot_mw": 17.0,
        "leyenda": "en proyecto",
        "institucio": "ISA",
        "limraisg": "s",
        "amzbiog": "n",
        "empresa": "Agropecuária Martinez – Conde Ltda. e Pondera Participações S.A.",
        "nombre": "Distância",
        "estagio": "DRS"
      },
      "geometry": {
        "type": "Point",
        "coordinates": [-56.042499498999973, -14.196218800999929, 0.0]
      }
    },
    {
      "type": "Feature",
      "properties": {
        "id_geo": "52615061478260",
        "tipo": "UHE",
        "pais": "Brasil",
        "fonte": "ANEEL,jun/2025",
        "pot_mw": 310.4,
        "leyenda": "liberado para la construción",
        "institucio": "ISA",
        "limraisg": "s",
        "amzbiog": "n",
        "empresa": null,
        "nombre": "Mortes 2",
        "estagio": "Eixo Disponível"
      },
      "geometry": {
        "type": "Point",
        "coordinates": [-52.615069443999971, -14.782602777999955, 0.0]
      }
    },
    {
      "type": "Feature",
      "properties": {
        "id_geo": "60196667912223",
        "tipo": "UHE",
        "pais": "Brasil",
        "fonte": "ANEEL,jun/2025",
        "pot_mw": 458.2,
        "leyenda": "liberado para la construción",
        "institucio": "ISA",
        "limraisg": "s",
        "amzbiog": "s",
        "empresa": null,
        "nombre": "Sumaúma",
        "estagio": "Eixo Disponível"
      },
      "geometry": {
        "type": "Point",
        "coordinates": [-60.196667617999935, -7.912223173999962, 0.0]
      }
    },
    {
      "type": "Feature",
      "properties": {
        "id_geo": "55877225646666",
        "tipo": "UHE",
        "pais": "Brasil",
        "fonte": "ANEEL,jun/2025",
        "pot_mw": 881.0,
        "leyenda": "planeada",
        "institucio": "ISA",
        "limraisg": "s",
        "amzbiog": "s",
        "empresa": "Centrais Elétricas Brasileiras - S.A., Centrais Elétricas do Norte do Brasil S.A. – Eletronorte, Construções e Comércio Camargo Corrêa S.A. - CCCC, Eletricité France S.A. - EDF, CEMIG Geração e Transmissão S.A. - CEMIG GT, COPEL Geração e T",
        "nombre": "Jamanxim",
        "estagio": "EVTE em elaboração"
      },
      "geometry": {
        "type": "Point",
        "coordinates": [-55.877222221999943, -5.646666665999931, 0.0]
      }
    },
    {
      "type": "Feature",
      "properties": {
        "id_geo": "58209501459916",
        "tipo": "PCH",
        "pais": "Brasil",
        "fonte": "ANEEL,jun/2025",
        "pot_mw": 5.2,
        "leyenda": "planeada",
        "institucio": "ISA",
        "limraisg": "s",
        "amzbiog": "n",
        "empresa": "Pegoraro Energia Ltda.",
        "nombre": "Pegoraro",
        "estagio": "Construção não iniciada"
      },
      "geometry": {
        "type": "Point",
        "coordinates": [-58.209505892999971, -14.599161424999977, 0.0]
      }
    },
    {
      "type": "Feature",
      "properties": {
        "id_geo": "57744971461127",
        "tipo": "PCH",
        "pais": "Brasil",
        "fonte": "ANEEL,jun/2025",
        "pot_mw": 5.76,
        "leyenda": "en operación",
        "institucio": "ISA",
        "limraisg": "s",
        "amzbiog": "s",
        "empresa": "Rio do Sapo Energia S.A",
        "nombre": "Rio do Sapo",
        "estagio": "Operação"
      },
      "geometry": {
        "type": "Point",
        "coordinates": [-57.744974792999983, -14.611278698999968, 0.0]
      }
    },
    {
      "type": "Feature",
      "properties": {
        "id_geo": "58830941020156",
        "tipo": "PCH",
        "pais": "Brasil",
        "fonte": "ANEEL,jun/2025",
        "pot_mw": 9.502,
        "leyenda": "en proyecto",
        "institucio": "ISA",
        "limraisg": "s",
        "amzbiog": "s",
        "empresa": "Primus Incorporação e Construção Ltda.",
        "nombre": "Água de Pedra",
        "estagio": "DRS"
      },
      "geometry": {
        "type": "Point",
        "coordinates": [-58.830947221999963, -10.201561110999933, 0.0]
      }
    },
    {
      "type": "Feature",
      "properties": {
        "id_geo": "53571941754638",
        "tipo": "PCH",
        "pais": "Brasil",
        "fonte": "ANEEL,jun/2025",
        "pot_mw": 10.5,
        "leyenda": "en proyecto",
        "institucio": "ISA",
        "limraisg": "s",
        "amzbiog": "n",
        "empresa": "Orteng Energia Ltda.",
        "nombre": "Dália",
        "estagio": "DRS"
      },
      "geometry": {
        "type": "Point",
        "coordinates": [-53.57194444299995, -17.546388887999967, 0.0]
      }
    },
    {
      "type": "Feature",
      "properties": {
        "id_geo": "53472491318111",
        "tipo": "PCH",
        "pais": "Brasil",
        "fonte": "ANEEL,jun/2025",
        "pot_mw": 11.1,
        "leyenda": "liberado para la construción",
        "institucio": "ISA",
        "limraisg": "s",
        "amzbiog": "s",
        "empresa": null,
        "nombre": "Nossa Senhora das Graças I",
        "estagio": "Eixo Disponível"
      },
      "geometry": {
        "type": "Point",
        "coordinates": [-53.4725, -13.18111111099995, 0.0]
      }
    },
    {
      "type": "Feature",
      "properties": {
        "id_geo": "52438051654055",
        "tipo": "PCH",
        "pais": "Brasil",
        "fonte": "ANEEL,jun/2025",
        "pot_mw": 20.0,
        "leyenda": "en proyecto",
        "institucio": "ISA",
        "limraisg": "s",
        "amzbiog": "n",
        "empresa": "Rzk Empreendimentos Imobiliários Ltda",
        "nombre": "Peixe ALT C",
        "estagio": "DRS"
      },
      "geometry": {
        "type": "Point",
        "coordinates": [-52.438055555999938, -16.540555555999958, 0.0]
      }
    },
    {
      "type": "Feature",
      "properties": {
        "id_geo": "58590081334162",
        "tipo": "PCH",
        "pais": "Brasil",
        "fonte": "ANEEL,jun/2025",
        "pot_mw": 12.53,
        "leyenda": "liberado para la construción",
        "institucio": "ISA",
        "limraisg": "s",
        "amzbiog": "n",
        "empresa": null,
        "nombre": "A2E11",
        "estagio": "Eixo Disponível"
      },
      "geometry": {
        "type": "Point",
        "coordinates": [-58.590086110999948, -13.341625, 0.0]
      }
    },
    {
      "type": "Feature",
      "properties": {
        "id_geo": "57757231107748",
        "tipo": "UHE",
        "pais": "Brasil",
        "fonte": "ANEEL,jun/2025",
        "pot_mw": 140.0,
        "leyenda": "planeada",
        "institucio": "ISA",
        "limraisg": "s",
        "amzbiog": "s",
        "empresa": "Empresa de Pesquisa Energética - EPE",
        "nombre": "ARN-120 (Castanheira)",
        "estagio": "EVTE aceito"
      },
      "geometry": {
        "type": "Point",
        "coordinates": [-57.757230741999933, -11.07748292499997, 0.0]
      }
    },
    {
      "type": "Feature",
      "properties": {
        "id_geo": "66182668867045",
        "tipo": "PCH",
        "pais": "Brasil",
        "fonte": "ANEEL,jun/2025",
        "pot_mw": 30.0,
        "leyenda": "en proyecto",
        "institucio": "ISA",
        "limraisg": "s",
        "amzbiog": "s",
        "empresa": "NORTE SUL GERACAO DE ENERGIA LTDA",
        "nombre": "Cachoeira Água Preta",
        "estagio": "DRS"
      },
      "geometry": {
        "type": "Point",
        "coordinates": [-66.182664046999946, -8.867045343999962, 0.0]
      }
    },
    {
      "type": "Feature",
      "properties": {
        "id_geo": "61816949093888",
        "tipo": "PCH",
        "pais": "Brasil",
        "fonte": "ANEEL,jun/2025",
        "pot_mw": 14.0,
        "leyenda": "liberado para la construción",
        "institucio": "ISA",
        "limraisg": "s",
        "amzbiog": "s",
        "empresa": null,
        "nombre": "Jaburu",
        "estagio": "Eixo Disponível"
      },
      "geometry": {
        "type": "Point",
        "coordinates": [-61.816944443999944, -9.09388888899997, 0.0]
      }
    },
    {
      "type": "Feature",
      "properties": {
        "id_geo": "57322051094172",
        "tipo": "UHE",
        "pais": "Brasil",
        "fonte": "ANEEL,jun/2025",
        "pot_mw": 206.0,
        "leyenda": "liberado para la construción",
        "institucio": "ISA",
        "limraisg": "s",
        "amzbiog": "s",
        "empresa": null,
        "nombre": "PEX-093",
        "estagio": "Eixo Disponível"
      },
      "geometry": {
        "type": "Point",
        "coordinates": [-57.322055551999938, -10.941722222999942, 0.0]
      }
    },
    {
      "type": "Feature",
      "properties": {
        "id_geo": "48062511370199",
        "tipo": "PCH",
        "pais": "Brasil",
        "fonte": "ANEEL,jun/2025",
        "pot_mw": 17.41,
        "leyenda": "liberado para la construción",
        "institucio": "ISA",
        "limraisg": "s",
        "amzbiog": "n",
        "empresa": null,
        "nombre": "Passa Três II",
        "estagio": "Eixo Disponível"
      },
      "geometry": {
        "type": "Point",
        "coordinates": [-48.062516666999954, -13.702, 0.0]
      }
    },
    {
      "type": "Feature",
      "properties": {
        "id_geo": "58204841298068",
        "tipo": "PCH",
        "pais": "Brasil",
        "fonte": "ANEEL,jun/2025",
        "pot_mw": 26.0,
        "leyenda": "en proyecto",
        "institucio": "ISA",
        "limraisg": "s",
        "amzbiog": "n",
        "empresa": "Ka Energia Ltda",
        "nombre": "SAC-014",
        "estagio": "DRS"
      },
      "geometry": {
        "type": "Point",
        "coordinates": [-58.204843422999943, -12.980687367999963, 0.0]
      }
    },
    {
      "type": "Feature",
      "properties": {
        "id_geo": "54886119803888",
        "tipo": "PCH",
        "pais": "Brasil",
        "fonte": "ANEEL,jun/2025",
        "pot_mw": 9.5022,
        "leyenda": "en proyecto",
        "institucio": "ISA",
        "limraisg": "s",
        "amzbiog": "s",
        "empresa": "Prospecto Participações e Negócios Ltda., Vila Energia Renovável S/S Ltda, KA Energia Ltda.",
        "nombre": "Cachimbo",
        "estagio": "DRS"
      },
      "geometry": {
        "type": "Point",
        "coordinates": [-54.886111110999934, -9.80388888899995, 0.0]
      }
    },
    {
      "type": "Feature",
      "properties": {
        "id_geo": "55073491609009",
        "tipo": "PCH",
        "pais": "Brasil",
        "fonte": "ANEEL,jun/2025",
        "pot_mw": 13.3,
        "leyenda": "en operación",
        "institucio": "ISA",
        "limraisg": "s",
        "amzbiog": "n",
        "empresa": "Usina Elétrica do Prata Ltda.",
        "nombre": "Água Prata",
        "estagio": "Operação"
      },
      "geometry": {
        "type": "Point",
        "coordinates": [-55.073497239999938, -16.090097274999948, 0.0]
      }
    },
    {
      "type": "Feature",
      "properties": {
        "id_geo": "53158135236555",
        "tipo": "UHE",
        "pais": "Brasil",
        "fonte": "ANEEL,jun/2025",
        "pot_mw": 291.5,
        "leyenda": "planeada",
        "institucio": "ISA",
        "limraisg": "s",
        "amzbiog": "s",
        "empresa": "Mega Comercializadora de Energia e Gás Ltda.",
        "nombre": "Urucupatá",
        "estagio": "EVTE em elaboração"
      },
      "geometry": {
        "type": "Point",
        "coordinates": [-53.158130554999957, 0.523655556000051, 0.0]
      }
    },
    {
      "type": "Feature",
      "properties": {
        "id_geo": "63076389936944",
        "tipo": "PCH",
        "pais": "Brasil",
        "fonte": "ANEEL,jun/2025",
        "pot_mw": 20.0,
        "leyenda": "en operación",
        "institucio": "ISA",
        "limraisg": "s",
        "amzbiog": "s",
        "empresa": "Canaã Geração de Energia S.A",
        "nombre": "Jamari",
        "estagio": "Operação"
      },
      "geometry": {
        "type": "Point",
        "coordinates": [-63.076388888999986, -9.936944443999948, 0.0]
      }
    },
    {
      "type": "Feature",
      "properties": {
        "id_geo": "54827311760779",
        "tipo": "UHE",
        "pais": "Brasil",
        "fonte": "ANEEL,jun/2025",
        "pot_mw": 176.1,
        "leyenda": "en operación",
        "institucio": "ISA",
        "limraisg": "s",
        "amzbiog": "n",
        "empresa": "ENGIE Brasil Energia S.A",
        "nombre": "Ponte de Pedra",
        "estagio": "Operação"
      },
      "geometry": {
        "type": "Point",
        "coordinates": [-54.82731281599996, -17.607791462999955, 0.0]
      }
    },
    {
      "type": "Feature",
      "properties": {
        "id_geo": "55449991126666",
        "tipo": "UHE",
        "pais": "Brasil",
        "fonte": "ANEEL,jun/2025",
        "pot_mw": 401.88,
        "leyenda": "en operación",
        "institucio": "ISA",
        "limraisg": "s",
        "amzbiog": "s",
        "empresa": "Companhia Energética Sinop S.A.",
        "nombre": "Sinop",
        "estagio": "Operação"
      },
      "geometry": {
        "type": "Point",
        "coordinates": [-55.45, -11.266666666999981, 0.0]
      }
    },
    {
      "type": "Feature",
      "properties": {
        "id_geo": "55050274076111",
        "tipo": "PCH",
        "pais": "Brasil",
        "fonte": "ANEEL,jun/2025",
        "pot_mw": 9.6,
        "leyenda": "liberado para la construción",
        "institucio": "ISA",
        "limraisg": "s",
        "amzbiog": "s",
        "empresa": null,
        "nombre": "Mutamba",
        "estagio": "Eixo Disponível"
      },
      "geometry": {
        "type": "Point",
        "coordinates": [-55.050277777999952, -4.076111110999932, 0.0]
      }
    },
    {
      "type": "Feature",
      "properties": {
        "id_geo": "44661585066266",
        "tipo": "PCH",
        "pais": "Brasil",
        "fonte": "ANEEL,jun/2025",
        "pot_mw": 5.2,
        "leyenda": "liberado para la construción",
        "institucio": "ISA",
        "limraisg": "s",
        "amzbiog": "n",
        "empresa": null,
        "nombre": "Flores",
        "estagio": "Eixo Disponível"
      },
      "geometry": {
        "type": "Point",
        "coordinates": [-44.66158063499995, -5.066266825999946, 0.0]
      }
    },
    {
      "type": "Feature",
      "properties": {
        "id_geo": "52960278305460",
        "tipo": "UHE",
        "pais": "Brasil",
        "fonte": "ANEEL,jun/2025",
        "pot_mw": 240.2,
        "leyenda": "liberado para la construción",
        "institucio": "ISA",
        "limraisg": "s",
        "amzbiog": "s",
        "empresa": null,
        "nombre": "Carecuru",
        "estagio": "Eixo Disponível"
      },
      "geometry": {
        "type": "Point",
        "coordinates": [-52.960277513999984, -0.083054601999947, 0.0]
      }
    },
    {
      "type": "Feature",
      "properties": {
        "id_geo": "57771151439879",
        "tipo": "PCH",
        "pais": "Brasil",
        "fonte": "ANEEL,jun/2025",
        "pot_mw": 5.2,
        "leyenda": "en proyecto",
        "institucio": "ISA",
        "limraisg": "s",
        "amzbiog": "n",
        "empresa": "Hidroelétrica Médio Norte Ltda.",
        "nombre": "Salto do Sapo Parecís",
        "estagio": "DRS"
      },
      "geometry": {
        "type": "Point",
        "coordinates": [-57.77115555599994, -14.398794443999975, 0.0]
      }
    },
    {
      "type": "Feature",
      "properties": {
        "id_geo": "52516666500000",
        "tipo": "UHE",
        "pais": "Brasil",
        "fonte": "ANEEL,jun/2025",
        "pot_mw": 392.95,
        "leyenda": "en operación",
        "institucio": "ISA",
        "limraisg": "s",
        "amzbiog": "s",
        "empresa": "ECE Participações S.A.",
        "nombre": "Santo Antônio do Jari",
        "estagio": "Operação"
      },
      "geometry": {
        "type": "Point",
        "coordinates": [-52.516666666999981, -0.65, 0.0]
      }
    },
    {
      "type": "Feature",
      "properties": {
        "id_geo": "53161231042913",
        "tipo": "UHE",
        "pais": "Brasil",
        "fonte": "ANEEL,jun/2025",
        "pot_mw": 550.2,
        "leyenda": "liberado para la construción",
        "institucio": "ISA",
        "limraisg": "s",
        "amzbiog": "s",
        "empresa": null,
        "nombre": "A35PA008",
        "estagio": "Eixo Disponível"
      },
      "geometry": {
        "type": "Point",
        "coordinates": [-53.161236110999937, -1.042913888999976, 0.0]
      }
    },
    {
      "type": "Feature",
      "properties": {
        "id_geo": "58186911302263",
        "tipo": "PCH",
        "pais": "Brasil",
        "fonte": "ANEEL,jun/2025",
        "pot_mw": 30.0,
        "leyenda": "en operación",
        "institucio": "ISA",
        "limraisg": "s",
        "amzbiog": "n",
        "empresa": "Brasil Central Energia S.A.",
        "nombre": "Sacre 2",
        "estagio": "Operação"
      },
      "geometry": {
        "type": "Point",
        "coordinates": [-58.186916666999934, -13.02263888899995, 0.0]
      }
    },
    {
      "type": "Feature",
      "properties": {
        "id_geo": "58057331346527",
        "tipo": "PCH",
        "pais": "Brasil",
        "fonte": "ANEEL,jun/2025",
        "pot_mw": 16.0,
        "leyenda": "en proyecto",
        "institucio": "ISA",
        "limraisg": "s",
        "amzbiog": "n",
        "empresa": "Pan Partners Administração Patrimonial S.A.",
        "nombre": "Cerrado",
        "estagio": "DRS"
      },
      "geometry": {
        "type": "Point",
        "coordinates": [-58.057333332999974, -13.465277777999972, 0.0]
      }
    },
    {
      "type": "Feature",
      "properties": {
        "id_geo": "59223331131111",
        "tipo": "PCH",
        "pais": "Brasil",
        "fonte": "ANEEL,jun/2025",
        "pot_mw": 5.3,
        "leyenda": "en operación",
        "institucio": "ISA",
        "limraisg": "s",
        "amzbiog": "s",
        "empresa": "Juruena Energia S.A.",
        "nombre": "Juína",
        "estagio": "Operação"
      },
      "geometry": {
        "type": "Point",
        "coordinates": [-59.223333332999971, -11.311111110999946, 0.0]
      }
    },
    {
      "type": "Feature",
      "properties": {
        "id_geo": "57802221468916",
        "tipo": "PCH",
        "pais": "Brasil",
        "fonte": "ANEEL,jun/2025",
        "pot_mw": 17.0,
        "leyenda": "en proyecto",
        "institucio": "ISA",
        "limraisg": "s",
        "amzbiog": "s",
        "empresa": "Enebras Projetos de Usinas Hidrelétricas Ltda., Frigorífico Nutribrás S.A., Carlos Sérgio Arantes",
        "nombre": "Salto Maciel",
        "estagio": "DRI"
      },
      "geometry": {
        "type": "Point",
        "coordinates": [-57.802222221999955, -14.689166666999938, 0.0]
      }
    },
    {
      "type": "Feature",
      "properties": {
        "id_geo": "58426481293089",
        "tipo": "PCH",
        "pais": "Brasil",
        "fonte": "ANEEL,jun/2025",
        "pot_mw": 19.0,
        "leyenda": "en proyecto",
        "institucio": "ISA",
        "limraisg": "s",
        "amzbiog": "n",
        "empresa": "Atiaia Energia S.A.",
        "nombre": "Porto do Buriti",
        "estagio": "DRS"
      },
      "geometry": {
        "type": "Point",
        "coordinates": [-58.426488331999963, -12.930896738999934, 0.0]
      }
    },
    {
      "type": "Feature",
      "properties": {
        "id_geo": "57622691339055",
        "tipo": "PCH",
        "pais": "Brasil",
        "fonte": "ANEEL,jun/2025",
        "pot_mw": 29.3,
        "leyenda": "en operación",
        "institucio": "ISA",
        "limraisg": "s",
        "amzbiog": "n",
        "empresa": "Rio do Sangue Energia S.A.",
        "nombre": "Garganta da Jararaca",
        "estagio": "Operação"
      },
      "geometry": {
        "type": "Point",
        "coordinates": [-57.622697199999948, -13.390554467999948, 0.0]
      }
    },
    {
      "type": "Feature",
      "properties": {
        "id_geo": "59385359116850",
        "tipo": "UHE",
        "pais": "Brasil",
        "fonte": "ANEEL,jun/2025",
        "pot_mw": 267.8,
        "leyenda": "liberado para la construción",
        "institucio": "ISA",
        "limraisg": "s",
        "amzbiog": "s",
        "empresa": null,
        "nombre": "Quebra Remo",
        "estagio": "Eixo Disponível"
      },
      "geometry": {
        "type": "Point",
        "coordinates": [-59.38535778399995, -9.116850377999981, 0.0]
      }
    },
    {
      "type": "Feature",
      "properties": {
        "id_geo": "46299211468821",
        "tipo": "PCH",
        "pais": "Brasil",
        "fonte": "ANEEL,jun/2025",
        "pot_mw": 12.0,
        "leyenda": "en operación",
        "institucio": "ISA",
        "limraisg": "s",
        "amzbiog": "n",
        "empresa": "Rio Corrente S.A.",
        "nombre": "Mambaí II",
        "estagio": "Operação"
      },
      "geometry": {
        "type": "Point",
        "coordinates": [-46.299219728999958, -14.688216139999952, 0.0]
      }
    },
    {
      "type": "Feature",
      "properties": {
        "id_geo": "60884721270444",
        "tipo": "PCH",
        "pais": "Brasil",
        "fonte": "ANEEL,jun/2025",
        "pot_mw": 9.6,
        "leyenda": "en operación",
        "institucio": "ISA",
        "limraisg": "s",
        "amzbiog": "s",
        "empresa": "Hidroelétrica Chupinguaia Ltda",
        "nombre": "Cascata Chupinguaia",
        "estagio": "Operação"
      },
      "geometry": {
        "type": "Point",
        "coordinates": [-60.884722221999937, -12.704444443999932, 0.0]
      }
    },
    {
      "type": "Feature",
      "properties": {
        "id_geo": "46755541195046",
        "tipo": "PCH",
        "pais": "Brasil",
        "fonte": "ANEEL,jun/2025",
        "pot_mw": 9.3,
        "leyenda": "en operación",
        "institucio": "ISA",
        "limraisg": "s",
        "amzbiog": "n",
        "empresa": "Riacho Preto Energética S.A.",
        "nombre": "Riacho Preto",
        "estagio": "Operação"
      },
      "geometry": {
        "type": "Point",
        "coordinates": [-46.755542499999933, -11.950461110999981, 0.0]
      }
    },
    {
      "type": "Feature",
      "properties": {
        "id_geo": "57613861335553",
        "tipo": "PCH",
        "pais": "Brasil",
        "fonte": "ANEEL,jun/2025",
        "pot_mw": 21.8,
        "leyenda": "en operación",
        "institucio": "ISA",
        "limraisg": "s",
        "amzbiog": "n",
        "empresa": "Inxú Geradora e Comercializadora de Energia Elétrica S.A.",
        "nombre": "Inxú",
        "estagio": "Operação"
      },
      "geometry": {
        "type": "Point",
        "coordinates": [-57.613866824999945, -13.355530861999966, 0.0]
      }
    },
    {
      "type": "Feature",
      "properties": {
        "id_geo": "56032421275140",
        "tipo": "PCH",
        "pais": "Brasil",
        "fonte": "ANEEL,jun/2025",
        "pot_mw": 24.0,
        "leyenda": "en operación",
        "institucio": "ISA",
        "limraisg": "s",
        "amzbiog": "n",
        "empresa": "Rio Cedro Energia S.A.",
        "nombre": "Foz do Cedro (Antiga A1E8)",
        "estagio": "Operação"
      },
      "geometry": {
        "type": "Point",
        "coordinates": [-56.032422335999968, -12.751402784999982, 0.0]
      }
    },
    {
      "type": "Feature",
      "properties": {
        "id_geo": "46390271339527",
        "tipo": "PCH",
        "pais": "Brasil",
        "fonte": "ANEEL,jun/2025",
        "pot_mw": 12.06,
        "leyenda": "en operación",
        "institucio": "ISA",
        "limraisg": "s",
        "amzbiog": "n",
        "empresa": "Galheiros Geração de Energia Elétrica S.A.\r\n",
        "nombre": "Galheiros I",
        "estagio": "Operação"
      },
      "geometry": {
        "type": "Point",
        "coordinates": [-46.390277775999948, -13.395277774999954, 0.0]
      }
    },
    {
      "type": "Feature",
      "properties": {
        "id_geo": "51600002666666",
        "tipo": "PCH",
        "pais": "Brasil",
        "fonte": "ANEEL,jun/2025",
        "pot_mw": 5.8,
        "leyenda": "liberado para la construción",
        "institucio": "ISA",
        "limraisg": "s",
        "amzbiog": "s",
        "empresa": null,
        "nombre": "Tracuá",
        "estagio": "Eixo Disponível"
      },
      "geometry": {
        "type": "Point",
        "coordinates": [-51.6, 2.666666667000072, 0.0]
      }
    },
    {
      "type": "Feature",
      "properties": {
        "id_geo": "57388381284508",
        "tipo": "PCH",
        "pais": "Brasil",
        "fonte": "ANEEL,jun/2025",
        "pot_mw": 5.5,
        "leyenda": "liberado para la construción",
        "institucio": "ISA",
        "limraisg": "s",
        "amzbiog": "s",
        "empresa": null,
        "nombre": "Membeca I",
        "estagio": "Eixo Disponível"
      },
      "geometry": {
        "type": "Point",
        "coordinates": [-57.388380555999959, -12.845086110999944, 0.0]
      }
    },
    {
      "type": "Feature",
      "properties": {
        "id_geo": "48450001124999",
        "tipo": "UHE",
        "pais": "Brasil",
        "fonte": "ANEEL,jun/2025",
        "pot_mw": 480.0,
        "leyenda": "liberado para la construción",
        "institucio": "ISA",
        "limraisg": "s",
        "amzbiog": "n",
        "empresa": null,
        "nombre": "Ipueiras",
        "estagio": "Eixo Disponível"
      },
      "geometry": { "type": "Point", "coordinates": [-48.45, -11.25, 0.0] }
    },
    {
      "type": "Feature",
      "properties": {
        "id_geo": "47765641084028",
        "tipo": "PCH",
        "pais": "Brasil",
        "fonte": "ANEEL,jun/2025",
        "pot_mw": 16.4,
        "leyenda": "liberado para la construción",
        "institucio": "ISA",
        "limraisg": "s",
        "amzbiog": "n",
        "empresa": null,
        "nombre": "Zacarias",
        "estagio": "Eixo Disponível"
      },
      "geometry": {
        "type": "Point",
        "coordinates": [-47.765644443999975, -10.840288888999964, 0.0]
      }
    },
    {
      "type": "Feature",
      "properties": {
        "id_geo": "56699891379642",
        "tipo": "PCH",
        "pais": "Brasil",
        "fonte": "ANEEL,jun/2025",
        "pot_mw": 28.0,
        "leyenda": "en operación",
        "institucio": "ISA",
        "limraisg": "s",
        "amzbiog": "s",
        "empresa": "Hidroelétrica Rio Claro Ltda.",
        "nombre": "Rio Claro (Antiga Perdidos)",
        "estagio": "Operação"
      },
      "geometry": {
        "type": "Point",
        "coordinates": [-56.699894443999938, -13.796422221999933, 0.0]
      }
    },
    {
      "type": "Feature",
      "properties": {
        "id_geo": "54075191522349",
        "tipo": "PCH",
        "pais": "Brasil",
        "fonte": "ANEEL,jun/2025",
        "pot_mw": 18.0,
        "leyenda": "en proyecto",
        "institucio": "ISA",
        "limraisg": "s",
        "amzbiog": "n",
        "empresa": "Hidroelétrica Geóloga Lucimar Gomes Ltda.",
        "nombre": "Geóloga Lucimar Gomes",
        "estagio": "DRS"
      },
      "geometry": {
        "type": "Point",
        "coordinates": [-54.075194443999976, -15.223494443999982, 0.0]
      }
    },
    {
      "type": "Feature",
      "properties": {
        "id_geo": "58913291290402",
        "tipo": "PCH",
        "pais": "Brasil",
        "fonte": "ANEEL,jun/2025",
        "pot_mw": 13.0,
        "leyenda": "en operación",
        "institucio": "ISA",
        "limraisg": "s",
        "amzbiog": "n",
        "empresa": "Rondon Energia S.A.",
        "nombre": "Rondon",
        "estagio": "Operação"
      },
      "geometry": {
        "type": "Point",
        "coordinates": [-58.913290830999983, -12.904022502999965, 0.0]
      }
    },
    {
      "type": "Feature",
      "properties": {
        "id_geo": "57260551343138",
        "tipo": "PCH",
        "pais": "Brasil",
        "fonte": "ANEEL,jun/2025",
        "pot_mw": 13.8,
        "leyenda": "liberado para la construción",
        "institucio": "ISA",
        "limraisg": "s",
        "amzbiog": "s",
        "empresa": null,
        "nombre": "Andorinha",
        "estagio": "Eixo Disponível"
      },
      "geometry": {
        "type": "Point",
        "coordinates": [-57.260555555999986, -13.431388888999948, 0.0]
      }
    },
    {
      "type": "Feature",
      "properties": {
        "id_geo": "53829141672920",
        "tipo": "PCH",
        "pais": "Brasil",
        "fonte": "ANEEL,jun/2025",
        "pot_mw": 8.75,
        "leyenda": "en proyecto",
        "institucio": "ISA",
        "limraisg": "s",
        "amzbiog": "n",
        "empresa": "Bom Jesus Agropecuária Ltda.",
        "nombre": "Bom Jesus",
        "estagio": "DRS"
      },
      "geometry": {
        "type": "Point",
        "coordinates": [-53.829147224999986, -16.72920832799997, 0.0]
      }
    },
    {
      "type": "Feature",
      "properties": {
        "id_geo": "47924721429777",
        "tipo": "UHE",
        "pais": "Brasil",
        "fonte": "ANEEL,jun/2025",
        "pot_mw": 106.0,
        "leyenda": "planeada",
        "institucio": "ISA",
        "limraisg": "s",
        "amzbiog": "n",
        "empresa": "Rialma Administração e Participações S.A.",
        "nombre": "Mirador",
        "estagio": "EVTE em elaboração"
      },
      "geometry": {
        "type": "Point",
        "coordinates": [-47.924722221999957, -14.297777777999954, 0.0]
      }
    },
    {
      "type": "Feature",
      "properties": {
        "id_geo": "51266662399999",
        "tipo": "PCH",
        "pais": "Brasil",
        "fonte": "ANEEL,jun/2025",
        "pot_mw": 5.2,
        "leyenda": "liberado para la construción",
        "institucio": "ISA",
        "limraisg": "s",
        "amzbiog": "s",
        "empresa": null,
        "nombre": "Carnot",
        "estagio": "Eixo Disponível"
      },
      "geometry": {
        "type": "Point",
        "coordinates": [-51.266666666999981, 2.4, 0.0]
      }
    },
    {
      "type": "Feature",
      "properties": {
        "id_geo": "47789211178602",
        "tipo": "PCH",
        "pais": "Brasil",
        "fonte": "ANEEL,jun/2025",
        "pot_mw": 14.0,
        "leyenda": "liberado para la construción",
        "institucio": "ISA",
        "limraisg": "s",
        "amzbiog": "n",
        "empresa": null,
        "nombre": "Conquista",
        "estagio": "Eixo Disponível"
      },
      "geometry": {
        "type": "Point",
        "coordinates": [-47.789214558999959, -11.786027777999948, 0.0]
      }
    },
    {
      "type": "Feature",
      "properties": {
        "id_geo": "57818741442050",
        "tipo": "PCH",
        "pais": "Brasil",
        "fonte": "ANEEL,jun/2025",
        "pot_mw": 9.11,
        "leyenda": "en operación",
        "institucio": "ISA",
        "limraisg": "s",
        "amzbiog": "n",
        "empresa": "Recanto Energética SPE S.A.",
        "nombre": "Recanto",
        "estagio": "Operação"
      },
      "geometry": {
        "type": "Point",
        "coordinates": [-57.818749081999954, -14.420500018999974, 0.0]
      }
    },
    {
      "type": "Feature",
      "properties": {
        "id_geo": "59682977128748",
        "tipo": "PCH",
        "pais": "Brasil",
        "fonte": "ANEEL,jun/2025",
        "pot_mw": 13.4,
        "leyenda": "liberado para la construción",
        "institucio": "ISA",
        "limraisg": "s",
        "amzbiog": "s",
        "empresa": null,
        "nombre": "J4",
        "estagio": "Eixo Disponibilizado"
      },
      "geometry": {
        "type": "Point",
        "coordinates": [-59.682974368999965, -7.128748736999967, 0.0]
      }
    },
    {
      "type": "Feature",
      "properties": {
        "id_geo": "55115271600333",
        "tipo": "PCH",
        "pais": "Brasil",
        "fonte": "ANEEL,jun/2025",
        "pot_mw": 6.0,
        "leyenda": "en operación",
        "institucio": "ISA",
        "limraisg": "s",
        "amzbiog": "n",
        "empresa": "Hidrelétrica Pequi S.A.",
        "nombre": "Pequi",
        "estagio": "Operação"
      },
      "geometry": {
        "type": "Point",
        "coordinates": [-55.11527777799995, -16.003333332999944, 0.0]
      }
    },
    {
      "type": "Feature",
      "properties": {
        "id_geo": "58274721527827",
        "tipo": "PCH",
        "pais": "Brasil",
        "fonte": "ANEEL,jun/2025",
        "pot_mw": 10.5,
        "leyenda": "liberado para la construción",
        "institucio": "ISA",
        "limraisg": "s",
        "amzbiog": "s",
        "empresa": null,
        "nombre": "Cabaçal 2",
        "estagio": "Eixo Disponível"
      },
      "geometry": {
        "type": "Point",
        "coordinates": [-58.27472222199998, -15.278277777999961, 0.0]
      }
    },
    {
      "type": "Feature",
      "properties": {
        "id_geo": "61187491227122",
        "tipo": "PCH",
        "pais": "Brasil",
        "fonte": "ANEEL,jun/2025",
        "pot_mw": 7.0,
        "leyenda": "en operación",
        "institucio": "ISA",
        "limraisg": "s",
        "amzbiog": "s",
        "empresa": "Centrais Elétricas Cesar Filho Ltda.",
        "nombre": "Cesar Filho",
        "estagio": "Operação"
      },
      "geometry": {
        "type": "Point",
        "coordinates": [-61.1875, -12.271225, 0.0]
      }
    },
    {
      "type": "Feature",
      "properties": {
        "id_geo": "57391661360416",
        "tipo": "PCH",
        "pais": "Brasil",
        "fonte": "ANEEL,jun/2025",
        "pot_mw": 29.7,
        "leyenda": "planeada",
        "institucio": "ISA",
        "limraisg": "s",
        "amzbiog": "n",
        "empresa": "Zarwal de Participação Ltda.",
        "nombre": "Matrinchã",
        "estagio": "Construção não iniciada"
      },
      "geometry": {
        "type": "Point",
        "coordinates": [-57.391666666999981, -13.604166666999959, 0.0]
      }
    },
    {
      "type": "Feature",
      "properties": {
        "id_geo": "77680791941880",
        "tipo": "UHE",
        "pais": "Ecuador",
        "fonte": "CELEC2024",
        "pot_mw": 1500.0,
        "leyenda": "en construcción",
        "institucio": "ECOCIENCIA",
        "limraisg": "s",
        "amzbiog": "s",
        "empresa": "CELEC",
        "nombre": "Coca Codo Sinclair",
        "estagio": "en construcción"
      },
      "geometry": {
        "type": "Point",
        "coordinates": [-77.680799096999976, -0.194188729999951, 0.0]
      }
    },
    {
      "type": "Feature",
      "properties": {
        "id_geo": "78462652587223",
        "tipo": "UHE",
        "pais": "Ecuador",
        "fonte": "CELEC2024",
        "pot_mw": 487.0,
        "leyenda": "en operación",
        "institucio": "ECOCIENCIA",
        "limraisg": "s",
        "amzbiog": "n",
        "empresa": "CELEC",
        "nombre": "Paute - Sopladora",
        "estagio": "en operación"
      },
      "geometry": {
        "type": "Point",
        "coordinates": [-78.462651167, -2.587223151999979, 0.0]
      }
    },
    {
      "type": "Feature",
      "properties": {
        "id_geo": "78433422597105",
        "tipo": "UHE",
        "pais": "Ecuador",
        "fonte": "CELEC2024",
        "pot_mw": 588.3,
        "leyenda": "en construcción",
        "institucio": "ECOCIENCIA",
        "limraisg": "s",
        "amzbiog": "n",
        "empresa": "CELEC",
        "nombre": "Paute - Cardenillo",
        "estagio": "en construcción"
      },
      "geometry": {
        "type": "Point",
        "coordinates": [-78.433423784999945, -2.597105846999966, 0.0]
      }
    },
    {
      "type": "Feature",
      "properties": {
        "id_geo": "79014953984233",
        "tipo": "UHE",
        "pais": "Ecuador",
        "fonte": "CELEC2024",
        "pot_mw": 180.0,
        "leyenda": "en operación",
        "institucio": "ECOCIENCIA",
        "limraisg": "s",
        "amzbiog": "n",
        "empresa": "CELEC",
        "nombre": "Delsitanisagua",
        "estagio": "en operación"
      },
      "geometry": {
        "type": "Point",
        "coordinates": [-79.01495049, -3.984233564999954, 0.0]
      }
    },
    {
      "type": "Feature",
      "properties": {
        "id_geo": "77995229931760",
        "tipo": "UHE",
        "pais": "Ecuador",
        "fonte": "CELEC2024",
        "pot_mw": 1172.0,
        "leyenda": "en construcción",
        "institucio": "ECOCIENCIA",
        "limraisg": "s",
        "amzbiog": "s",
        "empresa": "CELEC",
        "nombre": "Verdeyacu Chico",
        "estagio": "en construcción"
      },
      "geometry": {
        "type": "Point",
        "coordinates": [-77.995225318999985, -0.993176572999971, 0.0]
      }
    },
    {
      "type": "Feature",
      "properties": {
        "id_geo": "78039211076435",
        "tipo": "UHE",
        "pais": "Ecuador",
        "fonte": "CELEC2024",
        "pot_mw": 748.3,
        "leyenda": "en construcción",
        "institucio": "ECOCIENCIA",
        "limraisg": "s",
        "amzbiog": "s",
        "empresa": "CELEC",
        "nombre": "Catachi",
        "estagio": "en construcción"
      },
      "geometry": {
        "type": "Point",
        "coordinates": [-78.039211156999954, -1.076435871999934, 0.0]
      }
    },
    {
      "type": "Feature",
      "properties": {
        "id_geo": "78099818500060",
        "tipo": "UHE",
        "pais": "Ecuador",
        "fonte": "CELEC2024",
        "pot_mw": 269.8,
        "leyenda": "en construcción",
        "institucio": "ECOCIENCIA",
        "limraisg": "s",
        "amzbiog": "n",
        "empresa": "CELEC",
        "nombre": "Cedroyacu",
        "estagio": "en construcción"
      },
      "geometry": {
        "type": "Point",
        "coordinates": [-78.099818724999977, -0.850006149999956, 0.0]
      }
    },
    {
      "type": "Feature",
      "properties": {
        "id_geo": "79039833951980",
        "tipo": "UHE",
        "pais": "Ecuador",
        "fonte": "CELEC2024",
        "pot_mw": 260.8,
        "leyenda": "en construcción",
        "institucio": "ECOCIENCIA",
        "limraisg": "s",
        "amzbiog": "n",
        "empresa": "CELEC",
        "nombre": "El Retorno",
        "estagio": "en construcción"
      },
      "geometry": {
        "type": "Point",
        "coordinates": [-79.03983746199998, -3.95198096799993, 0.0]
      }
    },
    {
      "type": "Feature",
      "properties": {
        "id_geo": "78256522918292",
        "tipo": "UHE",
        "pais": "Ecuador",
        "fonte": "CELEC2024",
        "pot_mw": 1039.0,
        "leyenda": "en construcción",
        "institucio": "ECOCIENCIA",
        "limraisg": "s",
        "amzbiog": "s",
        "empresa": "CELEC",
        "nombre": "Naiza",
        "estagio": "en construcción"
      },
      "geometry": {
        "type": "Point",
        "coordinates": [-78.256528781999975, -2.918292604999976, 0.0]
      }
    },
    {
      "type": "Feature",
      "properties": {
        "id_geo": "78436653186015",
        "tipo": "UHE",
        "pais": "Ecuador",
        "fonte": "CELEC2024",
        "pot_mw": 800.0,
        "leyenda": "en construcción",
        "institucio": "ECOCIENCIA",
        "limraisg": "s",
        "amzbiog": "s",
        "empresa": "CELEC",
        "nombre": "Gualaquiza",
        "estagio": "en construcción"
      },
      "geometry": {
        "type": "Point",
        "coordinates": [-78.436656773999971, -3.186015963999978, 0.0]
      }
    },
    {
      "type": "Feature",
      "properties": {
        "id_geo": "78250707025810",
        "tipo": "UHE",
        "pais": "Ecuador",
        "fonte": "CELEC2024",
        "pot_mw": 160.0,
        "leyenda": "en construcción",
        "institucio": "ECOCIENCIA",
        "limraisg": "s",
        "amzbiog": "n",
        "empresa": "CELEC",
        "nombre": "Rios Orientales",
        "estagio": "en construcción"
      },
      "geometry": {
        "type": "Point",
        "coordinates": [-78.250709986999937, -0.702581246999955, 0.0]
      }
    },
    {
      "type": "Feature",
      "properties": {
        "id_geo": "78488563680259",
        "tipo": "UHE",
        "pais": "Ecuador",
        "fonte": "CELEC2024",
        "pot_mw": 129.0,
        "leyenda": "en construcción",
        "institucio": "ECOCIENCIA",
        "limraisg": "s",
        "amzbiog": "s",
        "empresa": "CELEC",
        "nombre": "Santa Cruz",
        "estagio": "en construcción"
      },
      "geometry": {
        "type": "Point",
        "coordinates": [-78.48856361199995, -3.680259185999944, 0.0]
      }
    },
    {
      "type": "Feature",
      "properties": {
        "id_geo": "78217983019417",
        "tipo": "UHE",
        "pais": "Ecuador",
        "fonte": "CELEC2024",
        "pot_mw": 3600.0,
        "leyenda": "en construcción",
        "institucio": "ECOCIENCIA",
        "limraisg": "s",
        "amzbiog": "s",
        "empresa": "CELEC",
        "nombre": "Zamora Santiago G8",
        "estagio": "en construcción"
      },
      "geometry": {
        "type": "Point",
        "coordinates": [-78.217982293999967, -3.019417254999951, 0.0]
      }
    },
    {
      "type": "Feature",
      "properties": {
        "id_geo": null,
        "tipo": "UHE",
        "pais": "Ecuador",
        "fonte": "CELEC2024",
        "pot_mw": 160.0,
        "leyenda": "planeada",
        "institucio": "ECOCIENCIA",
        "limraisg": "s",
        "amzbiog": "n",
        "empresa": "CELEC-Hidroagoyán",
        "nombre": "Agoyán",
        "estagio": "planificada"
      },
      "geometry": {
        "type": "Point",
        "coordinates": [-78.361482295999963, -1.397190312999953, 0.0]
      }
    },
    {
      "type": "Feature",
      "properties": {
        "id_geo": null,
        "tipo": "UHE",
        "pais": "Ecuador",
        "fonte": "CELEC2024",
        "pot_mw": 230.0,
        "leyenda": "planeada",
        "institucio": "ECOCIENCIA",
        "limraisg": "s",
        "amzbiog": "n",
        "empresa": "CELEC-Hidroagoyán",
        "nombre": "San Francisco",
        "estagio": "planificada"
      },
      "geometry": {
        "type": "Point",
        "coordinates": [-78.270520906999934, -1.412890802999925, 0.0]
      }
    },
    {
      "type": "Feature",
      "properties": {
        "id_geo": null,
        "tipo": "UHE",
        "pais": "Ecuador",
        "fonte": "CELEC2024",
        "pot_mw": 183.66,
        "leyenda": "planeada",
        "institucio": "ECOCIENCIA",
        "limraisg": "s",
        "amzbiog": "n",
        "empresa": "CELEC-Hidropaute",
        "nombre": "Mazar",
        "estagio": "planificada"
      },
      "geometry": {
        "type": "Point",
        "coordinates": [-78.616851376999989, -2.630089554999927, 0.0]
      }
    },
    {
      "type": "Feature",
      "properties": {
        "id_geo": null,
        "tipo": "UHE",
        "pais": "Ecuador",
        "fonte": "CELEC2024",
        "pot_mw": 1500.0,
        "leyenda": "planeada",
        "institucio": "ECOCIENCIA",
        "limraisg": "s",
        "amzbiog": "s",
        "empresa": "CELEC",
        "nombre": "Coca Codo Sinclair",
        "estagio": "planificada"
      },
      "geometry": {
        "type": "Point",
        "coordinates": [-77.460194133999948, -0.133550019999973, 0.0]
      }
    }
  ]
}
